user_id,age,gender,country,post_id,post_type,post_category,likes,comments,shares,watch_time_sec,impression_count,posted_at,follower_count,is_verified,device_type,sentiment,hashtags,engagement_rate,hashtag_count,engagement_score,year,month,month_name,day_of_week,country_avg_impressions,age_group
25795,43.0,female,brazil,496713,image,fitness,7011.0,354.0,1157.0,5726,44650,2022-12-17,81734,False,mobile,negative,#foodie #travel #love,0.190862262,3,8522.0,2022,12,December,Saturday,49193.1746031746,36–45
10860,33.0,male,brazil,157326,reel,food,11750.0,2606.0,1807.0,5947,80216,2023-06-02,5963,False,mobile,negative,#fitness,0.201493468,1,16163.0,2023,6,June,Friday,49193.1746031746,26–35
86820,32.0,female,uk,109864,text,food,4862.0,344.0,955.0,6946,44858,2023-05-07,501783,False,tablet,positive,#foodie,0.137344509,1,6161.0,2023,5,May,Sunday,51119.39350912779,26–35
64886,51.0,other,france,848877,text,fitness,5350.0,1083.0,1049.0,229,70455,2023-02-12,480212,False,mobile,negative,#music #foodie #fun,0.106195444,3,7482.0,2023,2,February,Sunday,51727.67338709677,46–55
16265,34.0,other,uk,449706,image,fitness,12682.0,2735.0,1300.0,4798,6019,2023-05-23,383936,False,mobile,negative,#travel,2.777371656,1,16717.0,2023,5,May,Tuesday,51119.39350912779,26–35
92386,16.0,other,canada,174310,video,tech,12535.0,1790.0,99.0,1427,24893,2023-09-16,684761,False,desktop,positive,#fitness,0.579440003,1,14424.0,2023,9,September,Saturday,48703.150097465885,Under 18
47194,25.0,male,japan,481598,video,travel,11703.0,2276.0,1465.0,6287,96327,2022-04-15,519759,True,tablet,negative,#music,0.16032888,1,15444.0,2022,4,April,Friday,49616.13559322034,18–25
97498,57.0,female,canada,343415,image,travel,9611.0,146.0,424.0,1699,68446,2023-12-20,698739,False,desktop,neutral,#travel #music #fitness,0.148744996,3,10181.0,2023,12,December,Wednesday,48703.150097465885,56+
54131,54.0,female,uk,907449,image,fashion,10105.5,2379.0,1897.0,5650,36283,2023-07-06,615809,True,desktop,negative,#music #fun #fitness,0.533913954,3,14381.5,2023,7,July,Thursday,51119.39350912779,46–55
70263,62.0,female,australia,495037,video,lifestyle,14106.0,2480.0,1053.0,3969,87972,2022-11-16,452146,False,tablet,neutral,#lifestyle #love,0.200506979,2,17639.0,2022,11,November,Wednesday,48346.38336713996,56+
26023,61.0,male,france,674625,image,education,355.0,398.0,1668.0,6211,54685,2022-02-15,557276,False,tablet,negative,#tech,0.044271738,1,2421.0,2022,2,February,Tuesday,51727.67338709677,56+
51090,32.0,male,australia,538701,image,travel,19856.0,1723.0,905.0,3065,1816,2022-08-29,365517,False,desktop,positive,#fun #fashion #love,12.38105727,3,22484.0,2022,8,August,Monday,48346.38336713996,26–35
77221,64.0,male,canada,183557,text,music,8432.0,2883.0,495.0,2145,89917,2022-09-27,413874,False,desktop,positive,#fitness,0.13134335,1,11810.0,2022,9,September,Tuesday,48703.150097465885,56+
74820,25.0,male,brazil,287460,text,fashion,15700.0,1434.0,1886.0,6,389,2023-10-29,51929,False,desktop,positive,#foodie #lifestyle,48.89460154,2,19020.0,2023,10,October,Sunday,49193.1746031746,18–25
10769,29.0,other,canada,110372,image,fashion,13850.0,586.0,650.0,6958,4797,2023-09-20,374227,False,tablet,positive,#foodie #fashion,3.144882218,2,15086.0,2023,9,September,Wednesday,48703.150097465885,26–35
69735,48.0,male,india,599900,image,food,17238.0,2646.0,997.0,4272,48199,2022-02-06,455102,False,desktop,positive,#lifestyle #love,0.433224756,2,20881.0,2022,2,February,Sunday,52462.38691588785,46–55
72955,45.0,male,uae,200050,reel,food,11935.0,1294.0,1214.0,1229,92955,2022-07-24,67694,False,desktop,positive,#reels,0.155376257,1,14443.0,2022,7,July,Sunday,48928.41351888668,36–45
74925,13.0,male,germany,980370,text,lifestyle,6704.0,2804.0,1012.0,4394,63141,2023-05-01,212134,False,mobile,positive,#foodie #fun #lifestyle,0.181086774,3,10520.0,2023,5,May,Monday,48605.40612244898,Under 18
77969,27.0,female,india,433477,image,tech,15379.0,2393.0,1210.0,1823,66245,2022-04-20,63347,False,mobile,positive,#love #fashion #fitness,0.286542381,3,18982.0,2022,4,April,Wednesday,52462.38691588785,26–35
15311,25.0,female,uk,378427,reel,music,9252.0,1542.0,139.0,3984,2453,2023-05-01,337580,False,mobile,negative,#foodie #travel #fitness,4.456991439,3,10933.0,2023,5,May,Monday,51119.39350912779,18–25
93104,29.0,female,usa,140857,reel,fitness,8573.0,1804.0,319.0,2276,17019,2022-11-14,665397,False,mobile,positive,#foodie #fitness,0.628474058,2,10696.0,2022,11,November,Monday,51263.87225548902,26–35
63707,36.0,other,australia,938204,reel,fitness,1132.0,2035.0,1914.0,2943,85311,2023-08-15,694794,False,mobile,positive,#fun,0.059558556,1,5081.0,2023,8,August,Tuesday,48346.38336713996,36–45
95305,20.0,other,japan,815030,reel,lifestyle,18860.0,1427.0,1772.0,630,20241,2022-03-17,754110,False,desktop,positive,#reels #fashion,1.089817697,2,22059.0,2022,3,March,Thursday,49616.13559322034,18–25
38693,62.0,male,india,828493,text,fashion,19519.0,737.0,368.0,269,74584,2023-09-02,353109,False,desktop,neutral,#fashion,0.276520433,1,20624.0,2023,9,September,Saturday,52462.38691588785,56+
81932,39.0,female,france,195856,reel,lifestyle,15534.0,1777.0,296.0,4176,72793,2023-05-13,499601,False,tablet,negative,#fitness #love,0.241877653,2,17607.0,2023,5,May,Saturday,51727.67338709677,36–45
35658,57.0,other,australia,524477,text,fitness,11030.0,379.0,1979.0,5791,3949,2023-04-24,281582,False,tablet,neutral,#foodie #tech #fitness,3.390225374,3,13388.0,2023,4,April,Monday,48346.38336713996,56+
94478,35.0,female,india,812514,reel,fashion,2079.0,2468.0,1223.0,7355,40937,2023-01-24,143083,False,tablet,positive,#reels,0.140948286,1,5770.0,2023,1,January,Tuesday,52462.38691588785,26–35
28431,58.0,other,brazil,892539,reel,fitness,944.0,1203.0,795.0,3771,86850,2023-08-11,519435,True,desktop,positive,#love #music,0.033874496,2,2942.0,2023,8,August,Friday,49193.1746031746,56+
12747,20.0,other,germany,322368,video,tech,5840.0,1661.0,1402.0,4915,44951,2023-08-16,728590,False,mobile,neutral,#fashion,0.19806011,1,8903.0,2023,8,August,Wednesday,48605.40612244898,18–25
69150,20.0,male,canada,921993,text,food,6674.0,1306.0,1103.0,500,37198,2022-12-30,195211,False,desktop,neutral,#fitness,0.244179795,1,9083.0,2022,12,December,Friday,48703.150097465885,18–25
75725,38.0,male,canada,307746,video,food,10721.0,2465.0,1470.0,6849,31133,2022-11-05,305030,False,desktop,negative,#fashion,0.470754505,1,14656.0,2022,11,November,Saturday,48703.150097465885,36–45
94654,59.0,other,india,790628,video,fashion,12493.0,355.0,500.0,5606,35863,2022-03-04,637053,False,tablet,positive,#love #foodie,0.372194183,2,13348.0,2022,3,March,Friday,52462.38691588785,56+
45773,25.0,male,uk,524824,reel,lifestyle,11510.0,15.0,258.0,7939,78960,2022-09-24,263286,False,tablet,positive,#lifestyle,0.149227457,1,11783.0,2022,9,September,Saturday,51119.39350912779,18–25
77435,51.0,other,france,637426,text,fitness,834.0,314.0,1636.0,5607,12000,2022-02-02,304622,False,tablet,positive,#fashion #fitness #reels,0.232,3,2784.0,2022,2,February,Wednesday,51727.67338709677,46–55
66886,49.0,other,uk,530909,image,travel,4184.0,2580.0,1567.0,5085,23454,2022-02-09,378379,False,tablet,negative,#reels #tech,0.355205935,2,8331.0,2022,2,February,Wednesday,51119.39350912779,46–55
76803,61.0,female,australia,880985,reel,tech,7178.0,1039.0,1812.0,5597,2314,2023-11-17,171217,False,desktop,neutral,#tech #fitness,4.334053587,2,10029.0,2023,11,November,Friday,48346.38336713996,56+
41551,38.0,male,uae,838360,text,fitness,5168.0,1486.0,1144.0,2750,12440,2022-09-17,562099,False,tablet,neutral,#music #lifestyle #love,0.626848875,3,7798.0,2022,9,September,Saturday,48928.41351888668,36–45
21394,37.0,male,germany,748431,video,education,4991.0,2592.0,1078.0,1312,91421,2022-09-24,396345,False,mobile,neutral,#lifestyle #fun #music,0.094737533,3,8661.0,2022,9,September,Saturday,48605.40612244898,36–45
79092,28.0,male,germany,776608,text,travel,8146.0,693.0,1516.0,2153,16759,2023-10-29,780044,True,desktop,negative,#fitness #tech,0.617876962,2,10355.0,2023,10,October,Sunday,48605.40612244898,26–35
13890,14.0,female,canada,333829,reel,tech,13884.0,68.0,17.0,4736,14787,2023-10-23,42518,False,mobile,positive,#reels #foodie #travel,0.944681139,3,13969.0,2023,10,October,Monday,48703.150097465885,Under 18
51606,30.0,female,germany,905064,text,tech,5290.0,410.0,1332.0,608,6653,2022-08-13,274361,False,desktop,positive,#tech,1.056966782,1,7032.0,2022,8,August,Saturday,48605.40612244898,26–35
90038,29.0,male,uk,147547,video,food,19918.0,2859.0,1903.0,3043,73974,2023-01-18,133257,False,desktop,negative,#tech #fun #foodie,0.333630735,3,24680.0,2023,1,January,Wednesday,51119.39350912779,26–35
97313,42.0,male,france,374244,text,fashion,14844.0,918.0,1656.0,5104,17335,2023-05-13,771262,False,tablet,negative,#fun #reels,1.004788001,2,17418.0,2023,5,May,Saturday,51727.67338709677,36–45
20627,51.0,male,france,410074,text,fitness,18436.0,2894.0,109.0,5695,86543,2023-10-01,620110,False,mobile,negative,#love #music #travel,0.247726564,3,21439.0,2023,10,October,Sunday,51727.67338709677,46–55
18792,25.0,male,canada,307977,video,tech,8151.0,739.0,330.0,1663,74315,2022-01-05,117310,False,desktop,positive,#foodie #music #love,0.124066474,3,9220.0,2022,1,January,Wednesday,48703.150097465885,18–25
83969,44.0,female,india,939457,reel,fitness,28.0,1490.0,1596.0,3294,95708,2023-03-22,545643,False,mobile,neutral,#fashion #foodie #love,0.032536465,3,3114.0,2023,3,March,Wednesday,52462.38691588785,36–45
53001,62.0,female,france,569092,image,tech,18244.0,2486.0,945.0,5924,44243,2022-10-15,512624,False,desktop,neutral,#tech #reels,0.489908008,2,21675.0,2022,10,October,Saturday,51727.67338709677,56+
86552,41.0,other,uk,178944,video,lifestyle,7934.0,2577.0,1287.0,1997,74411,2022-02-27,570760,False,desktop,neutral,#love,0.158551827,1,11798.0,2022,2,February,Sunday,51119.39350912779,36–45
33897,38.0,female,usa,544056,video,music,2572.0,2777.0,267.0,2429,88819,2022-03-13,721632,False,desktop,neutral,#tech #music #foodie,0.063229714,3,5616.0,2022,3,March,Sunday,51263.87225548902,36–45
78148,42.0,other,india,715929,reel,food,15281.0,272.0,434.0,6981,29387,2023-10-29,650505,False,mobile,neutral,#love #music #fitness,0.544016062,3,15987.0,2023,10,October,Sunday,52462.38691588785,36–45
33483,30.0,male,uae,721208,reel,fashion,8051.0,458.0,449.0,6022,69946,2023-11-11,107051,False,desktop,positive,#fashion,0.128070226,1,8958.0,2023,11,November,Saturday,48928.41351888668,26–35
58555,25.0,female,japan,666650,text,travel,2127.0,819.0,296.0,4199,80963,2023-06-25,640796,False,mobile,negative,#music,0.040042983,1,3242.0,2023,6,June,Sunday,49616.13559322034,18–25
27159,55.0,male,brazil,591592,video,travel,10083.0,1196.0,1941.0,2711,24240,2022-03-23,148086,False,mobile,negative,#travel #fashion #reels,0.545379538,3,13220.0,2022,3,March,Wednesday,49193.1746031746,46–55
90077,33.0,male,germany,915042,text,lifestyle,19091.0,2615.0,1662.0,3185,94333,2023-09-10,745744,False,tablet,negative,#foodie,0.24771819,1,23368.0,2023,9,September,Sunday,48605.40612244898,26–35
45920,42.0,male,germany,990766,text,education,10105.5,860.0,1160.0,1531,30757,2022-10-04,143321,False,mobile,neutral,#love #fitness,0.388626979,2,12125.5,2022,10,October,Tuesday,48605.40612244898,36–45
77121,33.0,male,usa,776355,reel,food,15877.0,1973.0,1613.0,6083,59594,2023-06-06,279474,False,desktop,positive,#fitness,0.326593281,1,19463.0,2023,6,June,Tuesday,51263.87225548902,26–35
79479,60.0,female,india,369861,reel,tech,10105.5,1544.0,718.0,5174,14846,2023-07-28,133555,True,desktop,positive,#foodie #lifestyle #reels,0.27448471,3,12367.5,2023,7,July,Friday,52462.38691588785,56+
99475,29.0,male,canada,309939,text,food,12519.0,2544.0,1930.0,4216,71527,2022-05-16,728398,False,desktop,negative,#music,0.237574622,1,16993.0,2022,5,May,Monday,48703.150097465885,26–35
29457,52.0,other,uk,310544,video,fashion,7816.0,794.0,1020.0,7384,88214,2022-04-24,440120,False,desktop,positive,#tech,0.109166345,1,9630.0,2022,4,April,Sunday,51119.39350912779,46–55
76557,31.0,male,usa,688310,video,music,8351.0,804.0,1420.0,3706,90167,2022-06-06,516878,False,mobile,positive,#reels #music #tech,0.117282376,3,10575.0,2022,6,June,Monday,51263.87225548902,26–35
87189,64.0,male,brazil,284740,text,travel,15648.0,1095.0,183.0,3074,49594,2023-01-31,771562,False,tablet,neutral,#music #fun,0.341291285,2,16926.0,2023,1,January,Tuesday,49193.1746031746,56+
88953,27.0,female,france,151645,image,fitness,11234.0,2981.0,411.0,7259,7845,2022-08-17,123386,False,mobile,positive,#music,1.864372212,1,14626.0,2022,8,August,Wednesday,51727.67338709677,26–35
62995,21.0,other,canada,915982,image,travel,8496.0,1890.0,1624.0,4502,1523,2023-09-04,77112,False,desktop,positive,#fitness #love #fun,7.885751806,3,12010.0,2023,9,September,Monday,48703.150097465885,18–25
50757,64.0,male,japan,579367,reel,education,12133.0,839.0,319.0,675,47405,2022-09-12,2189,False,mobile,positive,#fashion #reels #music,0.280371269,3,13291.0,2022,9,September,Monday,49616.13559322034,56+
19692,22.0,other,canada,665156,video,education,8591.0,2682.0,740.0,6584,12159,2022-06-28,159547,False,tablet,positive,#fitness,0.987992434,1,12013.0,2022,6,June,Tuesday,48703.150097465885,18–25
55758,56.0,male,usa,198039,text,education,11712.0,602.0,1599.0,1654,24821,2022-08-17,108929,False,tablet,positive,#foodie,0.560533419,1,13913.0,2022,8,August,Wednesday,51263.87225548902,56+
82409,43.0,other,uae,277452,text,education,6249.0,1497.0,1349.0,4527,79887,2023-01-02,774779,False,tablet,negative,#travel #music,0.129946049,2,9095.0,2023,1,January,Monday,48928.41351888668,36–45
81211,38.0,male,usa,498944,video,fashion,15441.0,1432.0,1590.0,5004,95131,2022-01-31,244696,True,tablet,positive,#lifestyle,0.194079743,1,18463.0,2022,1,January,Monday,51263.87225548902,36–45
75697,64.0,female,usa,394944,reel,tech,6485.0,1833.0,804.0,4156,72283,2022-04-18,565611,True,tablet,negative,#travel,0.126198415,1,9122.0,2022,4,April,Monday,51263.87225548902,56+
47065,42.0,male,usa,635174,reel,food,9177.0,366.0,416.0,6869,34779,2022-10-09,330379,False,mobile,positive,#travel,0.286350959,1,9959.0,2022,10,October,Sunday,51263.87225548902,36–45
42606,45.0,female,canada,572830,image,travel,1805.0,255.0,1816.0,3544,97995,2023-09-13,501651,False,tablet,positive,#foodie,0.039553038,1,3876.0,2023,9,September,Wednesday,48703.150097465885,36–45
21534,64.0,male,usa,300981,video,education,2096.0,2487.0,881.0,5366,63738,2023-01-25,578579,False,tablet,neutral,#fashion,0.085725941,1,5464.0,2023,1,January,Wednesday,51263.87225548902,56+
50397,21.0,male,india,278308,video,travel,12493.0,1358.0,790.0,3818,28377,2023-06-25,39871,False,desktop,positive,#music,0.515946013,1,14641.0,2023,6,June,Sunday,52462.38691588785,18–25
11016,59.0,other,canada,670093,text,education,5337.0,2482.0,1723.0,7082,66975,2023-06-13,507330,False,tablet,neutral,#love,0.142471071,1,9542.0,2023,6,June,Tuesday,48703.150097465885,56+
99789,13.0,other,france,918964,video,fitness,16035.0,689.0,1975.0,7012,14864,2023-02-08,305762,False,mobile,neutral,#reels #fitness #tech,1.25800592,3,18699.0,2023,2,February,Wednesday,51727.67338709677,Under 18
65591,56.0,other,india,212765,image,food,17843.0,307.0,1726.0,3443,72082,2022-06-19,458375,False,desktop,positive,#lifestyle #reels #fitness,0.275741517,3,19876.0,2022,6,June,Sunday,52462.38691588785,56+
99812,47.0,male,brazil,128688,video,fitness,9537.0,2035.0,1927.0,7456,16981,2022-06-24,428566,False,mobile,neutral,#fun #fitness,0.794947294,2,13499.0,2022,6,June,Friday,49193.1746031746,46–55
33247,23.0,male,france,385233,text,fitness,8422.0,1696.0,1808.0,5709,76776,2022-03-15,17089,False,desktop,positive,#foodie,0.155335001,1,11926.0,2022,3,March,Tuesday,51727.67338709677,18–25
34300,46.0,male,japan,549158,image,education,3782.0,408.0,1630.0,1047,50042,2023-03-30,331448,False,tablet,positive,#fun #fashion #lifestyle,0.116302306,3,5820.0,2023,3,March,Thursday,49616.13559322034,46–55
84065,28.0,female,germany,657873,text,music,13798.0,825.0,89.0,2453,8301,2023-05-24,217024,False,mobile,negative,#reels #travel,1.772316588,2,14712.0,2023,5,May,Wednesday,48605.40612244898,26–35
92798,21.0,female,canada,814364,video,tech,10105.5,1191.0,758.0,1331,24668,2022-08-28,445092,False,desktop,positive,#foodie #travel #fun,0.88507378,3,12054.5,2022,8,August,Sunday,48703.150097465885,18–25
19268,44.0,male,germany,350322,reel,travel,9074.0,2134.0,1464.0,4082,31430,2022-04-06,204102,False,mobile,positive,#fashion #foodie #fitness,0.403181674,3,12672.0,2022,4,April,Wednesday,48605.40612244898,36–45
96807,27.0,other,canada,350483,video,music,6419.0,2050.0,1012.0,2660,2916,2023-05-29,204524,False,desktop,positive,#fitness,3.280864198,1,9481.0,2023,5,May,Monday,48703.150097465885,26–35
22185,24.0,other,france,102438,video,lifestyle,8624.0,2419.0,573.0,7539,33194,2022-07-21,561121,False,tablet,negative,#reels #tech #fun,0.349942761,3,11616.0,2022,7,July,Thursday,51727.67338709677,18–25
73704,45.0,other,japan,455239,text,food,7889.0,1497.0,1757.0,7930,93778,2022-02-06,677770,False,mobile,neutral,#love,0.119399006,1,11143.0,2022,2,February,Sunday,49616.13559322034,36–45
96779,57.0,male,uk,516428,reel,music,10455.0,2689.0,1290.0,7802,82902,2022-04-01,573690,False,mobile,positive,#fitness #foodie,0.174109189,2,14434.0,2022,4,April,Friday,51119.39350912779,56+
49099,26.0,other,uk,805722,video,tech,14432.0,97.0,962.0,2262,18155,2022-08-21,6661,False,mobile,positive,#music #foodie,0.853263564,2,15491.0,2022,8,August,Sunday,51119.39350912779,26–35
18571,20.0,male,india,565393,image,lifestyle,11194.0,2717.0,935.0,4357,90949,2023-10-21,29155,False,tablet,neutral,#music,0.16323434,1,14846.0,2023,10,October,Saturday,52462.38691588785,18–25
48044,20.0,female,usa,248055,image,tech,10105.5,1774.0,1959.0,7058,18658,2022-09-10,699433,False,tablet,positive,#foodie,1.17558152,1,13838.5,2022,9,September,Saturday,51263.87225548902,18–25
61214,39.0,other,usa,900458,text,music,7570.0,1545.0,1656.0,7513,5335,2023-01-06,623717,False,desktop,positive,#tech,2.018931584,1,10771.0,2023,1,January,Friday,51263.87225548902,36–45
71228,24.0,female,uk,482312,text,education,617.0,320.0,1335.0,5532,99327,2023-12-25,378630,False,mobile,negative,#reels #lifestyle,0.022873942,2,2272.0,2023,12,December,Monday,51119.39350912779,18–25
58984,13.0,other,france,937430,reel,education,12684.0,533.0,1012.0,6266,16261,2023-03-20,427509,False,desktop,positive,#fun,0.926203801,1,14229.0,2023,3,March,Monday,51727.67338709677,Under 18
50774,55.0,male,japan,617951,text,tech,8509.0,2867.0,1876.0,763,53518,2023-03-17,367443,False,desktop,positive,#tech,0.247617624,1,13252.0,2023,3,March,Friday,49616.13559322034,46–55
12568,52.0,male,india,943445,reel,music,14717.0,2414.0,1506.0,2367,14647,2022-03-05,128255,False,tablet,neutral,#travel #fun,1.272410733,2,18637.0,2022,3,March,Saturday,52462.38691588785,46–55
72592,54.0,male,france,151039,video,fashion,6285.0,1207.0,1051.0,3408,90132,2022-01-05,44423,False,mobile,positive,#reels #love,0.094783207,2,8543.0,2022,1,January,Wednesday,51727.67338709677,46–55
77563,63.0,male,usa,805191,image,fashion,456.0,416.0,1365.0,6301,31008,2023-10-20,472429,False,tablet,neutral,#music #reels,0.072142673,2,2237.0,2023,10,October,Friday,51263.87225548902,56+
12695,23.0,other,india,578388,image,tech,500.0,2776.0,425.0,7494,46669,2022-03-13,684217,True,mobile,neutral,#fitness,0.079303178,1,3701.0,2022,3,March,Sunday,52462.38691588785,18–25
58190,51.0,female,germany,789963,image,fashion,18699.0,1237.0,882.0,1684,97288,2023-02-01,765052,False,desktop,positive,#fitness #travel,0.213983225,2,20818.0,2023,2,February,Wednesday,48605.40612244898,46–55
15258,55.0,male,australia,730734,text,food,3874.0,847.0,1837.0,5184,54359,2023-09-09,498,False,tablet,negative,#music #travel #fashion,0.120642396,3,6558.0,2023,9,September,Saturday,48346.38336713996,46–55
97538,43.0,other,brazil,984884,text,travel,4973.0,669.0,785.0,4464,56121,2022-11-26,655478,False,tablet,neutral,#travel,0.114520411,1,6427.0,2022,11,November,Saturday,49193.1746031746,36–45
49504,29.0,female,india,506321,video,lifestyle,4774.0,1943.0,534.0,869,74981,2023-07-02,351210,True,mobile,negative,#reels #music #tech,0.096704498,3,7251.0,2023,7,July,Sunday,52462.38691588785,26–35
43159,45.0,male,usa,331120,text,education,15519.0,2180.0,1433.0,5123,2170,2022-05-27,791390,False,desktop,neutral,#music,8.816589862,1,19132.0,2022,5,May,Friday,51263.87225548902,36–45
23986,38.0,female,france,429326,reel,food,14349.0,2100.0,1634.0,2733,89366,2023-02-19,793851,False,tablet,positive,#tech,0.202347649,1,18083.0,2023,2,February,Sunday,51727.67338709677,36–45
71858,41.0,male,germany,676435,image,travel,17387.0,740.0,284.0,7815,72180,2022-12-15,373800,False,desktop,neutral,#lifestyle,0.255070657,1,18411.0,2022,12,December,Thursday,48605.40612244898,36–45
22666,33.0,female,brazil,876691,video,fashion,17450.0,2742.0,1843.0,913,33788,2022-12-31,509144,False,tablet,positive,#fitness,0.652154611,1,22035.0,2022,12,December,Saturday,49193.1746031746,26–35
48660,33.0,female,brazil,699688,reel,lifestyle,13622.0,22.0,621.0,5875,46711,2023-02-20,558846,False,tablet,neutral,#foodie #fitness,0.305388452,2,14265.0,2023,2,February,Monday,49193.1746031746,26–35
13561,52.0,male,india,670722,reel,food,4716.0,1654.0,1738.0,3131,22956,2023-09-17,749254,False,tablet,negative,#lifestyle #travel #foodie,0.353197421,3,8108.0,2023,9,September,Sunday,52462.38691588785,46–55
36854,35.0,other,brazil,126515,text,fitness,9820.0,459.0,1129.0,7212,47674,2023-05-22,550933,False,desktop,positive,#lifestyle #music,0.239291857,2,11408.0,2023,5,May,Monday,49193.1746031746,26–35
74505,18.0,female,germany,320370,text,education,16087.0,649.0,503.0,6727,17927,2023-06-07,380074,False,desktop,positive,#love #fitness,0.961622134,2,17239.0,2023,6,June,Wednesday,48605.40612244898,Under 18
62251,34.0,male,japan,682289,image,tech,13302.0,481.0,45.0,1630,12799,2023-12-07,167782,False,desktop,positive,#fashion #fitness #love,1.080396906,3,13828.0,2023,12,December,Thursday,49616.13559322034,26–35
32662,62.0,female,france,813757,video,education,3234.0,119.0,1792.0,542,83795,2022-09-07,210910,False,desktop,negative,#tech #love,0.061399845,2,5145.0,2022,9,September,Wednesday,51727.67338709677,56+
18392,50.0,female,india,816775,reel,travel,6494.0,672.0,1470.0,2203,73856,2022-09-06,254098,False,desktop,positive,#fashion #foodie,0.116930243,2,8636.0,2022,9,September,Tuesday,52462.38691588785,46–55
40535,49.0,other,brazil,471735,text,travel,14239.0,2255.0,1167.0,2935,18776,2022-12-17,569770,False,desktop,neutral,#reels,0.94061568,1,17661.0,2022,12,December,Saturday,49193.1746031746,46–55
88603,57.0,female,japan,324215,text,fitness,4498.0,1884.0,536.0,751,3803,2022-09-26,321052,False,desktop,positive,#lifestyle #foodie #music,1.819090192,3,6918.0,2022,9,September,Monday,49616.13559322034,56+
62256,63.0,male,france,932210,video,fitness,11430.0,317.0,61.0,2111,97293,2023-03-24,104397,False,mobile,positive,#fitness #music #love,0.12136536,3,11808.0,2023,3,March,Friday,51727.67338709677,56+
99135,20.0,male,canada,786301,video,tech,5267.0,2385.0,1765.0,420,33693,2022-03-24,574566,False,desktop,negative,#fashion,0.279494257,1,9417.0,2022,3,March,Thursday,48703.150097465885,18–25
45222,53.0,male,japan,590073,text,fashion,12546.0,2202.0,1105.0,2370,81647,2023-06-25,617502,False,desktop,neutral,#fitness,0.194165125,1,15853.0,2023,6,June,Sunday,49616.13559322034,46–55
87373,61.0,other,canada,720137,text,education,3669.0,867.0,335.0,7276,95391,2023-02-11,162172,False,mobile,positive,#love #tech,0.051063518,2,4871.0,2023,2,February,Saturday,48703.150097465885,56+
89575,47.0,female,canada,989515,image,food,9657.0,393.0,210.0,1486,24814,2022-12-05,778649,False,mobile,positive,#music #love,0.413476263,2,10260.0,2022,12,December,Monday,48703.150097465885,46–55
94651,63.0,female,japan,534171,video,music,10105.5,2552.0,399.0,5699,86472,2022-03-21,100750,False,desktop,positive,#music #travel #love,0.056804515,3,13056.5,2022,3,March,Monday,49616.13559322034,56+
73335,23.0,female,brazil,309637,reel,music,13940.0,1497.0,708.0,546,83182,2022-04-05,98477,False,desktop,neutral,#foodie #tech #love,0.187756967,3,16145.0,2022,4,April,Tuesday,49193.1746031746,18–25
20965,36.0,other,canada,987708,text,food,17259.0,312.0,346.0,6394,35401,2022-09-16,406187,False,desktop,negative,#foodie,0.506115646,1,17917.0,2022,9,September,Friday,48703.150097465885,36–45
34538,61.0,female,brazil,419052,text,food,12093.0,1282.0,1221.0,4961,38480,2022-05-02,454904,False,mobile,positive,#music #tech #love,0.379313929,3,14596.0,2022,5,May,Monday,49193.1746031746,56+
80592,33.0,male,brazil,557283,text,fashion,8734.0,2061.0,376.0,2557,9651,2022-05-04,205678,False,tablet,neutral,#lifestyle #fitness,1.157496632,2,11171.0,2022,5,May,Wednesday,49193.1746031746,26–35
18110,63.0,other,france,349708,text,education,3516.0,76.0,1185.0,1571,95942,2023-06-19,615884,False,tablet,positive,#fashion #fitness #love,0.049790498,3,4777.0,2023,6,June,Monday,51727.67338709677,56+
89309,14.0,male,uae,548912,image,education,15032.0,408.0,1231.0,6584,18709,2023-12-29,504976,True,tablet,neutral,#reels #love #travel,0.89106847,3,16671.0,2023,12,December,Friday,48928.41351888668,Under 18
37266,52.0,male,germany,980480,video,music,7233.0,2441.0,820.0,453,92772,2022-10-16,297039,False,tablet,positive,#fun,0.113116026,1,10494.0,2022,10,October,Sunday,48605.40612244898,46–55
62992,31.0,other,brazil,307748,text,tech,13170.0,2267.0,1012.0,2691,69308,2023-04-07,124045,False,tablet,positive,#travel #lifestyle,0.235975645,2,16449.0,2023,4,April,Friday,49193.1746031746,26–35
92948,51.0,male,france,347387,video,food,5947.0,743.0,1450.0,6960,2260,2022-04-02,494656,False,desktop,positive,#tech #love,3.601769912,2,8140.0,2022,4,April,Saturday,51727.67338709677,46–55
16910,40.0,female,australia,770207,reel,travel,16958.0,432.0,43.0,1757,57726,2022-01-24,289472,False,tablet,neutral,#reels,0.301995635,1,17433.0,2022,1,January,Monday,48346.38336713996,36–45
10206,29.0,other,canada,802551,reel,travel,17842.0,2853.0,799.0,4774,91351,2022-04-17,547686,False,desktop,positive,#fun #music #travel,0.235290254,3,21494.0,2022,4,April,Sunday,48703.150097465885,26–35
97054,18.0,male,india,920688,reel,travel,10105.5,1478.0,1514.0,4369,1897,2022-02-21,387581,False,mobile,positive,#foodie,5.475487612,1,13097.5,2022,2,February,Monday,52462.38691588785,Under 18
97897,31.0,female,brazil,521990,reel,fitness,3172.0,1677.0,1302.0,59,94348,2023-12-12,231170,False,mobile,positive,#tech #music #travel,0.065194811,3,6151.0,2023,12,December,Tuesday,49193.1746031746,26–35
33419,38.0,female,japan,751631,video,fitness,18854.0,1831.0,1939.0,4437,11271,2022-10-21,57719,False,tablet,negative,#lifestyle #music,2.007275308,2,22624.0,2022,10,October,Friday,49616.13559322034,36–45
60636,40.0,male,canada,633415,reel,fashion,3427.0,987.0,786.0,1417,91402,2022-10-27,529310,False,mobile,positive,#fun,0.056891534,1,5200.0,2022,10,October,Thursday,48703.150097465885,36–45
60015,14.0,female,canada,218251,reel,food,7798.0,1521.0,732.0,2160,48058,2022-12-11,16065,False,desktop,neutral,#travel,0.209143119,1,10051.0,2022,12,December,Sunday,48703.150097465885,Under 18
64268,50.0,other,australia,783565,text,fitness,10105.5,2701.0,967.0,7388,99648,2023-01-17,490632,False,tablet,positive,#fashion #travel,0.114442839,2,13773.5,2023,1,January,Tuesday,48346.38336713996,46–55
97939,49.0,male,india,863570,text,travel,15490.0,2864.0,1820.0,5910,23553,2023-07-22,720114,False,tablet,positive,#fitness #lifestyle,0.856536322,2,20174.0,2023,7,July,Saturday,52462.38691588785,46–55
28141,63.0,female,france,593322,text,fitness,10707.0,1553.0,1169.0,6211,73529,2022-07-13,80606,False,desktop,positive,#foodie #fashion #fun,0.182635423,3,13429.0,2022,7,July,Wednesday,51727.67338709677,56+
90356,64.0,female,australia,967595,image,education,11743.0,754.0,1092.0,1338,20892,2023-07-11,721208,False,desktop,negative,#tech #fitness #lifestyle,0.65044036,3,13589.0,2023,7,July,Tuesday,48346.38336713996,56+
81910,16.0,male,germany,289836,text,travel,4206.0,675.0,651.0,466,2030,2023-03-12,306654,False,desktop,neutral,#fun,2.725123153,1,5532.0,2023,3,March,Sunday,48605.40612244898,Under 18
66044,34.0,male,canada,726112,reel,food,18584.0,831.0,521.0,7001,15805,2023-01-20,146264,False,tablet,positive,#tech,1.261372983,1,19936.0,2023,1,January,Friday,48703.150097465885,26–35
77214,38.0,male,brazil,662952,video,education,19348.0,1119.0,110.0,2310,84538,2023-01-07,62873,False,mobile,neutral,#fashion #fun #fitness,0.243405333,3,20577.0,2023,1,January,Saturday,49193.1746031746,36–45
43827,61.0,male,brazil,156795,reel,fashion,3313.0,27.0,1572.0,7948,62694,2022-11-16,303713,False,mobile,neutral,#tech #foodie,0.078348805,2,4912.0,2022,11,November,Wednesday,49193.1746031746,56+
65820,55.0,other,australia,221729,video,tech,15055.0,1253.0,1616.0,7298,147,2022-08-27,219353,False,mobile,neutral,#travel #reels,121.9319728,2,17924.0,2022,8,August,Saturday,48346.38336713996,46–55
72623,48.0,male,germany,787693,reel,tech,19311.0,415.0,607.0,2471,233,2023-01-27,190168,False,mobile,positive,#fitness,87.26609442,1,20333.0,2023,1,January,Friday,48605.40612244898,46–55
91734,25.0,other,uk,344620,image,education,8873.0,2072.0,1078.0,7434,47722,2023-10-10,149994,False,tablet,neutral,#fashion #love,0.251938309,2,12023.0,2023,10,October,Tuesday,51119.39350912779,18–25
85450,64.0,other,usa,136079,text,travel,4458.0,1710.0,1667.0,719,87695,2022-10-12,45699,False,desktop,neutral,#fitness,0.089343748,1,7835.0,2022,10,October,Wednesday,51263.87225548902,56+
32299,44.0,male,japan,184225,reel,fitness,18032.0,2720.0,1246.0,1235,11338,2022-01-13,54896,False,mobile,negative,#fitness,1.940201094,1,21998.0,2022,1,January,Thursday,49616.13559322034,36–45
53585,29.0,other,japan,648547,text,fitness,9350.0,541.0,895.0,562,35232,2023-01-20,307477,False,tablet,positive,#fashion #love,0.306142144,2,10786.0,2023,1,January,Friday,49616.13559322034,26–35
74044,53.0,male,uk,388715,image,travel,8184.0,164.0,1598.0,982,28182,2023-06-25,88041,False,tablet,positive,#love,0.352920304,1,9946.0,2023,6,June,Sunday,51119.39350912779,46–55
52557,48.0,male,canada,151119,image,music,15865.0,2255.0,523.0,2966,56405,2023-11-21,16647,False,mobile,neutral,#music #fun,0.330520344,2,18643.0,2023,11,November,Tuesday,48703.150097465885,46–55
59080,58.0,male,france,370153,text,food,2341.0,2996.0,145.0,2335,53346,2022-10-20,730803,False,desktop,positive,#music #fashion #travel,0.102763094,3,5482.0,2022,10,October,Thursday,51727.67338709677,56+
12693,31.0,male,india,210210,text,education,17902.0,984.0,263.0,4520,51789,2022-09-14,449441,False,desktop,positive,#love,0.369750333,1,19149.0,2022,9,September,Wednesday,52462.38691588785,26–35
79163,47.0,female,uk,603747,video,travel,1838.0,2661.0,1567.0,4649,40864,2022-04-18,179403,True,tablet,positive,#lifestyle,0.148443618,1,6066.0,2022,4,April,Monday,51119.39350912779,46–55
35939,58.0,other,germany,423973,text,music,17254.0,372.0,467.0,4854,22468,2023-08-04,518801,True,desktop,positive,#travel #foodie,0.805278618,2,18093.0,2023,8,August,Friday,48605.40612244898,56+
58925,52.0,female,brazil,400374,text,food,5538.0,1497.0,1584.0,1730,35339,2023-11-19,200136,False,tablet,negative,#fun #fashion #music,0.21899318,3,8619.0,2023,11,November,Sunday,49193.1746031746,46–55
52941,40.0,other,usa,211364,video,fashion,11469.0,68.0,871.0,4339,68070,2022-07-02,782105,False,desktop,neutral,#lifestyle #music,0.182282944,2,12408.0,2022,7,July,Saturday,51263.87225548902,36–45
31834,13.0,male,canada,418193,reel,fashion,9533.0,1543.0,958.0,7879,69971,2023-12-07,428831,False,mobile,positive,#fun,0.171985537,1,12034.0,2023,12,December,Thursday,48703.150097465885,Under 18
28047,54.0,other,usa,463906,video,education,5477.0,1497.0,1996.0,7800,81659,2023-01-02,111108,False,desktop,neutral,#fitness #love #travel,0.111818661,3,8970.0,2023,1,January,Monday,51263.87225548902,46–55
36105,30.0,other,india,485417,reel,travel,9363.0,100.0,1210.0,3047,85542,2023-06-18,690569,False,mobile,negative,#fun #travel #fitness,0.124769119,3,10673.0,2023,6,June,Sunday,52462.38691588785,26–35
85766,60.0,male,brazil,481610,reel,fashion,12264.0,0.0,1366.0,1357,84325,2023-06-07,125301,False,mobile,neutral,#fun #foodie,0.161636525,2,13630.0,2023,6,June,Wednesday,49193.1746031746,56+
25707,52.0,other,germany,791858,reel,fitness,13536.0,2398.0,1986.0,2375,87307,2022-10-12,152871,False,tablet,negative,#fashion #lifestyle #foodie,0.205252729,3,17920.0,2022,10,October,Wednesday,48605.40612244898,46–55
31976,45.0,male,japan,743341,video,food,17512.0,2054.0,1122.0,2762,92022,2022-09-16,238701,False,mobile,positive,#love #music #lifestyle,0.224815805,3,20688.0,2022,9,September,Friday,49616.13559322034,36–45
54262,24.0,male,india,533531,video,tech,11819.0,317.0,678.0,5225,46370,2022-06-22,654879,False,tablet,neutral,#fun #fashion #lifestyle,0.276342463,3,12814.0,2022,6,June,Wednesday,52462.38691588785,18–25
33776,20.0,male,uk,981450,image,music,12191.0,2670.0,1329.0,1785,87701,2023-12-18,209807,False,mobile,neutral,#love #music #tech,0.184604509,3,16190.0,2023,12,December,Monday,51119.39350912779,18–25
40080,36.0,male,japan,919227,reel,tech,6499.0,1878.0,1748.0,6006,73079,2022-11-26,682711,False,mobile,positive,#fun,0.138548694,1,10125.0,2022,11,November,Saturday,49616.13559322034,36–45
76842,28.0,other,japan,738100,video,fashion,12079.0,2556.0,1222.0,1962,44114,2023-03-28,100304,True,mobile,negative,#fun #tech #love,0.359455048,3,15857.0,2023,3,March,Tuesday,49616.13559322034,26–35
71373,62.0,female,germany,709699,image,music,17668.0,185.0,757.0,6944,64980,2023-04-16,153008,False,desktop,positive,#music #travel,0.286395814,2,18610.0,2023,4,April,Sunday,48605.40612244898,56+
16776,16.0,male,uk,401335,reel,food,8762.0,727.0,1177.0,7246,15765,2022-03-22,384358,False,desktop,neutral,#love #fitness,0.676562004,2,10666.0,2022,3,March,Tuesday,51119.39350912779,Under 18
65016,50.0,female,australia,285525,video,fitness,19248.0,2509.0,918.0,1188,40642,2022-11-17,135793,False,mobile,positive,#lifestyle #fashion,0.557920378,2,22675.0,2022,11,November,Thursday,48346.38336713996,46–55
19474,56.0,female,india,112453,video,tech,6045.0,342.0,1119.0,5965,86869,2023-03-17,790635,False,tablet,positive,#reels #lifestyle,0.086405968,2,7506.0,2023,3,March,Friday,52462.38691588785,56+
68053,39.0,other,france,220848,video,fitness,12176.0,2682.0,574.0,2678,37068,2023-02-03,651107,False,mobile,positive,#fitness #music #reels,0.41631596,3,15432.0,2023,2,February,Friday,51727.67338709677,36–45
31959,21.0,male,uae,543541,text,fitness,11333.0,712.0,705.0,6105,23581,2022-07-07,182385,False,tablet,positive,#tech #foodie #love,0.540689538,3,12750.0,2022,7,July,Thursday,48928.41351888668,18–25
15530,59.0,other,brazil,674281,image,tech,18361.0,2623.0,1958.0,5176,70658,2023-03-14,247982,False,mobile,positive,#lifestyle #fashion #foodie,0.324690764,3,22942.0,2023,3,March,Tuesday,49193.1746031746,56+
13748,28.0,male,germany,472924,video,tech,8638.0,135.0,833.0,5055,52744,2023-03-24,714862,False,mobile,positive,#love,0.182124981,1,9606.0,2023,3,March,Friday,48605.40612244898,26–35
23545,24.0,female,brazil,145706,text,music,13070.0,1922.0,1382.0,3007,47054,2023-04-15,336301,False,tablet,positive,#fitness,0.347983168,1,16374.0,2023,4,April,Saturday,49193.1746031746,18–25
76199,43.0,male,india,623324,image,fashion,5039.0,382.0,813.0,5307,9245,2023-06-24,701443,False,tablet,positive,#travel,0.674310438,1,6234.0,2023,6,June,Saturday,52462.38691588785,36–45
44766,36.0,male,uk,608197,image,music,15265.0,185.0,398.0,3123,50594,2023-04-06,795835,False,desktop,neutral,#fitness,0.313238724,1,15848.0,2023,4,April,Thursday,51119.39350912779,36–45
83530,26.0,female,france,273889,text,education,2973.0,2686.0,1807.0,3143,60935,2023-05-30,458867,True,tablet,positive,#lifestyle #foodie,0.122524001,2,7466.0,2023,5,May,Tuesday,51727.67338709677,26–35
71087,57.0,female,uae,715722,image,food,4626.0,927.0,1399.0,2800,65606,2022-08-25,54500,False,mobile,positive,#fun #fitness,0.105965918,2,6952.0,2022,8,August,Thursday,48928.41351888668,56+
78840,37.0,male,usa,811070,text,travel,16502.0,963.0,601.0,323,43164,2022-06-30,407567,False,tablet,positive,#fun #reels #lifestyle,0.41854323,3,18066.0,2022,6,June,Thursday,51263.87225548902,36–45
64384,46.0,other,france,675087,reel,food,7999.0,560.0,327.0,3683,23054,2023-02-14,403274,False,desktop,positive,#tech,0.385442873,1,8886.0,2023,2,February,Tuesday,51727.67338709677,46–55
61005,15.0,male,germany,743874,video,music,2292.0,1189.0,1295.0,7505,96972,2023-05-31,791772,False,mobile,neutral,#travel #foodie #fun,0.04925133,3,4776.0,2023,5,May,Wednesday,48605.40612244898,Under 18
56576,36.0,female,brazil,160964,text,travel,18488.0,897.0,1620.0,2202,39151,2022-03-13,293668,False,mobile,positive,#tech,0.536512477,1,21005.0,2022,3,March,Sunday,49193.1746031746,36–45
49353,54.0,other,france,546894,image,music,17451.0,2686.0,1318.0,6202,92321,2022-07-01,590505,False,mobile,positive,#music #reels #travel,0.232395663,3,21455.0,2022,7,July,Friday,51727.67338709677,46–55
72003,21.0,female,canada,302222,image,tech,14859.0,1928.0,394.0,7442,86267,2022-04-14,320905,False,tablet,positive,#fitness #foodie #reels,0.199160745,3,17181.0,2022,4,April,Thursday,48703.150097465885,18–25
93211,38.0,female,uk,459523,reel,fitness,16807.0,1837.0,1495.0,1794,6674,2022-09-29,290545,False,mobile,neutral,#reels,3.017530716,1,20139.0,2022,9,September,Thursday,51119.39350912779,36–45
62733,32.0,other,uk,815798,reel,food,3819.0,2368.0,547.0,2248,32481,2022-10-14,167148,False,mobile,positive,#music #lifestyle #fashion,0.207321203,3,6734.0,2022,10,October,Friday,51119.39350912779,26–35
75318,52.0,female,canada,734275,reel,music,12682.0,1712.0,1041.0,2342,26139,2022-03-28,105455,True,tablet,positive,#lifestyle #music,0.590496959,2,15435.0,2022,3,March,Monday,48703.150097465885,46–55
99474,22.0,female,japan,948358,reel,fitness,14785.0,1738.0,918.0,3393,5431,2023-01-21,367931,False,mobile,neutral,#music #reels,3.21137912,2,17441.0,2023,1,January,Saturday,49616.13559322034,18–25
33664,31.0,female,japan,628089,reel,food,1280.0,1180.0,76.0,3400,30512,2022-03-14,729329,False,tablet,negative,#reels,0.08311484,1,2536.0,2022,3,March,Monday,49616.13559322034,26–35
77172,15.0,female,india,534264,video,education,13241.0,857.0,1072.0,1975,83957,2023-08-26,281581,False,tablet,negative,#love #fitness,0.180687733,2,15170.0,2023,8,August,Saturday,52462.38691588785,Under 18
95616,36.0,female,australia,926576,text,lifestyle,10011.0,284.0,1521.0,5509,90393,2023-11-16,429579,False,desktop,neutral,#love #music #reels,0.130718087,3,11816.0,2023,11,November,Thursday,48346.38336713996,36–45
36736,17.0,female,usa,980910,reel,food,14147.0,2398.0,1449.0,3045,17558,2022-11-06,242057,False,mobile,negative,#fitness #love #reels,1.024831985,3,17994.0,2022,11,November,Sunday,51263.87225548902,Under 18
10854,15.0,male,canada,765508,reel,fitness,19816.0,2130.0,1012.0,1307,14158,2023-11-30,524357,False,tablet,positive,#love,1.683853652,1,22958.0,2023,11,November,Thursday,48703.150097465885,Under 18
48623,39.0,female,india,212364,video,lifestyle,17146.0,1647.0,1771.0,7343,35441,2023-03-19,715160,False,desktop,positive,#love,0.580231935,1,20564.0,2023,3,March,Sunday,52462.38691588785,36–45
17392,28.0,female,brazil,969251,text,fashion,1629.0,665.0,1579.0,6753,35265,2022-08-24,762338,False,tablet,negative,#fashion #music,0.109825606,2,3873.0,2022,8,August,Wednesday,49193.1746031746,26–35
65680,61.0,male,canada,775221,reel,education,5499.0,1393.0,1017.0,6492,58525,2023-11-05,248468,True,mobile,positive,#tech,0.13513883,1,7909.0,2023,11,November,Sunday,48703.150097465885,56+
56717,27.0,male,australia,554933,text,tech,8634.0,2588.0,1644.0,1455,518,2023-08-08,461336,False,desktop,positive,#fitness,24.83783784,1,12866.0,2023,8,August,Tuesday,48346.38336713996,26–35
97092,47.0,female,canada,253552,text,fashion,3014.0,2024.0,128.0,962,82659,2022-08-18,356268,False,tablet,negative,#tech #fitness,0.062497732,2,5166.0,2022,8,August,Thursday,48703.150097465885,46–55
60859,24.0,male,australia,118637,video,music,10773.0,2527.0,518.0,1717,51336,2022-09-11,659835,False,desktop,negative,#fun,0.269167835,1,13818.0,2022,9,September,Sunday,48346.38336713996,18–25
36309,53.0,other,australia,931053,video,fashion,17881.0,2260.0,303.0,2429,37457,2023-11-05,345804,False,mobile,positive,#fashion #music,0.545799183,2,20444.0,2023,11,November,Sunday,48346.38336713996,46–55
97455,56.0,male,australia,553520,reel,food,8280.0,929.0,1135.0,5391,82378,2022-12-21,236900,False,tablet,neutral,#fun #travel,0.125567506,2,10344.0,2022,12,December,Wednesday,48346.38336713996,56+
73734,38.0,female,uk,671719,image,tech,8653.0,2407.0,724.0,2539,83823,2023-05-10,205184,False,mobile,positive,#fun,0.140581941,1,11784.0,2023,5,May,Wednesday,51119.39350912779,36–45
80467,59.0,female,france,724225,video,education,19936.0,213.0,911.0,3618,38072,2023-02-14,723499,False,tablet,positive,#lifestyle #travel,0.553162429,2,21060.0,2023,2,February,Tuesday,51727.67338709677,56+
62662,38.0,male,uk,418316,text,lifestyle,11820.0,1497.0,815.0,2378,40757,2022-07-18,84480,False,desktop,positive,#fun #reels #travel,0.317442403,3,14132.0,2022,7,July,Monday,51119.39350912779,36–45
22688,35.0,female,india,125437,text,food,7637.0,1403.0,973.0,874,49790,2023-03-05,366550,False,mobile,neutral,#love #fun,0.201104639,2,10013.0,2023,3,March,Sunday,52462.38691588785,26–35
35342,43.0,other,uk,501365,reel,music,13390.0,199.0,1962.0,3670,70075,2023-04-20,433172,False,desktop,positive,#music #lifestyle,0.221919372,2,15551.0,2023,4,April,Thursday,51119.39350912779,36–45
47157,62.0,other,uk,507887,reel,travel,10105.5,2285.0,818.0,2205,56140,2023-08-11,403508,False,tablet,negative,#fitness #reels #lifestyle,0.400249377,3,13208.5,2023,8,August,Friday,51119.39350912779,56+
77863,32.0,female,brazil,596221,reel,food,16155.0,670.0,362.0,4527,26894,2022-12-08,276469,False,tablet,negative,#fun #reels,0.639064475,2,17187.0,2022,12,December,Thursday,49193.1746031746,26–35
62083,24.0,other,canada,123119,text,lifestyle,3060.0,1728.0,1089.0,7492,10005,2023-04-19,59616,False,mobile,neutral,#fun,0.587406297,1,5877.0,2023,4,April,Wednesday,48703.150097465885,18–25
75733,35.0,other,uk,801477,video,fitness,13697.0,1249.0,1054.0,1139,66501,2023-02-01,247681,False,mobile,positive,#fun #tech,0.240597886,2,16000.0,2023,2,February,Wednesday,51119.39350912779,26–35
99045,16.0,male,uae,330389,image,music,15313.0,878.0,1318.0,3591,92279,2023-03-02,509558,False,tablet,positive,#tech #music,0.189739811,2,17509.0,2023,3,March,Thursday,48928.41351888668,Under 18
44698,35.0,male,australia,509495,video,education,7510.0,250.0,1800.0,4714,27026,2022-02-14,468550,False,desktop,positive,#fun,0.353733442,1,9560.0,2022,2,February,Monday,48346.38336713996,26–35
90623,60.0,male,canada,955267,image,education,2950.0,2523.0,808.0,4714,46152,2022-12-09,564249,False,tablet,positive,#lifestyle #travel #foodie,0.136093777,3,6281.0,2022,12,December,Friday,48703.150097465885,56+
32671,60.0,female,japan,330882,video,food,14387.0,497.0,1342.0,2673,44328,2023-11-22,272551,False,desktop,positive,#fun #tech #reels,0.366044035,3,16226.0,2023,11,November,Wednesday,49616.13559322034,56+
35184,13.0,male,brazil,357157,reel,travel,6063.0,1987.0,1037.0,4530,31146,2022-01-17,549702,False,mobile,positive,#travel,0.291754961,1,9087.0,2022,1,January,Monday,49193.1746031746,Under 18
52107,37.0,female,france,576113,text,food,14205.0,977.0,569.0,1545,4771,2022-08-07,782591,False,desktop,positive,#fun #fashion,3.301404318,2,15751.0,2022,8,August,Sunday,51727.67338709677,36–45
96202,14.0,female,brazil,685093,image,music,11922.0,2748.0,969.0,2843,61071,2023-08-19,245494,False,tablet,positive,#reels,0.25607899,1,15639.0,2023,8,August,Saturday,49193.1746031746,Under 18
61663,42.0,female,australia,118201,video,lifestyle,7661.0,783.0,1879.0,5027,50287,2022-07-10,335100,False,desktop,neutral,#fashion #fun,0.205281683,2,10323.0,2022,7,July,Sunday,48346.38336713996,36–45
25708,15.0,female,canada,357636,text,education,3421.0,2476.0,1265.0,4667,24971,2023-01-26,478292,False,mobile,positive,#fun #love,0.286812703,2,7162.0,2023,1,January,Thursday,48703.150097465885,Under 18
59811,33.0,female,france,128634,image,travel,1990.0,538.0,352.0,265,67062,2023-03-15,751695,False,desktop,positive,#reels,0.042945334,1,2880.0,2023,3,March,Wednesday,51727.67338709677,26–35
12811,37.0,male,usa,504042,image,tech,13057.0,900.0,1271.0,7565,93721,2023-10-06,642015,True,tablet,neutral,#music,0.162482261,1,15228.0,2023,10,October,Friday,51263.87225548902,36–45
66250,32.0,female,germany,448965,text,lifestyle,1482.0,1466.0,609.0,101,93028,2023-05-12,43239,True,tablet,negative,#fashion,0.0382358,1,3557.0,2023,5,May,Friday,48605.40612244898,26–35
82082,61.0,other,brazil,605341,reel,education,2545.0,209.0,467.0,7230,64240,2022-04-04,659713,False,desktop,neutral,#foodie,0.0501401,1,3221.0,2022,4,April,Monday,49193.1746031746,56+
44754,64.0,other,france,407919,text,food,10105.5,1733.0,1983.0,7140,76693,2022-04-05,503474,False,tablet,negative,#travel #lifestyle #fitness,0.103477501,3,13821.5,2022,4,April,Tuesday,51727.67338709677,56+
21411,34.0,female,india,488690,reel,education,12491.0,490.0,923.0,7854,33560,2023-11-27,48616,False,mobile,negative,#travel,0.414302741,1,13904.0,2023,11,November,Monday,52462.38691588785,26–35
12911,33.0,other,france,214090,video,travel,642.0,2518.0,387.0,2756,29271,2023-10-06,706951,False,desktop,positive,#tech #fitness #lifestyle,0.121177958,3,3547.0,2023,10,October,Friday,51727.67338709677,26–35
77270,45.0,male,germany,698964,video,music,13332.0,1709.0,1697.0,7158,56845,2022-03-23,558718,False,desktop,positive,#foodie #fitness,0.29444982,2,16738.0,2022,3,March,Wednesday,48605.40612244898,36–45
93763,64.0,male,australia,106798,text,lifestyle,1586.0,1753.0,1923.0,6967,81872,2022-12-06,586155,False,desktop,positive,#love #fashion,0.064271057,2,5262.0,2022,12,December,Tuesday,48346.38336713996,56+
18680,50.0,female,canada,608377,reel,tech,18793.0,2615.0,758.0,3973,33935,2022-12-26,356812,True,tablet,positive,#lifestyle,0.653189922,1,22166.0,2022,12,December,Monday,48703.150097465885,46–55
94896,27.0,female,usa,559319,video,fitness,6504.0,1918.0,1861.0,1534,66768,2022-04-22,635312,False,desktop,positive,#foodie #tech #love,0.154010903,3,10283.0,2022,4,April,Friday,51263.87225548902,26–35
93879,58.0,female,india,701448,reel,fashion,16438.0,1497.0,441.0,2269,58565,2022-10-30,482818,False,desktop,neutral,#lifestyle,0.322940323,1,18376.0,2022,10,October,Sunday,52462.38691588785,56+
81295,64.0,male,france,177751,reel,travel,14627.0,2711.0,1365.0,2962,7712,2022-02-20,134586,False,desktop,neutral,#love,2.425181535,1,18703.0,2022,2,February,Sunday,51727.67338709677,56+
98614,27.0,other,uae,282482,reel,fitness,17225.0,1929.0,515.0,2483,97460,2023-12-02,285558,False,desktop,neutral,#fun #lifestyle #fitness,0.20181613,3,19669.0,2023,12,December,Saturday,48928.41351888668,26–35
21111,38.0,male,uk,403032,text,tech,6928.0,1486.0,1012.0,1213,9533,2023-12-21,795848,False,mobile,positive,#lifestyle,1.075736914,1,9426.0,2023,12,December,Thursday,51119.39350912779,36–45
47504,37.0,other,australia,411191,reel,fitness,4587.0,2597.0,1796.0,4735,96504,2023-10-23,784802,False,tablet,positive,#fitness #foodie #love,0.093053138,3,8980.0,2023,10,October,Monday,48346.38336713996,36–45
11802,33.0,male,brazil,471784,text,food,19290.0,2003.0,842.0,2992,1046,2022-10-08,545948,True,mobile,negative,#lifestyle #foodie #travel,21.16156788,3,22135.0,2022,10,October,Saturday,49193.1746031746,26–35
18155,36.0,other,brazil,464758,video,fashion,10186.0,1500.0,44.0,4429,44207,2022-04-23,709820,False,desktop,neutral,#music #fun,0.265342593,2,11730.0,2022,4,April,Saturday,49193.1746031746,36–45
83656,17.0,male,germany,145955,video,travel,10124.0,197.0,1442.0,906,1715,2022-02-05,530553,False,tablet,positive,#fashion #foodie #lifestyle,6.858892128,3,11763.0,2022,2,February,Saturday,48605.40612244898,Under 18
49384,18.0,female,australia,343465,image,lifestyle,5056.0,1967.0,722.0,1581,78487,2023-09-15,363168,False,desktop,positive,#fun,0.098678762,1,7745.0,2023,9,September,Friday,48346.38336713996,Under 18
57254,61.0,other,india,789224,image,education,5982.0,520.0,755.0,1604,73890,2023-11-14,420394,False,mobile,positive,#foodie #fun,0.098213561,2,7257.0,2023,11,November,Tuesday,52462.38691588785,56+
31918,55.0,male,japan,572334,video,tech,2272.0,1522.0,202.0,7468,87735,2022-03-19,612115,False,desktop,positive,#reels #tech,0.045546247,2,3996.0,2022,3,March,Saturday,49616.13559322034,46–55
95981,60.0,other,usa,709778,reel,fashion,6141.0,1534.0,1738.0,6494,55321,2023-06-24,408551,False,mobile,negative,#tech #music,0.170152383,2,9413.0,2023,6,June,Saturday,51263.87225548902,56+
70713,56.0,female,india,401409,reel,tech,9161.0,1713.0,1908.0,5995,33261,2022-02-14,772251,False,mobile,positive,#love #music #reels,0.384293918,3,12782.0,2022,2,February,Monday,52462.38691588785,56+
40306,59.0,male,usa,670601,video,education,1071.0,1348.0,538.0,569,32698,2022-10-31,663078,False,tablet,positive,#fun #love,0.090433666,2,2957.0,2022,10,October,Monday,51263.87225548902,56+
26646,35.0,other,canada,144350,video,fitness,17120.0,687.0,385.0,6871,91738,2023-01-27,301264,False,desktop,negative,#fitness #foodie,0.198303865,2,18192.0,2023,1,January,Friday,48703.150097465885,26–35
56843,38.0,other,canada,246450,image,tech,6376.0,466.0,1973.0,6258,89554,2023-10-16,300231,False,desktop,negative,#reels #fitness,0.098432231,2,8815.0,2023,10,October,Monday,48703.150097465885,36–45
26371,39.0,female,australia,995600,reel,music,3630.0,595.0,629.0,1545,75329,2022-01-15,86079,False,desktop,neutral,#lifestyle #fun,0.064437335,2,4854.0,2022,1,January,Saturday,48346.38336713996,36–45
87371,30.0,female,australia,349406,video,tech,227.0,138.0,967.0,908,80790,2023-10-02,461868,False,tablet,positive,#travel #reels,0.016487189,2,1332.0,2023,10,October,Monday,48346.38336713996,26–35
12049,33.0,male,brazil,872467,image,fitness,15342.0,1014.0,737.0,4462,488,2022-06-16,798384,False,mobile,positive,#tech #reels,35.02663934,2,17093.0,2022,6,June,Thursday,49193.1746031746,26–35
41616,40.0,other,uk,300887,image,fitness,6665.0,241.0,359.0,4083,49839,2023-10-27,64899,False,tablet,neutral,#fashion,0.145769377,1,7265.0,2023,10,October,Friday,51119.39350912779,36–45
30932,47.0,other,germany,914356,reel,education,14008.0,2363.0,1491.0,3340,79537,2022-03-04,63748,False,tablet,neutral,#fashion #love,0.224574726,2,17862.0,2022,3,March,Friday,48605.40612244898,46–55
39855,34.0,female,uk,969025,image,fashion,19954.0,2714.0,982.0,6947,29407,2023-07-25,194936,False,mobile,negative,#love #music #travel,0.804230285,3,23650.0,2023,7,July,Tuesday,51119.39350912779,26–35
71434,52.0,female,india,107312,image,travel,7993.0,732.0,1998.0,7253,73305,2022-07-22,598923,False,desktop,neutral,#fitness #foodie #lifestyle,0.146279244,3,10723.0,2022,7,July,Friday,52462.38691588785,46–55
82694,35.0,male,brazil,916785,text,fitness,14675.0,134.0,1967.0,7039,57723,2022-06-06,798474,False,mobile,positive,#fun #reels #fitness,0.290629385,3,16776.0,2022,6,June,Monday,49193.1746031746,26–35
53016,15.0,other,usa,213744,video,music,1619.0,2626.0,204.0,7112,88728,2023-05-30,471555,False,mobile,neutral,#reels #lifestyle #music,0.050142007,3,4449.0,2023,5,May,Tuesday,51263.87225548902,Under 18
17400,52.0,other,japan,331745,reel,fashion,12885.0,2486.0,1270.0,2425,97560,2023-07-05,391133,False,mobile,negative,#foodie,0.170571956,1,16641.0,2023,7,July,Wednesday,49616.13559322034,46–55
52642,62.0,male,france,317522,video,education,2204.0,2124.0,990.0,3218,60916,2022-10-05,351360,False,desktop,negative,#fitness #fun,0.087300545,2,5318.0,2022,10,October,Wednesday,51727.67338709677,56+
25151,22.0,male,uae,378336,text,tech,19087.0,2447.0,1012.0,7155,92196,2022-04-11,433806,False,mobile,negative,#fitness #love #fashion,0.245195019,3,22546.0,2022,4,April,Monday,48928.41351888668,18–25
61407,37.0,female,canada,772810,reel,music,7742.0,2421.0,365.0,2165,64985,2022-06-18,455451,False,tablet,negative,#music #lifestyle,0.162006617,2,10528.0,2022,6,June,Saturday,48703.150097465885,36–45
76690,64.0,female,uk,760792,video,tech,11694.0,1510.0,252.0,1013,92493,2023-06-16,669922,False,mobile,negative,#fun #music,0.14548128,2,13456.0,2023,6,June,Friday,51119.39350912779,56+
14499,61.0,male,germany,288297,image,lifestyle,11818.0,1818.0,1012.0,3206,45341,2023-02-07,431920,False,mobile,positive,#fashion #reels,0.302441499,2,14648.0,2023,2,February,Tuesday,48605.40612244898,56+
16295,20.0,male,japan,982980,reel,food,7574.0,1497.0,768.0,6670,52237,2022-05-21,681842,False,tablet,negative,#love #lifestyle,0.174186879,2,9839.0,2022,5,May,Saturday,49616.13559322034,18–25
69040,23.0,other,japan,198991,text,fitness,9373.0,2796.0,631.0,1872,21114,2022-12-13,405685,False,desktop,neutral,#foodie,0.606232831,1,12800.0,2022,12,December,Tuesday,49616.13559322034,18–25
22183,17.0,male,canada,178711,image,education,11448.0,2811.0,986.0,4909,34298,2022-07-12,435002,False,tablet,positive,#fitness #fashion #foodie,0.444486559,3,15245.0,2022,7,July,Tuesday,48703.150097465885,Under 18
39299,57.0,male,uae,820964,text,music,17181.0,416.0,416.0,205,14409,2022-06-01,343381,False,desktop,neutral,#music #tech #fitness,1.250121452,3,18013.0,2022,6,June,Wednesday,48928.41351888668,56+
22874,49.0,other,australia,765655,image,music,19383.0,206.0,1058.0,7400,30025,2023-01-21,552676,False,desktop,neutral,#reels,0.687660283,1,20647.0,2023,1,January,Saturday,48346.38336713996,46–55
42711,57.0,male,japan,106774,video,fashion,2764.0,2388.0,1461.0,815,16276,2022-07-27,23979,False,desktop,positive,#lifestyle #music,0.40630376,2,6613.0,2022,7,July,Wednesday,49616.13559322034,56+
15539,50.0,female,india,739395,video,lifestyle,10601.0,1643.0,311.0,65,87011,2023-07-03,471433,False,desktop,negative,#love #foodie #fitness,0.144292101,3,12555.0,2023,7,July,Monday,52462.38691588785,46–55
63351,41.0,female,india,767550,video,fashion,11467.0,2768.0,1166.0,4045,70703,2023-01-23,314794,False,tablet,positive,#fitness #fashion,0.217826683,2,15401.0,2023,1,January,Monday,52462.38691588785,36–45
71267,17.0,other,australia,524502,text,travel,8199.0,310.0,196.0,2051,97779,2022-03-19,358934,False,desktop,positive,#love,0.089027296,1,8705.0,2022,3,March,Saturday,48346.38336713996,Under 18
58354,21.0,male,usa,831685,reel,lifestyle,10411.0,1331.0,996.0,2,18522,2022-06-21,695491,True,tablet,negative,#music,0.687722708,1,12738.0,2022,6,June,Tuesday,51263.87225548902,18–25
12557,60.0,female,brazil,328552,video,education,6239.0,2672.0,259.0,7426,20617,2023-07-11,755269,False,mobile,positive,#love,0.444778581,1,9170.0,2023,7,July,Tuesday,49193.1746031746,56+
48360,14.0,female,australia,696715,text,fashion,14943.0,1399.0,1389.0,5834,54603,2022-12-03,311923,False,tablet,positive,#travel,0.324725748,1,17731.0,2022,12,December,Saturday,48346.38336713996,Under 18
92018,13.0,female,uae,187513,image,fitness,13617.0,1550.0,595.0,324,28614,2023-08-19,225674,False,mobile,neutral,#love #tech #reels,0.550849235,3,15762.0,2023,8,August,Saturday,48928.41351888668,Under 18
12200,52.0,female,india,426158,video,fashion,10105.5,82.0,1215.0,5359,2315,2023-03-07,562622,True,tablet,negative,#travel,1.998272138,1,11402.5,2023,3,March,Tuesday,52462.38691588785,46–55
78497,63.0,male,japan,851247,image,food,11563.0,1600.0,1510.0,6134,85376,2023-08-28,576012,True,mobile,negative,#love #reels #music,0.171863287,3,14673.0,2023,8,August,Monday,49616.13559322034,56+
56975,38.0,male,india,306924,video,tech,5584.0,1475.0,533.0,604,16586,2023-05-04,324158,False,tablet,positive,#fashion #tech,0.45773544,2,7592.0,2023,5,May,Thursday,52462.38691588785,36–45
31357,23.0,male,france,941688,image,tech,8805.0,1026.0,23.0,4891,90356,2023-10-28,562799,False,tablet,neutral,#love,0.109057506,1,9854.0,2023,10,October,Saturday,51727.67338709677,18–25
87505,40.0,male,brazil,883837,text,music,9089.0,1479.0,942.0,2582,74582,2022-04-16,735181,False,tablet,positive,#foodie #lifestyle,0.154326781,2,11510.0,2022,4,April,Saturday,49193.1746031746,36–45
12869,56.0,female,germany,873940,video,lifestyle,10105.5,2920.0,1098.0,5917,12349,2022-07-28,65631,False,tablet,neutral,#reels #foodie,1.429832375,2,14123.5,2022,7,July,Thursday,48605.40612244898,56+
71135,38.0,other,france,723031,text,fashion,15488.0,2283.0,1901.0,7485,23287,2023-12-17,272320,False,mobile,negative,#travel #tech #music,0.844763173,3,19672.0,2023,12,December,Sunday,51727.67338709677,36–45
60108,51.0,other,usa,289702,text,fashion,11110.0,2436.0,1669.0,2646,53713,2022-12-14,300686,True,desktop,negative,#love #foodie #fitness,0.283264759,3,15215.0,2022,12,December,Wednesday,51263.87225548902,46–55
48467,38.0,female,canada,346968,image,fashion,1160.0,2440.0,922.0,3122,39164,2022-12-18,623622,False,tablet,neutral,#music,0.11546318,1,4522.0,2022,12,December,Sunday,48703.150097465885,36–45
33328,25.0,male,france,977622,video,fashion,12173.0,1664.0,1417.0,7976,72098,2022-02-17,415197,False,mobile,positive,#lifestyle #fitness,0.211573137,2,15254.0,2022,2,February,Thursday,51727.67338709677,18–25
96831,20.0,male,usa,938147,reel,music,19994.0,1782.0,678.0,7637,42890,2022-09-03,593168,False,tablet,positive,#fun #reels #music,0.523525297,3,22454.0,2022,9,September,Saturday,51263.87225548902,18–25
13987,40.0,other,usa,107466,reel,food,7331.0,2794.0,1481.0,6975,77537,2022-01-31,321608,False,desktop,positive,#lifestyle #fun,0.149683377,2,11606.0,2022,1,January,Monday,51263.87225548902,36–45
68871,42.0,male,germany,881863,text,fitness,14684.0,2077.0,109.0,3114,46883,2023-11-26,378996,False,mobile,negative,#lifestyle #travel,0.359831922,2,16870.0,2023,11,November,Sunday,48605.40612244898,36–45
32399,21.0,female,canada,904069,image,food,18387.0,1606.0,89.0,3275,65718,2023-04-20,58019,False,mobile,positive,#foodie #fitness #music,0.30557838,3,20082.0,2023,4,April,Thursday,48703.150097465885,18–25
56214,51.0,male,uk,492568,image,education,14798.0,981.0,36.0,346,42371,2023-04-22,751871,True,mobile,positive,#foodie #tech,0.373250572,2,15815.0,2023,4,April,Saturday,51119.39350912779,46–55
96416,43.0,male,australia,168745,image,education,1527.0,604.0,821.0,5177,24447,2022-09-14,716403,False,tablet,positive,#tech,0.120751012,1,2952.0,2022,9,September,Wednesday,48346.38336713996,36–45
80271,33.0,other,japan,660605,video,food,15220.0,2330.0,992.0,4154,55242,2022-05-06,663139,False,tablet,negative,#foodie #tech #travel,0.335650411,3,18542.0,2022,5,May,Friday,49616.13559322034,26–35
54064,59.0,male,uae,805126,video,food,10105.0,237.0,1586.0,2727,60783,2022-08-07,503486,False,desktop,negative,#reels #lifestyle,0.19623908,2,11928.0,2022,8,August,Sunday,48928.41351888668,56+
80091,46.0,other,uae,234150,image,tech,13896.0,730.0,571.0,5805,71388,2022-09-02,770355,False,desktop,negative,#travel #fitness,0.212878915,2,15197.0,2022,9,September,Friday,48928.41351888668,46–55
50818,43.0,male,uae,857154,reel,education,13085.0,1342.0,583.0,2558,93906,2023-04-25,364541,False,tablet,positive,#love #reels,0.159840692,2,15010.0,2023,4,April,Tuesday,48928.41351888668,36–45
55525,64.0,male,uk,627831,reel,food,15205.0,1994.0,1663.0,3389,60891,2023-03-19,337932,False,tablet,negative,#fitness,0.309766632,1,18862.0,2023,3,March,Sunday,51119.39350912779,56+
29830,37.0,other,australia,484934,video,fashion,10198.0,1360.0,306.0,7600,3768,2023-10-13,793433,False,mobile,positive,#lifestyle #fitness,3.148619958,2,11864.0,2023,10,October,Friday,48346.38336713996,36–45
27429,24.0,male,uae,587843,image,food,12398.0,2078.0,61.0,3443,50867,2023-05-16,82222,False,tablet,neutral,#foodie #music,0.285784497,2,14537.0,2023,5,May,Tuesday,48928.41351888668,18–25
16893,13.0,female,australia,151052,reel,fashion,6626.0,977.0,304.0,2254,86266,2022-08-15,415350,False,mobile,negative,#tech,0.091658359,1,7907.0,2022,8,August,Monday,48346.38336713996,Under 18
89909,34.0,other,japan,646352,reel,lifestyle,2855.0,914.0,178.0,110,76631,2022-09-12,763118,False,desktop,positive,#tech #foodie,0.05150657,2,3947.0,2022,9,September,Monday,49616.13559322034,26–35
57333,52.0,female,uae,696575,video,education,3964.0,1637.0,539.0,22,34930,2022-03-11,137418,False,tablet,positive,#tech,0.175780132,1,6140.0,2022,3,March,Friday,48928.41351888668,46–55
13436,49.0,female,canada,704730,video,fitness,14609.0,1628.0,1775.0,5547,94408,2023-03-31,407292,False,desktop,negative,#lifestyle #love,0.190788916,2,18012.0,2023,3,March,Friday,48703.150097465885,46–55
84290,59.0,male,usa,744838,reel,tech,14490.0,1497.0,931.0,3816,41839,2023-08-01,510078,False,tablet,positive,#foodie #reels,0.422452735,2,16918.0,2023,8,August,Tuesday,51263.87225548902,56+
86213,13.0,female,uae,576848,image,fitness,18058.0,1981.0,1767.0,1963,50310,2022-01-02,187120,False,tablet,positive,#love #fun #lifestyle,0.433432717,3,21806.0,2022,1,January,Sunday,48928.41351888668,Under 18
15895,13.0,other,australia,114425,reel,music,13330.0,2950.0,1688.0,4882,35266,2023-05-10,653901,False,mobile,neutral,#music #reels #lifestyle,0.509499234,3,17968.0,2023,5,May,Wednesday,48346.38336713996,Under 18
29738,54.0,female,usa,413625,reel,music,2392.0,582.0,931.0,1707,11296,2022-11-21,649634,False,tablet,positive,#lifestyle,0.345697592,1,3905.0,2022,11,November,Monday,51263.87225548902,46–55
40746,54.0,female,germany,177347,image,lifestyle,16262.0,459.0,844.0,3082,18814,2023-02-07,381545,False,desktop,neutral,#fun,0.933613267,1,17565.0,2023,2,February,Tuesday,48605.40612244898,46–55
59377,33.0,female,uae,576330,video,fitness,6878.0,135.0,1467.0,6715,45792,2022-05-09,780961,False,tablet,positive,#fashion #love #travel,0.185185185,3,8480.0,2022,5,May,Monday,48928.41351888668,26–35
58404,27.0,female,uae,696605,image,tech,14904.0,1976.0,1542.0,6053,51011,2023-04-28,186148,False,desktop,neutral,#fitness,0.361137794,1,18422.0,2023,4,April,Friday,48928.41351888668,26–35
64045,29.0,female,france,616066,image,fashion,1921.0,977.0,1600.0,3815,96004,2022-05-26,713931,False,tablet,positive,#lifestyle #travel #love,0.046852214,3,4498.0,2022,5,May,Thursday,51727.67338709677,26–35
49790,34.0,male,usa,580042,image,lifestyle,10884.0,283.0,1992.0,746,45680,2023-09-17,608460,False,desktop,positive,#travel #tech #reels,0.288069177,3,13159.0,2023,9,September,Sunday,51263.87225548902,26–35
15600,50.0,other,uae,150530,image,lifestyle,4433.0,2897.0,1658.0,514,94472,2022-04-06,19275,True,desktop,negative,#reels #love #tech,0.095139301,3,8988.0,2022,4,April,Wednesday,48928.41351888668,46–55
50764,47.0,male,canada,443243,video,fashion,18211.0,2398.0,1059.0,6287,82447,2023-05-16,226862,False,desktop,positive,#fun #reels #foodie,0.262811261,3,21668.0,2023,5,May,Tuesday,48703.150097465885,46–55
84543,57.0,other,japan,388032,reel,fashion,10691.0,16.0,749.0,3039,87397,2023-04-01,251319,False,tablet,neutral,#fashion #fun,0.131080014,2,11456.0,2023,4,April,Saturday,49616.13559322034,56+
55714,28.0,other,usa,782851,text,tech,716.0,1238.0,1501.0,5861,54281,2023-02-08,403637,False,mobile,negative,#fashion #foodie,0.063650264,2,3455.0,2023,2,February,Wednesday,51263.87225548902,26–35
66835,20.0,other,japan,608653,video,education,17014.0,1422.0,1096.0,7688,53128,2022-01-08,771791,False,desktop,positive,#fashion,0.367640416,1,19532.0,2022,1,January,Saturday,49616.13559322034,18–25
83744,59.0,other,brazil,777036,image,food,3768.0,2461.0,1053.0,2856,27166,2022-08-08,522554,False,desktop,negative,#reels #love,0.268055658,2,7282.0,2022,8,August,Monday,49193.1746031746,56+
66491,29.0,other,australia,427980,reel,education,2707.0,1267.0,738.0,2341,64731,2023-12-26,487131,False,mobile,neutral,#fun #music #travel,0.072793561,3,4712.0,2023,12,December,Tuesday,48346.38336713996,26–35
28589,29.0,female,germany,268535,reel,travel,16151.0,2053.0,1326.0,324,43381,2022-04-12,94015,False,desktop,positive,#foodie #fashion,0.450197091,2,19530.0,2022,4,April,Tuesday,48605.40612244898,26–35
53484,38.0,male,france,996910,image,food,19741.0,779.0,1370.0,6336,49811,2023-11-09,611252,True,desktop,positive,#fashion #foodie,0.439461163,2,21890.0,2023,11,November,Thursday,51727.67338709677,36–45
92989,25.0,male,canada,935422,video,education,9499.0,2134.0,796.0,3362,71077,2022-01-02,777178,False,tablet,neutral,#music #travel,0.174866694,2,12429.0,2022,1,January,Sunday,48703.150097465885,18–25
46212,29.0,female,germany,710832,image,food,16306.0,2236.0,1534.0,7806,47124,2023-12-15,719886,False,mobile,neutral,#music #reels #fun,0.426024955,3,20076.0,2023,12,December,Friday,48605.40612244898,26–35
53525,50.0,other,france,687915,reel,music,5033.0,1639.0,1540.0,3490,91597,2023-05-05,325970,False,desktop,negative,#fitness,0.089653591,1,8212.0,2023,5,May,Friday,51727.67338709677,46–55
57202,29.0,male,germany,513437,reel,fitness,4386.0,419.0,1088.0,2507,51869,2023-11-26,9344,False,tablet,positive,#fashion #reels #music,0.113613141,3,5893.0,2023,11,November,Sunday,48605.40612244898,26–35
42635,38.0,female,germany,870325,video,music,12150.0,1826.0,746.0,6115,10246,2022-07-19,525088,False,tablet,neutral,#fitness,1.436853406,1,14722.0,2022,7,July,Tuesday,48605.40612244898,36–45
73208,26.0,female,india,850230,text,travel,8157.0,1497.0,626.0,5167,33457,2022-01-26,679533,False,tablet,positive,#music #tech,0.331111576,2,10280.0,2022,1,January,Wednesday,52462.38691588785,26–35
43828,57.0,male,australia,602270,image,fashion,14113.0,859.0,452.0,3178,98902,2022-12-16,633201,False,tablet,neutral,#reels #lifestyle,0.155952357,2,15424.0,2022,12,December,Friday,48346.38336713996,56+
28711,18.0,male,uk,228345,text,food,15974.0,206.0,1012.0,7431,55599,2022-04-12,42782,False,mobile,positive,#travel,0.305940754,1,17192.0,2022,4,April,Tuesday,51119.39350912779,Under 18
13420,47.0,other,france,579053,reel,education,7675.0,2471.0,757.0,3324,16413,2023-10-10,225917,False,mobile,neutral,#lifestyle #fitness #tech,0.664290501,3,10903.0,2023,10,October,Tuesday,51727.67338709677,46–55
10301,58.0,other,canada,697131,text,tech,10105.5,2596.0,860.0,1562,27498,2022-11-27,767843,False,tablet,neutral,#music #travel,0.789402866,2,13561.5,2022,11,November,Sunday,48703.150097465885,56+
55236,26.0,male,usa,129251,image,food,16410.0,2534.0,1975.0,1544,9424,2023-01-07,175352,False,mobile,negative,#fun #foodie #fitness,2.219758065,3,20919.0,2023,1,January,Saturday,51263.87225548902,26–35
76235,59.0,other,germany,539802,image,fashion,10105.5,2180.0,1552.0,5851,7532,2022-07-16,143514,False,tablet,negative,#reels,2.596654275,1,13837.5,2022,7,July,Saturday,48605.40612244898,56+
64240,20.0,female,germany,855053,reel,education,12841.0,2040.0,1918.0,3229,20967,2023-05-25,448119,False,desktop,neutral,#tech,0.801211427,1,16799.0,2023,5,May,Thursday,48605.40612244898,18–25
75726,27.0,other,france,698706,video,food,9124.0,114.0,818.0,525,34459,2022-01-30,118603,False,desktop,positive,#love #music,0.291825067,2,10056.0,2022,1,January,Sunday,51727.67338709677,26–35
20492,39.0,other,brazil,939052,video,lifestyle,6588.0,2424.0,1392.0,5014,70043,2022-10-26,696876,False,tablet,positive,#love #fun #reels,0.148537327,3,10404.0,2022,10,October,Wednesday,49193.1746031746,36–45
16102,25.0,female,uk,634328,reel,music,15822.0,210.0,1060.0,6172,31071,2022-05-13,389739,False,desktop,neutral,#fitness #reels,0.550094944,2,17092.0,2022,5,May,Friday,51119.39350912779,18–25
60336,61.0,other,germany,276950,image,fitness,16850.0,131.0,1879.0,4633,50859,2023-06-16,324617,False,tablet,positive,#tech #fun #fitness,0.370829155,3,18860.0,2023,6,June,Friday,48605.40612244898,56+
95314,43.0,female,uae,499185,video,fitness,13536.0,1397.0,1907.0,1749,36592,2022-11-04,712975,False,desktop,negative,#music #tech #foodie,0.460209882,3,16840.0,2022,11,November,Friday,48928.41351888668,36–45
36641,47.0,other,india,113162,text,food,2700.0,153.0,380.0,6286,91927,2022-01-21,502465,False,desktop,positive,#fun #fashion,0.03516921,2,3233.0,2022,1,January,Friday,52462.38691588785,46–55
44584,18.0,male,japan,689723,reel,fitness,8809.0,919.0,1242.0,4722,53106,2022-02-10,479073,False,mobile,negative,#love #travel #lifestyle,0.206567996,3,10970.0,2022,2,February,Thursday,49616.13559322034,Under 18
42745,17.0,other,india,361989,text,tech,15115.0,1446.0,648.0,840,41169,2023-05-13,15436,False,tablet,negative,#love #reels #tech,0.418008696,3,17209.0,2023,5,May,Saturday,52462.38691588785,Under 18
33093,34.0,male,uk,742792,image,travel,12745.0,1497.0,245.0,2265,78005,2023-04-17,252626,False,mobile,positive,#music #reels,0.178719313,2,14487.0,2023,4,April,Monday,51119.39350912779,26–35
76105,61.0,male,uae,436811,video,food,19071.0,2853.0,1573.0,4688,30391,2023-10-26,291016,False,tablet,positive,#fashion #music,0.773156527,2,23497.0,2023,10,October,Thursday,48928.41351888668,56+
61885,35.0,male,india,490802,image,tech,5332.0,1389.0,250.0,712,17252,2022-11-04,628958,False,desktop,positive,#fun #reels #fashion,0.404069093,3,6971.0,2022,11,November,Friday,52462.38691588785,26–35
46631,37.0,male,japan,629325,text,lifestyle,12159.0,1717.0,564.0,66,65774,2023-04-04,469764,True,tablet,neutral,#fitness,0.219539636,1,14440.0,2023,4,April,Tuesday,49616.13559322034,36–45
82991,46.0,male,usa,422670,image,tech,179.0,146.0,908.0,760,49472,2023-05-29,274325,False,tablet,positive,#fun #fitness #lifestyle,0.024923189,3,1233.0,2023,5,May,Monday,51263.87225548902,46–55
14014,38.0,female,australia,974346,image,tech,7996.0,1817.0,1369.0,6287,53179,2023-05-18,713732,False,tablet,positive,#fashion,0.210270972,1,11182.0,2023,5,May,Thursday,48346.38336713996,36–45
21093,59.0,female,usa,245765,reel,lifestyle,10777.0,714.0,820.0,5260,51639,2022-02-13,429127,False,tablet,positive,#reels #fun #music,0.238405081,3,12311.0,2022,2,February,Sunday,51263.87225548902,56+
28070,17.0,female,australia,619405,reel,fashion,14862.0,1596.0,714.0,5465,2625,2022-02-10,203611,False,desktop,negative,#tech #reels #travel,6.541714286,3,17172.0,2022,2,February,Thursday,48346.38336713996,Under 18
45777,38.0,male,brazil,978594,image,food,5464.0,2278.0,1910.0,464,9737,2022-09-20,486302,False,desktop,positive,#music,0.991270412,1,9652.0,2022,9,September,Tuesday,49193.1746031746,36–45
66958,32.0,other,brazil,159090,reel,music,17305.0,2498.0,471.0,4191,48424,2022-10-21,606878,False,mobile,neutral,#fashion #foodie #reels,0.418676689,3,20274.0,2022,10,October,Friday,49193.1746031746,26–35
92074,18.0,female,brazil,689848,image,food,10105.5,1523.0,1910.0,4503,56208,2023-11-16,708027,False,tablet,positive,#music,0.116086678,1,13538.5,2023,11,November,Thursday,49193.1746031746,Under 18
20729,18.0,other,india,499178,text,food,5527.0,906.0,1584.0,3189,34477,2022-01-09,694368,False,mobile,neutral,#travel #tech,0.232531833,2,8017.0,2022,1,January,Sunday,52462.38691588785,Under 18
55017,62.0,other,brazil,590167,reel,music,10105.5,1646.0,121.0,5949,80169,2022-02-22,185688,False,desktop,neutral,#tech #foodie,0.169117739,2,11872.5,2022,2,February,Tuesday,49193.1746031746,56+
76320,30.0,male,australia,451696,image,travel,13727.0,1724.0,1349.0,7864,87463,2022-05-08,567135,False,desktop,positive,#love #fashion,0.192081223,2,16800.0,2022,5,May,Sunday,48346.38336713996,26–35
37751,16.0,male,usa,378588,reel,tech,2719.0,2030.0,1954.0,4899,60307,2023-06-15,206410,False,tablet,positive,#fun #foodie #fashion,0.11114796,3,6703.0,2023,6,June,Thursday,51263.87225548902,Under 18
88069,29.0,male,france,402587,image,food,15912.0,2154.0,1551.0,1467,22468,2023-10-06,784003,False,tablet,positive,#music #fun #fashion,0.873108421,3,19617.0,2023,10,October,Friday,51727.67338709677,26–35
64748,26.0,female,germany,771866,reel,music,15467.0,2140.0,780.0,4852,25836,2023-06-09,475072,False,mobile,positive,#reels #music #travel,0.711681375,3,18387.0,2023,6,June,Friday,48605.40612244898,26–35
15801,26.0,male,australia,531600,video,music,12924.0,1659.0,747.0,6101,17853,2022-05-20,694891,False,desktop,negative,#foodie #fitness #love,0.858679214,3,15330.0,2022,5,May,Friday,48346.38336713996,26–35
29190,25.0,female,usa,609090,image,fitness,9215.0,828.0,120.0,7547,96342,2022-08-20,251226,False,mobile,positive,#foodie,0.10548878,1,10163.0,2022,8,August,Saturday,51263.87225548902,18–25
59689,19.0,female,usa,459373,video,fashion,16535.0,2187.0,138.0,2760,3671,2023-07-22,242310,True,desktop,negative,#foodie #lifestyle,5.137564696,2,18860.0,2023,7,July,Saturday,51263.87225548902,18–25
60993,56.0,female,germany,474458,image,lifestyle,15241.0,1337.0,86.0,6421,26898,2022-03-29,475039,False,desktop,positive,#tech #love,0.619525615,2,16664.0,2022,3,March,Tuesday,48605.40612244898,56+
39592,27.0,female,uae,613062,video,lifestyle,1144.0,10.0,129.0,4456,33356,2023-07-18,553235,False,mobile,negative,#travel,0.038463845,1,1283.0,2023,7,July,Tuesday,48928.41351888668,26–35
20647,31.0,male,france,648536,image,travel,4534.0,2495.0,251.0,1393,47519,2023-09-29,586326,False,desktop,positive,#travel #love,0.153201877,2,7280.0,2023,9,September,Friday,51727.67338709677,26–35
18716,55.0,female,uae,539378,reel,music,14635.0,2974.0,1885.0,3693,76695,2022-07-20,676263,False,desktop,neutral,#fashion #fun,0.254175631,2,19494.0,2022,7,July,Wednesday,48928.41351888668,46–55
98891,59.0,male,uae,798050,video,education,720.0,2442.0,786.0,4307,92639,2023-01-23,121494,False,mobile,negative,#fitness,0.04261704,1,3948.0,2023,1,January,Monday,48928.41351888668,56+
97545,56.0,male,usa,489665,reel,lifestyle,19613.0,1528.0,1383.0,5378,92089,2022-12-27,129727,False,desktop,negative,#fun #tech #music,0.244589473,3,22524.0,2022,12,December,Tuesday,51263.87225548902,56+
99912,47.0,female,japan,868112,image,fashion,1006.0,377.0,1836.0,1699,30724,2022-05-12,295989,False,mobile,positive,#foodie,0.104771514,1,3219.0,2022,5,May,Thursday,49616.13559322034,46–55
80316,29.0,male,canada,168008,reel,education,11490.0,360.0,1453.0,1120,9156,2022-06-26,649203,False,tablet,neutral,#fun #fitness #reels,1.452927042,3,13303.0,2022,6,June,Sunday,48703.150097465885,26–35
12368,47.0,other,australia,946741,image,music,10105.5,2730.0,46.0,5329,63379,2022-02-21,598898,True,desktop,negative,#tech #fitness #reels,0.155808706,3,12881.5,2022,2,February,Monday,48346.38336713996,46–55
87575,31.0,male,india,143237,reel,music,12311.0,1571.0,1968.0,1571,18664,2023-06-30,341822,False,mobile,positive,#love #reels #lifestyle,0.849228461,3,15850.0,2023,6,June,Friday,52462.38691588785,26–35
16655,32.0,male,uae,370248,video,tech,537.0,641.0,1614.0,4873,11320,2022-01-22,715340,False,desktop,negative,#travel #reels #love,0.24664311,3,2792.0,2022,1,January,Saturday,48928.41351888668,26–35
80031,48.0,female,brazil,707518,image,lifestyle,15929.0,572.0,500.0,7779,11390,2023-10-15,269994,False,desktop,negative,#music #tech #foodie,1.49262511,3,17001.0,2023,10,October,Sunday,49193.1746031746,46–55
86429,47.0,female,india,452410,reel,education,11016.0,1955.0,1833.0,6164,52580,2022-11-15,673182,False,mobile,positive,#fashion #love,0.281551921,2,14804.0,2022,11,November,Tuesday,52462.38691588785,46–55
97922,44.0,male,uk,659268,image,education,2685.0,1497.0,1952.0,728,20118,2022-06-17,50114,False,tablet,negative,#fun #love #reels,0.309225569,3,6134.0,2022,6,June,Friday,51119.39350912779,36–45
65766,60.0,female,japan,885345,image,lifestyle,1980.0,922.0,1899.0,3504,55238,2022-02-07,517238,False,mobile,positive,#fitness #fun,0.086914805,2,4801.0,2022,2,February,Monday,49616.13559322034,56+
23403,56.0,other,india,699278,image,fitness,5906.0,2443.0,424.0,615,82255,2023-07-21,318985,False,desktop,neutral,#foodie #fitness,0.10665613,2,8773.0,2023,7,July,Friday,52462.38691588785,56+
42097,52.0,other,germany,270632,text,tech,539.0,2233.0,1398.0,370,81667,2023-01-08,73258,False,tablet,negative,#lifestyle #fashion,0.051061016,2,4170.0,2023,1,January,Sunday,48605.40612244898,46–55
88657,36.0,female,canada,371698,image,food,12076.0,1541.0,964.0,3464,99392,2023-09-24,300394,False,tablet,positive,#love #lifestyle #travel,0.146701948,3,14581.0,2023,9,September,Sunday,48703.150097465885,36–45
20966,29.0,male,france,977481,reel,music,7261.0,1814.0,1877.0,6767,83402,2023-08-01,513145,False,desktop,neutral,#fun #love #travel,0.131315796,3,10952.0,2023,8,August,Tuesday,51727.67338709677,26–35
62921,19.0,other,germany,600223,text,fashion,9220.0,2418.0,730.0,5338,9106,2023-03-03,304423,False,mobile,positive,#travel #reels #love,1.358225346,3,12368.0,2023,3,March,Friday,48605.40612244898,18–25
59726,55.0,other,uae,277059,reel,lifestyle,51.0,1889.0,110.0,5623,44026,2022-06-15,747310,False,mobile,positive,#lifestyle,0.046563394,1,2050.0,2022,6,June,Wednesday,48928.41351888668,46–55
60300,62.0,male,japan,786345,text,fitness,1686.0,1899.0,1250.0,4727,79218,2023-12-23,728989,False,desktop,positive,#fitness #lifestyle,0.061034108,2,4835.0,2023,12,December,Saturday,49616.13559322034,56+
32677,13.0,female,japan,148167,image,music,19205.0,1227.0,1810.0,4856,26365,2023-05-17,201850,False,mobile,neutral,#love #tech #foodie,0.843618434,3,22242.0,2023,5,May,Wednesday,49616.13559322034,Under 18
65609,47.0,other,uae,347605,video,fashion,8096.0,2655.0,1791.0,4942,16008,2022-03-16,609091,False,mobile,positive,#travel #love #reels,0.783483258,3,12542.0,2022,3,March,Wednesday,48928.41351888668,46–55
66661,44.0,male,canada,795788,video,education,10032.0,2329.0,1062.0,947,71265,2023-03-16,499265,False,mobile,positive,#lifestyle,0.188353329,1,13423.0,2023,3,March,Thursday,48703.150097465885,36–45
41024,48.0,male,usa,429382,image,travel,8616.0,1439.0,134.0,1119,84506,2023-10-08,653201,False,tablet,positive,#tech #foodie,0.12057132,2,10189.0,2023,10,October,Sunday,51263.87225548902,46–55
80313,25.0,other,india,346150,text,fitness,10319.0,1056.0,1318.0,1455,18149,2022-09-22,494631,False,tablet,positive,#fashion #fun,0.699377376,2,12693.0,2022,9,September,Thursday,52462.38691588785,18–25
63006,18.0,female,brazil,818083,reel,music,8545.0,1497.0,1012.0,6331,10927,2023-02-10,575577,False,mobile,negative,#fitness,1.032579848,1,11054.0,2023,2,February,Friday,49193.1746031746,Under 18
25338,26.0,other,uae,117038,video,education,3690.0,1506.0,1057.0,2548,69622,2023-11-17,511064,False,desktop,neutral,#music,0.089813565,1,6253.0,2023,11,November,Friday,48928.41351888668,26–35
78027,49.0,male,brazil,515435,image,travel,18073.0,2195.0,986.0,7019,41054,2022-08-31,64617,False,desktop,positive,#music #lifestyle,0.517708384,2,21254.0,2022,8,August,Wednesday,49193.1746031746,46–55
90135,60.0,other,india,913829,image,lifestyle,10105.5,1497.0,427.0,2422,67459,2023-08-24,236454,False,desktop,negative,#tech #love,0.156257875,2,12029.5,2023,8,August,Thursday,52462.38691588785,56+
29508,27.0,female,canada,174491,text,fitness,716.0,964.0,1988.0,6577,63034,2023-06-27,92954,False,desktop,positive,#love #fashion,0.058190818,2,3668.0,2023,6,June,Tuesday,48703.150097465885,26–35
13051,59.0,male,usa,653890,video,food,4575.0,991.0,1091.0,7590,55080,2022-10-04,569959,False,mobile,neutral,#reels,0.120860566,1,6657.0,2022,10,October,Tuesday,51263.87225548902,56+
58747,16.0,female,france,678759,image,education,10670.0,2995.0,1726.0,5263,54682,2023-07-04,45407,False,mobile,neutral,#tech,0.281463736,1,15391.0,2023,7,July,Tuesday,51727.67338709677,Under 18
97142,52.0,other,canada,817510,video,music,15637.0,494.0,198.0,3611,87356,2022-11-04,466459,True,desktop,positive,#fun,0.186924768,1,16329.0,2022,11,November,Friday,48703.150097465885,46–55
97235,28.0,other,brazil,983513,reel,fashion,16346.0,1193.0,559.0,2546,86108,2023-02-07,515553,False,mobile,positive,#fashion #foodie #fun,0.210177916,3,18098.0,2023,2,February,Tuesday,49193.1746031746,26–35
64021,40.0,female,japan,647404,image,fashion,637.0,2770.0,258.0,6149,710,2023-10-12,195571,False,desktop,neutral,#love,5.161971831,1,3665.0,2023,10,October,Thursday,49616.13559322034,36–45
76412,28.0,other,japan,368818,image,education,7979.0,702.0,724.0,1340,91547,2023-03-06,795607,False,desktop,neutral,#foodie #reels #fashion,0.102734115,3,9405.0,2023,3,March,Monday,49616.13559322034,26–35
68335,16.0,female,uk,510685,reel,education,9491.0,1030.0,673.0,3845,36736,2022-03-17,426588,False,tablet,positive,#love #fun #fashion,0.304714721,3,11194.0,2022,3,March,Thursday,51119.39350912779,Under 18
66179,57.0,other,australia,367590,image,tech,12631.0,1403.0,1648.0,5349,86345,2022-12-05,679989,False,desktop,negative,#fitness,0.181620244,1,15682.0,2022,12,December,Monday,48346.38336713996,56+
42093,38.0,male,germany,224809,text,fitness,8903.0,825.0,136.0,7289,11984,2023-03-26,611234,False,tablet,neutral,#travel #music,0.823097463,2,9864.0,2023,3,March,Sunday,48605.40612244898,36–45
79678,40.0,female,germany,907192,reel,music,11725.0,2481.0,1852.0,1518,86455,2022-03-20,241238,False,desktop,negative,#lifestyle #fitness,0.185738245,2,16058.0,2022,3,March,Sunday,48605.40612244898,36–45
90738,38.0,male,uae,626251,text,music,12070.0,1057.0,915.0,5825,51415,2022-02-07,553419,False,mobile,neutral,#foodie #reels #love,0.27311096,3,14042.0,2022,2,February,Monday,48928.41351888668,36–45
49734,57.0,male,brazil,470425,reel,music,3341.0,562.0,935.0,6760,51001,2022-11-14,112412,False,tablet,positive,#fun #foodie #tech,0.094860885,3,4838.0,2022,11,November,Monday,49193.1746031746,56+
82615,14.0,female,germany,831362,reel,music,16068.0,2185.0,380.0,1959,21656,2022-11-24,227642,False,mobile,positive,#travel,0.860408201,1,18633.0,2022,11,November,Thursday,48605.40612244898,Under 18
83523,43.0,other,germany,782622,text,fitness,10105.5,366.0,1547.0,710,46776,2023-03-06,530496,False,desktop,positive,#reels #foodie,0.159547631,2,12018.5,2023,3,March,Monday,48605.40612244898,36–45
27019,38.0,other,canada,629465,reel,education,18167.0,2153.0,1894.0,4570,78858,2022-06-12,317449,False,tablet,positive,#fitness,0.281696213,1,22214.0,2022,6,June,Sunday,48703.150097465885,36–45
93613,20.0,other,france,111160,video,travel,14688.0,793.0,237.0,573,86703,2022-12-24,143508,False,desktop,neutral,#tech #fun #reels,0.181285538,3,15718.0,2022,12,December,Saturday,51727.67338709677,18–25
96672,36.0,female,brazil,465020,text,fitness,17872.0,635.0,1307.0,2843,11118,2023-10-02,485018,False,desktop,positive,#music #fun,1.782155064,2,19814.0,2023,10,October,Monday,49193.1746031746,36–45
83847,27.0,female,uk,107543,reel,fashion,16851.0,1705.0,687.0,507,36699,2023-11-01,786698,False,mobile,positive,#tech #fun #foodie,0.524346712,3,19243.0,2023,11,November,Wednesday,51119.39350912779,26–35
92750,55.0,female,france,993643,text,fitness,5583.0,986.0,1760.0,6735,68015,2022-11-25,303344,False,tablet,neutral,#lifestyle #fun,0.122458281,2,8329.0,2022,11,November,Friday,51727.67338709677,46–55
89634,43.0,female,uk,663566,reel,tech,12113.0,957.0,457.0,2222,22589,2023-02-18,554248,False,mobile,neutral,#travel #fashion,0.59883129,2,13527.0,2023,2,February,Saturday,51119.39350912779,36–45
38251,21.0,male,brazil,841195,reel,tech,17801.0,854.0,1610.0,7688,48171,2023-08-18,247543,True,mobile,negative,#reels,0.420688796,1,20265.0,2023,8,August,Friday,49193.1746031746,18–25
35945,51.0,female,usa,248293,video,education,18160.0,2125.0,1158.0,4787,12494,2023-04-21,496282,False,tablet,positive,#fitness #fashion,1.716263807,2,21443.0,2023,4,April,Friday,51263.87225548902,46–55
42217,57.0,other,usa,496539,video,fashion,1081.0,1569.0,81.0,1294,14517,2023-04-01,690820,False,mobile,positive,#fashion,0.188124268,1,2731.0,2023,4,April,Saturday,51263.87225548902,56+
18308,14.0,male,germany,938537,video,fashion,13437.0,2256.0,594.0,1697,27949,2023-12-30,765136,False,desktop,positive,#fashion #travel #fun,0.582739991,3,16287.0,2023,12,December,Saturday,48605.40612244898,Under 18
15949,20.0,other,uae,338913,reel,music,19309.0,1434.0,653.0,787,35307,2023-12-15,284951,False,tablet,negative,#fitness #foodie,0.60599881,2,21396.0,2023,12,December,Friday,48928.41351888668,18–25
61990,19.0,female,japan,438295,video,fashion,4084.0,7.0,1232.0,3789,61769,2022-06-01,191772,False,tablet,positive,#foodie #fitness,0.086175913,2,5323.0,2022,6,June,Wednesday,49616.13559322034,18–25
11150,56.0,male,canada,880268,text,fitness,12253.0,736.0,1750.0,4667,24390,2023-06-22,101709,False,tablet,positive,#lifestyle #travel #music,0.604305043,3,14739.0,2023,6,June,Thursday,48703.150097465885,56+
99480,63.0,female,germany,429112,reel,fitness,7628.0,2274.0,402.0,2233,15215,2023-02-19,28792,False,tablet,positive,#fitness #tech,0.677226421,2,10304.0,2023,2,February,Sunday,48605.40612244898,56+
84740,51.0,male,australia,861319,text,food,6195.0,2222.0,821.0,586,32852,2022-12-09,769577,False,tablet,positive,#fitness #foodie #lifestyle,0.281200536,3,9238.0,2022,12,December,Friday,48346.38336713996,46–55
76617,54.0,other,usa,950262,video,lifestyle,1011.0,80.0,1790.0,3165,46502,2023-01-21,493734,False,tablet,positive,#fitness #lifestyle #fashion,0.061954325,3,2881.0,2023,1,January,Saturday,51263.87225548902,46–55
26896,28.0,female,germany,960399,reel,education,813.0,1497.0,187.0,3650,24341,2022-06-16,688277,False,desktop,negative,#lifestyle,0.088656998,1,2497.0,2022,6,June,Thursday,48605.40612244898,26–35
56175,47.0,female,japan,239402,text,lifestyle,12138.0,237.0,492.0,4609,49121,2023-04-17,279177,False,tablet,positive,#love,0.261944993,1,12867.0,2023,4,April,Monday,49616.13559322034,46–55
17805,42.0,male,uk,275225,image,music,272.0,1495.0,1782.0,3249,38297,2022-05-20,334168,False,mobile,positive,#tech,0.092670444,1,3549.0,2022,5,May,Friday,51119.39350912779,36–45
15237,22.0,male,uk,895043,text,music,15682.0,1049.0,254.0,2701,64179,2022-08-17,638133,False,mobile,positive,#love #tech #foodie,0.264650431,3,16985.0,2022,8,August,Wednesday,51119.39350912779,18–25
30056,50.0,female,india,376016,reel,travel,16192.0,186.0,1346.0,6071,90079,2022-03-14,307045,False,mobile,negative,#travel #tech #lifestyle,0.196760621,3,17724.0,2022,3,March,Monday,52462.38691588785,46–55
55543,30.0,male,canada,935887,image,fitness,18100.0,1905.0,1697.0,4036,36633,2023-03-04,289451,False,tablet,positive,#fitness #fashion,0.592416673,2,21702.0,2023,3,March,Saturday,48703.150097465885,26–35
66556,62.0,female,uae,921362,video,food,6276.0,629.0,1012.0,555,77997,2022-10-26,497412,False,mobile,neutral,#tech,0.112632537,1,7917.0,2022,10,October,Wednesday,48928.41351888668,56+
13343,17.0,male,uk,958454,video,food,6828.0,1732.0,424.0,1709,89932,2022-08-24,605813,False,desktop,positive,#travel #tech,0.0998977,2,8984.0,2022,8,August,Wednesday,51119.39350912779,Under 18
23500,41.0,other,india,162714,text,tech,356.0,814.0,1438.0,3975,74481,2023-12-08,154686,False,mobile,positive,#fun #music #foodie,0.035015642,3,2608.0,2023,12,December,Friday,52462.38691588785,36–45
63222,51.0,male,usa,749194,video,fitness,13654.0,613.0,1190.0,4390,79383,2023-08-23,43250,False,tablet,neutral,#foodie #reels #music,0.194714234,3,15457.0,2023,8,August,Wednesday,51263.87225548902,46–55
39375,46.0,other,uk,470866,text,food,203.0,2939.0,1613.0,7398,83193,2022-04-07,648211,False,desktop,positive,#music #foodie,0.057156251,2,4755.0,2022,4,April,Thursday,51119.39350912779,46–55
19662,55.0,male,uae,953136,text,tech,17980.0,1497.0,484.0,3307,67303,2023-04-23,36728,False,desktop,positive,#music #fitness,0.291963211,2,19961.0,2023,4,April,Sunday,48928.41351888668,46–55
26964,57.0,male,germany,100415,text,travel,6614.0,2225.0,435.0,5212,47063,2023-11-09,273967,False,desktop,positive,#travel #music #love,0.197055011,3,9274.0,2023,11,November,Thursday,48605.40612244898,56+
69638,35.0,female,japan,700729,text,tech,14799.0,984.0,1710.0,1510,31134,2023-05-06,668744,False,mobile,positive,#travel #lifestyle,0.56186163,2,17493.0,2023,5,May,Saturday,49616.13559322034,26–35
83666,17.0,male,australia,736024,reel,music,496.0,2327.0,1555.0,6187,14243,2022-10-23,28751,False,mobile,negative,#fun #lifestyle,0.307379063,2,4378.0,2022,10,October,Sunday,48346.38336713996,Under 18
95067,42.0,male,uk,695067,reel,travel,12989.0,797.0,1631.0,2586,68957,2023-02-10,349934,False,tablet,positive,#foodie #reels #music,0.223574111,3,15417.0,2023,2,February,Friday,51119.39350912779,36–45
77215,18.0,other,australia,847916,image,music,16446.0,1077.0,1504.0,5903,90693,2023-12-16,519608,False,desktop,positive,#foodie,0.209795684,1,19027.0,2023,12,December,Saturday,48346.38336713996,Under 18
79042,58.0,male,australia,974876,image,lifestyle,1579.0,66.0,179.0,3546,93515,2023-03-23,603806,False,tablet,positive,#lifestyle #tech,0.019504892,2,1824.0,2023,3,March,Thursday,48346.38336713996,56+
23284,56.0,female,australia,204448,video,music,4876.0,543.0,1630.0,6182,69762,2023-11-30,48578,False,tablet,negative,#tech,0.101043548,1,7049.0,2023,11,November,Thursday,48346.38336713996,56+
82789,16.0,other,france,372032,reel,lifestyle,7850.0,1786.0,1094.0,7552,19277,2022-10-02,525714,False,tablet,positive,#lifestyle #music,0.556621881,2,10730.0,2022,10,October,Sunday,51727.67338709677,Under 18
94664,41.0,female,australia,276371,image,fashion,4125.0,519.0,1725.0,4076,74935,2022-01-20,221805,False,desktop,positive,#fashion #fun #love,0.084993661,3,6369.0,2022,1,January,Thursday,48346.38336713996,36–45
71389,35.0,female,france,224790,reel,fashion,19097.0,2546.0,900.0,3506,46151,2023-08-08,124445,False,desktop,neutral,#music #fun,0.488461788,2,22543.0,2023,8,August,Tuesday,51727.67338709677,26–35
19435,18.0,female,japan,683053,reel,education,5328.0,945.0,1464.0,6078,71821,2023-03-03,741989,False,tablet,neutral,#foodie,0.107726153,1,7737.0,2023,3,March,Friday,49616.13559322034,Under 18
64340,44.0,female,australia,293786,video,tech,16200.0,1454.0,643.0,6432,53037,2022-12-27,368869,False,desktop,positive,#music #fitness #fun,0.344985576,3,18297.0,2022,12,December,Tuesday,48346.38336713996,36–45
54078,54.0,other,india,115935,video,education,9272.0,2774.0,138.0,4343,59878,2022-11-06,227921,False,mobile,neutral,#fitness #fun,0.20348041,2,12184.0,2022,11,November,Sunday,52462.38691588785,46–55
88832,30.0,male,australia,959434,text,fashion,11696.0,1058.0,786.0,3633,95303,2023-08-17,590599,False,desktop,positive,#reels #fun,0.142073177,2,13540.0,2023,8,August,Thursday,48346.38336713996,26–35
61293,38.0,female,brazil,442775,reel,music,3379.0,2236.0,101.0,2406,74093,2022-12-22,717626,False,mobile,negative,#foodie #fashion,0.077146289,2,5716.0,2022,12,December,Thursday,49193.1746031746,36–45
88781,52.0,other,canada,625608,text,fitness,17982.0,1112.0,467.0,1461,16042,2022-01-27,333999,False,desktop,negative,#fashion #love,1.219361676,2,19561.0,2022,1,January,Thursday,48703.150097465885,46–55
70403,44.0,female,india,408176,text,tech,16119.0,946.0,282.0,5914,67759,2023-10-15,180355,False,tablet,positive,#tech #reels,0.256010272,2,17347.0,2023,10,October,Sunday,52462.38691588785,36–45
39124,21.0,male,uae,702051,text,food,16012.0,135.0,1052.0,6352,17994,2022-02-16,715865,False,tablet,negative,#foodie,0.955818606,1,17199.0,2022,2,February,Wednesday,48928.41351888668,18–25
53919,49.0,other,uk,400146,reel,music,19562.0,2593.0,17.0,2171,54027,2023-04-01,228620,True,mobile,negative,#foodie,0.410387399,1,22172.0,2023,4,April,Saturday,51119.39350912779,46–55
45247,22.0,other,japan,538054,reel,fitness,3372.0,792.0,1956.0,5070,96240,2022-04-22,699388,False,mobile,neutral,#foodie #fashion,0.063591022,2,6120.0,2022,4,April,Friday,49616.13559322034,18–25
72752,32.0,male,japan,663200,text,education,17453.0,1136.0,1980.0,5973,56260,2023-10-25,345319,False,desktop,negative,#music,0.365606114,1,20569.0,2023,10,October,Wednesday,49616.13559322034,26–35
66573,18.0,other,brazil,362696,reel,tech,14412.0,1362.0,755.0,7928,36290,2023-01-10,94129,False,mobile,positive,#lifestyle,0.455469826,1,16529.0,2023,1,January,Tuesday,49193.1746031746,Under 18
69101,60.0,male,brazil,644428,text,education,19160.0,554.0,686.0,402,8531,2022-11-11,294605,False,tablet,positive,#music #fashion #foodie,2.391278865,3,20400.0,2022,11,November,Friday,49193.1746031746,56+
36646,15.0,male,brazil,185591,image,lifestyle,1192.0,2941.0,1012.0,283,57494,2022-05-06,227043,False,desktop,positive,#fashion #fun,0.098514628,2,5145.0,2022,5,May,Friday,49193.1746031746,Under 18
33049,54.0,other,brazil,279809,reel,travel,17197.0,945.0,600.0,6806,57919,2022-01-07,662083,False,mobile,negative,#travel #love #music,0.323589841,3,18742.0,2022,1,January,Friday,49193.1746031746,46–55
89605,23.0,male,brazil,657655,video,education,1152.0,1497.0,1043.0,6719,32438,2023-07-16,284350,False,tablet,positive,#foodie #music,0.146957272,2,3692.0,2023,7,July,Sunday,49193.1746031746,18–25
78385,55.0,male,usa,311706,video,fashion,1883.0,2221.0,1349.0,6115,92216,2022-12-26,554194,True,tablet,neutral,#tech,0.059132905,1,5453.0,2022,12,December,Monday,51263.87225548902,46–55
50158,29.0,other,germany,648349,text,fashion,16651.0,2684.0,1379.0,240,31683,2023-08-01,341952,False,desktop,positive,#reels #fitness #foodie,0.653789098,3,20714.0,2023,8,August,Tuesday,48605.40612244898,26–35
75417,44.0,other,japan,458734,image,fashion,2812.0,2254.0,432.0,4262,14013,2022-12-28,651015,False,desktop,positive,#music #fashion,0.392349961,2,5498.0,2022,12,December,Wednesday,49616.13559322034,36–45
33289,16.0,male,brazil,928556,reel,tech,12872.0,1366.0,1422.0,5871,95201,2023-11-10,301104,False,desktop,positive,#love,0.16449407,1,15660.0,2023,11,November,Friday,49193.1746031746,Under 18
19823,16.0,male,uk,584331,text,fitness,6562.0,948.0,1041.0,4656,14960,2023-12-09,297943,False,desktop,positive,#fitness #fun #travel,0.571590909,3,8551.0,2023,12,December,Saturday,51119.39350912779,Under 18
70160,29.0,other,usa,495198,image,travel,7013.0,103.0,1573.0,7866,33024,2023-11-26,453391,True,mobile,positive,#love #travel #tech,0.263111676,3,8689.0,2023,11,November,Sunday,51263.87225548902,26–35
51975,53.0,other,india,992566,image,fashion,5177.0,1046.0,375.0,2195,95331,2022-09-21,28471,False,desktop,positive,#love #fashion,0.069211484,2,6598.0,2022,9,September,Wednesday,52462.38691588785,46–55
19540,31.0,other,india,922197,reel,fitness,16767.0,1860.0,1624.0,700,73234,2022-10-02,490899,False,mobile,positive,#travel #tech,0.276524565,2,20251.0,2022,10,October,Sunday,52462.38691588785,26–35
26364,17.0,male,france,444750,video,education,19234.0,2337.0,1363.0,2670,37629,2023-09-22,153362,False,tablet,neutral,#lifestyle,0.609476733,1,22934.0,2023,9,September,Friday,51727.67338709677,Under 18
14611,44.0,other,germany,982854,video,food,17433.0,2614.0,1173.0,1919,32553,2023-01-31,182655,False,desktop,neutral,#fun #foodie #tech,0.651860044,3,21220.0,2023,1,January,Tuesday,48605.40612244898,36–45
37663,34.0,female,india,734198,image,lifestyle,18217.0,963.0,1010.0,4360,76611,2022-11-09,598113,False,desktop,positive,#travel #foodie #fitness,0.263539178,3,20190.0,2022,11,November,Wednesday,52462.38691588785,26–35
61991,18.0,male,brazil,941113,video,food,8989.0,837.0,715.0,2548,54489,2023-05-07,397274,False,desktop,neutral,#fun #reels,0.193451889,2,10541.0,2023,5,May,Sunday,49193.1746031746,Under 18
67679,47.0,other,japan,948781,image,travel,4467.0,1497.0,1256.0,2326,86190,2023-02-08,474756,False,desktop,positive,#tech #fashion,0.094918204,2,7220.0,2023,2,February,Wednesday,49616.13559322034,46–55
40977,34.0,male,france,724351,image,fashion,19359.0,1582.0,1127.0,2796,54299,2023-01-12,398459,False,desktop,positive,#fashion #foodie,0.406416324,2,22068.0,2023,1,January,Thursday,51727.67338709677,26–35
59115,13.0,female,canada,163474,image,music,5155.0,881.0,1023.0,7046,31544,2023-10-06,204392,False,desktop,positive,#tech,0.223782653,1,7059.0,2023,10,October,Friday,48703.150097465885,Under 18
98223,32.0,male,usa,784873,video,music,14136.0,2933.0,1979.0,2206,94070,2023-10-21,374835,False,desktop,positive,#lifestyle,0.202487509,1,19048.0,2023,10,October,Saturday,51263.87225548902,26–35
70890,34.0,other,canada,909024,text,food,17674.0,423.0,1646.0,5179,48212,2023-06-25,321957,False,mobile,neutral,#foodie,0.409503858,1,19743.0,2023,6,June,Sunday,48703.150097465885,26–35
76387,60.0,female,canada,474340,video,lifestyle,7961.0,2202.0,736.0,4594,18898,2022-11-16,247603,False,desktop,positive,#reels #fun,0.576727696,2,10899.0,2022,11,November,Wednesday,48703.150097465885,56+
28071,23.0,female,brazil,910050,text,fitness,7186.0,2198.0,220.0,7484,60247,2022-08-13,495110,False,desktop,neutral,#lifestyle #reels,0.159410427,2,9604.0,2022,8,August,Saturday,49193.1746031746,18–25
69275,25.0,other,canada,151632,video,music,7506.0,211.0,1985.0,1610,11541,2023-04-01,358269,False,desktop,neutral,#love #fitness,0.840655056,2,9702.0,2023,4,April,Saturday,48703.150097465885,18–25
82369,54.0,other,canada,508625,reel,fitness,18571.0,1215.0,1049.0,487,67791,2023-10-13,42043,False,mobile,positive,#foodie #fashion #fun,0.307341683,3,20835.0,2023,10,October,Friday,48703.150097465885,46–55
21938,15.0,other,india,109529,reel,food,8258.0,880.0,1087.0,464,47892,2022-10-16,483965,False,desktop,positive,#love,0.213501211,1,10225.0,2022,10,October,Sunday,52462.38691588785,Under 18
45195,21.0,male,uae,648442,video,education,13302.0,754.0,253.0,4323,63042,2022-10-08,389592,False,desktop,positive,#lifestyle #reels #love,0.226975667,3,14309.0,2022,10,October,Saturday,48928.41351888668,18–25
14000,24.0,male,france,132882,reel,education,16183.0,1121.0,1272.0,665,85777,2023-02-21,40243,False,tablet,positive,#fitness,0.216561549,1,18576.0,2023,2,February,Tuesday,51727.67338709677,18–25
80588,35.0,male,canada,669205,reel,fashion,7791.0,2588.0,735.0,5475,32960,2023-04-29,300714,False,desktop,positive,#lifestyle #travel,0.337196602,2,11114.0,2023,4,April,Saturday,48703.150097465885,26–35
48304,26.0,other,germany,706776,reel,lifestyle,6770.0,700.0,825.0,1489,12568,2023-06-22,257011,False,tablet,positive,#fitness,0.660009548,1,8295.0,2023,6,June,Thursday,48605.40612244898,26–35
79449,45.0,other,uk,639989,reel,travel,9893.0,2219.0,1154.0,6965,58114,2022-11-09,690952,False,tablet,neutral,#fitness #tech,0.228275459,2,13266.0,2022,11,November,Wednesday,51119.39350912779,36–45
92986,30.0,male,france,306353,text,fashion,17989.0,370.0,29.0,798,35011,2023-09-01,33293,False,desktop,neutral,#love #fashion,0.525206364,2,18388.0,2023,9,September,Friday,51727.67338709677,26–35
99643,61.0,male,germany,845231,image,music,7987.0,1732.0,786.0,2800,90443,2023-10-12,122242,False,desktop,positive,#travel,0.116150504,1,10505.0,2023,10,October,Thursday,48605.40612244898,56+
30764,53.0,male,uk,692513,text,tech,7165.0,1163.0,9.0,3298,55223,2023-08-31,142053,False,desktop,negative,#fun #tech,0.150969705,2,8337.0,2023,8,August,Thursday,51119.39350912779,46–55
96027,21.0,male,canada,807852,image,food,13514.0,912.0,1112.0,3240,61433,2022-02-26,545305,False,tablet,positive,#fun,0.252925952,1,15538.0,2022,2,February,Saturday,48703.150097465885,18–25
48494,35.0,other,uae,102988,image,tech,4505.0,1828.0,429.0,3355,18086,2022-05-03,194397,False,mobile,neutral,#fitness #music #fashion,0.373880349,3,6762.0,2022,5,May,Tuesday,48928.41351888668,26–35
13373,22.0,other,australia,135919,video,music,5807.0,801.0,1170.0,3929,35819,2022-10-17,239443,False,mobile,positive,#fun,0.217147324,1,7778.0,2022,10,October,Monday,48346.38336713996,18–25
22161,31.0,male,japan,603239,video,food,6256.0,2303.0,1150.0,4357,59216,2023-08-21,193658,False,desktop,neutral,#travel #fun #lifestyle,0.163959065,3,9709.0,2023,8,August,Monday,49616.13559322034,26–35
37350,59.0,male,germany,803786,video,travel,15156.0,989.0,697.0,3873,75894,2022-11-06,57090,False,desktop,neutral,#foodie #fashion,0.221914776,2,16842.0,2022,11,November,Sunday,48605.40612244898,56+
35351,17.0,other,canada,807527,video,fashion,11908.0,675.0,123.0,859,1410,2023-07-17,488226,False,tablet,negative,#fun #lifestyle #music,9.011347518,3,12706.0,2023,7,July,Monday,48703.150097465885,Under 18
98668,59.0,male,france,109013,video,lifestyle,4284.0,2911.0,1642.0,363,96562,2022-08-16,518043,False,tablet,neutral,#foodie #fun,0.091516331,2,8837.0,2022,8,August,Tuesday,51727.67338709677,56+
25305,64.0,other,india,532329,text,music,14438.0,415.0,1364.0,6142,63898,2022-01-06,372446,False,mobile,positive,#fashion,0.253795111,1,16217.0,2022,1,January,Thursday,52462.38691588785,56+
85353,35.0,male,canada,758934,text,education,2154.0,2376.0,1541.0,6126,71882,2023-03-19,5073,False,tablet,positive,#lifestyle,0.084457861,1,6071.0,2023,3,March,Sunday,48703.150097465885,26–35
86797,38.0,female,australia,853376,reel,education,10105.5,2965.0,50.0,7688,82178,2022-11-06,226358,False,mobile,negative,#fashion #foodie,0.130898781,2,13120.5,2022,11,November,Sunday,48346.38336713996,36–45
75953,37.0,male,canada,107838,text,fashion,14227.0,1162.0,397.0,3932,20262,2022-01-02,495136,False,desktop,positive,#foodie #fitness,0.77909387,2,15786.0,2022,1,January,Sunday,48703.150097465885,36–45
67458,40.0,other,canada,131368,text,food,14265.0,961.0,1012.0,2145,16861,2023-08-26,743690,True,mobile,positive,#lifestyle #fun,0.921594211,2,16238.0,2023,8,August,Saturday,48703.150097465885,36–45
30358,46.0,male,japan,656516,video,education,19188.0,2871.0,647.0,5131,19779,2023-01-10,111879,False,mobile,neutral,#foodie #fun #love,1.147985237,3,22706.0,2023,1,January,Tuesday,49616.13559322034,46–55
13267,57.0,female,india,347368,reel,fitness,18604.0,1620.0,513.0,2831,74541,2022-09-03,607606,False,desktop,negative,#fashion #fitness #lifestyle,0.278195892,3,20737.0,2022,9,September,Saturday,52462.38691588785,56+
92745,60.0,female,germany,408241,text,tech,9190.0,1535.0,501.0,4678,12479,2023-04-17,206935,False,mobile,positive,#foodie,0.899591313,1,11226.0,2023,4,April,Monday,48605.40612244898,56+
99588,59.0,male,brazil,286845,text,lifestyle,17105.0,248.0,529.0,5022,47870,2023-08-14,267194,False,tablet,neutral,#foodie #music #fitness,0.373553374,3,17882.0,2023,8,August,Monday,49193.1746031746,56+
48513,37.0,male,brazil,508039,reel,lifestyle,19778.0,1886.0,1784.0,7584,59667,2022-10-31,554094,False,tablet,neutral,#fashion #tech,0.392981045,2,23448.0,2022,10,October,Monday,49193.1746031746,36–45
36092,22.0,other,france,778870,image,education,4025.0,2792.0,696.0,3572,13521,2022-02-27,562320,False,desktop,positive,#foodie,0.555654168,1,7513.0,2022,2,February,Sunday,51727.67338709677,18–25
21338,26.0,female,uae,229802,video,music,10105.5,2355.0,733.0,6278,94283,2022-08-13,784666,False,desktop,positive,#love,0.201467921,1,13193.5,2022,8,August,Saturday,48928.41351888668,26–35
10412,54.0,female,canada,924765,text,fashion,14469.0,572.0,1763.0,6402,49038,2023-03-02,448326,False,tablet,negative,#tech,0.342673029,1,16804.0,2023,3,March,Thursday,48703.150097465885,46–55
17543,58.0,female,france,366579,text,fashion,5156.0,1808.0,859.0,915,11074,2022-07-21,144981,False,tablet,positive,#tech #foodie #lifestyle,0.706429474,3,7823.0,2022,7,July,Thursday,51727.67338709677,56+
43496,42.0,male,uae,924850,reel,food,14428.0,797.0,418.0,6660,2600,2023-06-02,53810,False,tablet,positive,#reels #lifestyle #music,6.016538462,3,15643.0,2023,6,June,Friday,48928.41351888668,36–45
70692,53.0,other,germany,157955,text,fitness,14410.0,1000.0,193.0,6082,60590,2022-01-30,536072,False,tablet,negative,#lifestyle #fashion #music,0.257517742,3,15603.0,2022,1,January,Sunday,48605.40612244898,46–55
99084,37.0,male,germany,421651,video,music,10995.0,760.0,311.0,1774,51115,2022-05-31,260360,False,mobile,positive,#reels,0.236055952,1,12066.0,2022,5,May,Tuesday,48605.40612244898,36–45
54425,26.0,male,india,151033,text,music,4812.0,292.0,995.0,3365,49743,2023-07-02,215488,False,tablet,neutral,#reels,0.122610217,1,6099.0,2023,7,July,Sunday,52462.38691588785,26–35
48756,47.0,male,brazil,841449,image,music,8650.0,2457.0,721.0,7778,73749,2022-04-20,337522,False,desktop,neutral,#love #lifestyle,0.160381836,2,11828.0,2022,4,April,Wednesday,49193.1746031746,46–55
28888,64.0,other,brazil,959404,video,tech,16058.0,197.0,1322.0,5559,93216,2022-05-01,609335,False,desktop,neutral,#travel #fashion #foodie,0.188562049,3,17577.0,2022,5,May,Sunday,49193.1746031746,56+
45735,60.0,male,france,726300,image,fitness,2456.0,79.0,1352.0,150,96396,2022-08-29,88025,False,tablet,neutral,#reels #lifestyle,0.04032325,2,3887.0,2022,8,August,Monday,51727.67338709677,56+
57295,46.0,female,japan,147219,reel,lifestyle,16590.0,1408.0,475.0,5600,97659,2023-08-25,466900,False,mobile,positive,#travel,0.189158193,1,18473.0,2023,8,August,Friday,49616.13559322034,46–55
93042,22.0,female,brazil,789837,video,fitness,17740.0,136.0,583.0,7425,11905,2022-01-30,195714,False,tablet,negative,#love #foodie,1.55052499,2,18459.0,2022,1,January,Sunday,49193.1746031746,18–25
95999,47.0,female,japan,582996,text,education,12960.0,212.0,116.0,4963,7831,2023-04-11,10478,True,tablet,negative,#foodie #music #fun,1.696845869,3,13288.0,2023,4,April,Tuesday,49616.13559322034,46–55
27955,23.0,other,japan,798081,video,food,11788.0,1862.0,263.0,3220,99349,2023-04-10,173768,True,desktop,positive,#lifestyle #music,0.140041671,2,13913.0,2023,4,April,Monday,49616.13559322034,18–25
47841,23.0,male,germany,298300,video,fitness,7156.0,618.0,1540.0,3021,93852,2022-08-25,545477,False,desktop,positive,#travel #reels #fitness,0.099241359,3,9314.0,2022,8,August,Thursday,48605.40612244898,18–25
80640,33.0,other,india,508739,video,music,14265.0,959.0,1804.0,4237,95410,2023-01-06,733261,False,mobile,negative,#lifestyle #reels,0.178471858,2,17028.0,2023,1,January,Friday,52462.38691588785,26–35
75510,33.0,male,france,656614,image,tech,8151.0,1497.0,1542.0,6394,52007,2023-11-13,441046,False,mobile,negative,#tech #travel #reels,0.228930721,3,11190.0,2023,11,November,Monday,51727.67338709677,26–35
44911,34.0,female,uk,474770,reel,lifestyle,10987.0,2477.0,1012.0,7101,11560,2022-05-29,467128,False,mobile,neutral,#fashion,1.166435986,1,14476.0,2022,5,May,Sunday,51119.39350912779,26–35
69031,57.0,male,france,273277,video,travel,12560.0,2168.0,476.0,3817,11394,2023-01-09,553314,False,desktop,negative,#foodie #music #tech,1.334386519,3,15204.0,2023,1,January,Monday,51727.67338709677,56+
98726,19.0,male,japan,953167,text,lifestyle,2673.0,2378.0,1012.0,5002,10159,2023-08-23,436768,False,mobile,positive,#fitness,0.551136923,1,6063.0,2023,8,August,Wednesday,49616.13559322034,18–25
17357,29.0,male,uae,466540,video,music,14999.0,1722.0,1196.0,6787,31956,2023-05-31,799493,False,tablet,neutral,#reels #lifestyle #tech,0.560677181,3,17917.0,2023,5,May,Wednesday,48928.41351888668,26–35
42479,14.0,other,uae,116375,video,travel,10105.5,1161.0,947.0,1070,7917,2023-03-09,273737,False,tablet,negative,#fashion #love,2.468232917,2,12213.5,2023,3,March,Thursday,48928.41351888668,Under 18
71476,24.0,male,india,233783,reel,tech,6823.0,1889.0,1020.0,3443,94017,2022-09-09,515201,False,desktop,neutral,#fun #fashion,0.103513194,2,9732.0,2022,9,September,Friday,52462.38691588785,18–25
54811,54.0,male,germany,371326,text,lifestyle,18975.0,2040.0,1967.0,4189,3133,2023-04-18,122686,False,tablet,neutral,#lifestyle #travel #fashion,7.335461219,3,22982.0,2023,4,April,Tuesday,48605.40612244898,46–55
46208,30.0,male,germany,717465,text,lifestyle,6876.0,1553.0,1085.0,760,13071,2023-07-17,310336,False,mobile,negative,#fashion,0.727870859,1,9514.0,2023,7,July,Monday,48605.40612244898,26–35
30150,23.0,other,japan,719354,image,lifestyle,5973.0,1099.0,205.0,4451,66025,2023-06-20,383624,False,tablet,negative,#music,0.110215827,1,7277.0,2023,6,June,Tuesday,49616.13559322034,18–25
81180,28.0,other,japan,974580,text,lifestyle,8282.0,2667.0,1636.0,4627,57086,2022-02-15,29613,False,mobile,neutral,#fun #love #music,0.220456855,3,12585.0,2022,2,February,Tuesday,49616.13559322034,26–35
53286,61.0,other,australia,534166,text,food,8667.0,1688.0,630.0,2739,31095,2023-09-20,117008,False,mobile,positive,#lifestyle #tech #fashion,0.35327223,3,10985.0,2023,9,September,Wednesday,48346.38336713996,56+
78450,63.0,male,australia,990238,text,fashion,8056.0,36.0,178.0,7439,75071,2023-06-23,753526,False,mobile,neutral,#lifestyle,0.11016238,1,8270.0,2023,6,June,Friday,48346.38336713996,56+
31352,30.0,female,japan,243992,video,lifestyle,2046.0,844.0,1667.0,2017,19831,2023-08-30,667276,False,tablet,negative,#tech #fashion #love,0.22979174,3,4557.0,2023,8,August,Wednesday,49616.13559322034,26–35
65069,47.0,female,brazil,646432,image,food,7736.0,1681.0,887.0,5548,111,2023-03-11,731165,False,desktop,neutral,#fun #tech #foodie,92.82882883,3,10304.0,2023,3,March,Saturday,49193.1746031746,46–55
24397,38.0,female,france,220270,text,tech,3690.0,2844.0,341.0,6791,75344,2023-09-03,566125,False,mobile,positive,#music #fun,0.091248142,2,6875.0,2023,9,September,Sunday,51727.67338709677,36–45
51555,28.0,male,brazil,839778,text,lifestyle,19650.0,1643.0,439.0,7916,18104,2023-09-20,784699,False,tablet,neutral,#fashion #tech #foodie,1.200397702,3,21732.0,2023,9,September,Wednesday,49193.1746031746,26–35
56959,18.0,female,germany,757925,text,fitness,2745.0,2333.0,1098.0,6845,91969,2022-10-03,401252,True,desktop,positive,#fun #music #fashion,0.067153062,3,6176.0,2022,10,October,Monday,48605.40612244898,Under 18
10728,56.0,female,uk,188909,video,lifestyle,2639.0,1263.0,289.0,6867,22637,2023-05-23,482459,False,tablet,neutral,#fashion,0.185139374,1,4191.0,2023,5,May,Tuesday,51119.39350912779,56+
60517,55.0,female,france,547158,video,education,76.0,2934.0,556.0,916,24936,2022-04-05,301358,False,desktop,positive,#tech #fitness,0.143006096,2,3566.0,2022,4,April,Tuesday,51727.67338709677,46–55
76234,59.0,male,brazil,301632,image,lifestyle,6473.0,2267.0,1167.0,6207,8611,2023-12-12,774392,False,tablet,positive,#reels #fitness,1.150505168,2,9907.0,2023,12,December,Tuesday,49193.1746031746,56+
49954,59.0,female,brazil,754949,reel,music,10622.0,2043.0,648.0,3943,12573,2022-05-26,543849,False,mobile,positive,#tech,1.058856279,1,13313.0,2022,5,May,Thursday,49193.1746031746,56+
57280,60.0,female,usa,395943,image,travel,19888.0,215.0,207.0,7069,10568,2023-10-29,744401,True,tablet,positive,#foodie,1.921839516,1,20310.0,2023,10,October,Sunday,51263.87225548902,56+
89459,54.0,male,france,559993,video,fitness,18808.0,680.0,1766.0,7331,56065,2023-02-06,312807,False,desktop,positive,#foodie #music,0.379095692,2,21254.0,2023,2,February,Monday,51727.67338709677,46–55
26779,24.0,other,uk,134510,text,lifestyle,5296.0,2340.0,271.0,3460,68468,2023-05-19,771872,False,mobile,negative,#music #travel #fashion,0.115484606,3,7907.0,2023,5,May,Friday,51119.39350912779,18–25
73932,25.0,female,india,597229,text,lifestyle,18605.0,1812.0,1630.0,1492,88998,2023-02-19,38394,False,mobile,positive,#tech #fun #lifestyle,0.247724668,3,22047.0,2023,2,February,Sunday,52462.38691588785,18–25
82936,16.0,other,india,187919,image,lifestyle,405.0,1507.0,414.0,3621,86136,2022-10-03,669198,False,tablet,negative,#tech,0.027003808,1,2326.0,2022,10,October,Monday,52462.38691588785,Under 18
34466,51.0,female,brazil,213043,text,food,18513.0,2090.0,1420.0,726,115,2022-11-22,566668,False,mobile,positive,#lifestyle #tech #reels,191.5043478,3,22023.0,2022,11,November,Tuesday,49193.1746031746,46–55
46939,14.0,male,japan,832726,video,music,12308.0,1116.0,383.0,5650,76355,2022-09-13,532471,False,desktop,neutral,#fun,0.180826403,1,13807.0,2022,9,September,Tuesday,49616.13559322034,Under 18
79896,38.0,other,uk,522191,image,tech,15345.0,1292.0,1284.0,4861,69502,2023-07-11,65797,False,mobile,negative,#fitness #reels,0.257848695,2,17921.0,2023,7,July,Tuesday,51119.39350912779,36–45
45270,39.0,other,uk,415386,reel,travel,397.0,1644.0,890.0,1609,16086,2023-05-28,696192,False,desktop,positive,#love #reels #fitness,0.182208131,3,2931.0,2023,5,May,Sunday,51119.39350912779,36–45
69163,39.0,other,germany,146546,video,lifestyle,14665.0,2740.0,1662.0,5018,94313,2022-05-27,285598,False,desktop,positive,#fitness #love #reels,0.202167252,3,19067.0,2022,5,May,Friday,48605.40612244898,36–45
92637,27.0,other,uae,585303,video,tech,14560.0,1497.0,1966.0,4748,2445,2022-10-22,133783,False,desktop,neutral,#fashion,7.265439673,1,18023.0,2022,10,October,Saturday,48928.41351888668,26–35
61934,38.0,female,usa,778627,text,music,19857.0,958.0,1190.0,5000,91152,2023-01-10,58309,False,mobile,negative,#lifestyle #reels #music,0.241409953,3,22005.0,2023,1,January,Tuesday,51263.87225548902,36–45
74895,38.0,female,germany,580265,video,travel,10000.0,2161.0,1012.0,7184,8550,2023-10-29,157158,False,mobile,negative,#fun #music,1.544093567,2,13173.0,2023,10,October,Sunday,48605.40612244898,36–45
42307,59.0,other,uk,956371,video,travel,4989.0,2968.0,1012.0,6750,15449,2022-02-25,143552,False,tablet,neutral,#fun #tech #fitness,0.557706,3,8969.0,2022,2,February,Friday,51119.39350912779,56+
64098,58.0,female,canada,891329,reel,education,18328.0,1148.0,246.0,4841,66699,2022-08-14,404814,False,desktop,positive,#tech #love #travel,0.295686592,3,19722.0,2022,8,August,Sunday,48703.150097465885,56+
70921,52.0,other,japan,231235,text,music,8629.0,2284.0,1665.0,939,16759,2023-06-03,672887,False,desktop,positive,#reels #fashion #foodie,0.750522108,3,12578.0,2023,6,June,Saturday,49616.13559322034,46–55
15486,24.0,other,uk,332686,video,travel,5391.0,2700.0,1319.0,7468,43851,2022-01-20,335474,False,tablet,negative,#music #foodie #love,0.214590317,3,9410.0,2022,1,January,Thursday,51119.39350912779,18–25
18335,25.0,male,usa,414684,text,music,222.0,1828.0,413.0,87,21406,2022-06-08,513007,False,tablet,neutral,#tech,0.115061198,1,2463.0,2022,6,June,Wednesday,51263.87225548902,18–25
96900,55.0,other,uk,576131,video,music,17994.0,157.0,1801.0,5929,80576,2023-04-15,435959,False,desktop,negative,#reels #music,0.247617156,2,19952.0,2023,4,April,Saturday,51119.39350912779,46–55
99112,29.0,female,france,344367,reel,lifestyle,7830.0,907.0,1343.0,562,69218,2023-08-14,689729,True,desktop,positive,#fun,0.14562686,1,10080.0,2023,8,August,Monday,51727.67338709677,26–35
21130,29.0,other,france,916462,text,food,16230.0,1528.0,1577.0,1268,66967,2023-01-01,271719,False,tablet,neutral,#fitness,0.288724297,1,19335.0,2023,1,January,Sunday,51727.67338709677,26–35
97508,48.0,male,australia,155313,text,lifestyle,4000.0,2900.0,714.0,1490,8166,2022-01-01,74642,False,mobile,negative,#fashion #travel,0.932402645,2,7614.0,2022,1,January,Saturday,48346.38336713996,46–55
70566,33.0,female,usa,129870,reel,lifestyle,10105.5,1140.0,1716.0,5561,26232,2022-08-17,725563,False,tablet,neutral,#travel #fun,0.835010674,2,12961.5,2022,8,August,Wednesday,51263.87225548902,26–35
76703,20.0,male,brazil,224703,image,tech,10105.5,2933.0,1884.0,7280,78872,2023-12-26,123238,False,desktop,neutral,#fashion #fitness #fun,0.282305508,3,14922.5,2023,12,December,Tuesday,49193.1746031746,18–25
37192,17.0,male,uae,522698,video,fashion,13487.0,1559.0,180.0,4537,66115,2022-10-10,362041,False,desktop,positive,#fashion,0.230295697,1,15226.0,2022,10,October,Monday,48928.41351888668,Under 18
11062,38.0,other,brazil,419399,video,fashion,5393.0,2107.0,1319.0,6045,20993,2022-04-29,705967,False,mobile,positive,#travel,0.420092412,1,8819.0,2022,4,April,Friday,49193.1746031746,36–45
94076,28.0,male,uae,978839,image,education,603.0,2448.0,1679.0,3079,68682,2022-08-15,383366,False,desktop,positive,#foodie #fashion,0.068868117,2,4730.0,2022,8,August,Monday,48928.41351888668,26–35
99780,48.0,male,uae,742240,text,music,6295.0,1897.0,943.0,1572,93806,2022-01-24,5771,False,desktop,positive,#tech,0.097381831,1,9135.0,2022,1,January,Monday,48928.41351888668,46–55
31545,40.0,female,uae,558146,text,fashion,8380.0,827.0,892.0,4654,67124,2023-12-03,411222,True,tablet,negative,#love,0.150452893,1,10099.0,2023,12,December,Sunday,48928.41351888668,36–45
31689,41.0,male,india,543716,reel,tech,7103.0,1800.0,60.0,3171,13820,2022-11-04,280579,False,mobile,neutral,#tech #reels,0.648552822,2,8963.0,2022,11,November,Friday,52462.38691588785,36–45
21174,59.0,other,uae,884689,reel,fitness,17021.0,1203.0,1232.0,7512,27500,2022-11-03,615349,False,tablet,positive,#lifestyle #travel,0.707490909,2,19456.0,2022,11,November,Thursday,48928.41351888668,56+
98461,24.0,other,uk,561003,reel,education,14546.0,2523.0,165.0,7852,84112,2023-07-23,279685,False,mobile,negative,#travel,0.204893475,1,17234.0,2023,7,July,Sunday,51119.39350912779,18–25
19348,49.0,other,canada,995828,image,tech,15456.0,2702.0,1905.0,2800,96128,2023-05-09,401441,False,desktop,neutral,#fitness #tech,0.208711302,2,20063.0,2023,5,May,Tuesday,48703.150097465885,46–55
33714,42.0,male,usa,385818,image,travel,18228.0,844.0,1008.0,7044,95602,2023-05-23,773403,False,tablet,positive,#lifestyle #music #fun,0.210037447,3,20080.0,2023,5,May,Tuesday,51263.87225548902,36–45
48102,35.0,female,canada,879833,text,lifestyle,14674.0,2971.0,1323.0,6624,29046,2022-11-07,21291,False,tablet,positive,#love,0.65303312,1,18968.0,2022,11,November,Monday,48703.150097465885,26–35
84460,28.0,male,australia,761950,reel,fitness,46.0,1268.0,654.0,6846,26610,2022-03-30,373025,False,tablet,positive,#love,0.073957159,1,1968.0,2022,3,March,Wednesday,48346.38336713996,26–35
99930,26.0,male,uk,402570,text,travel,819.0,637.0,350.0,3413,48262,2022-10-02,89241,False,mobile,positive,#travel,0.037420745,1,1806.0,2022,10,October,Sunday,51119.39350912779,26–35
16801,22.0,other,uae,149584,image,education,3807.0,648.0,1084.0,5038,30299,2023-09-13,37138,True,desktop,neutral,#fun,0.182811314,1,5539.0,2023,9,September,Wednesday,48928.41351888668,18–25
82267,19.0,other,india,843023,video,lifestyle,19406.0,2260.0,262.0,1257,24139,2023-10-15,423639,False,desktop,negative,#lifestyle #reels #foodie,0.908405485,3,21928.0,2023,10,October,Sunday,52462.38691588785,18–25
58136,57.0,female,germany,793375,text,lifestyle,1080.0,1629.0,123.0,4888,19288,2023-04-25,159582,False,mobile,neutral,#reels,0.146827043,1,2832.0,2023,4,April,Tuesday,48605.40612244898,56+
33625,64.0,other,brazil,697539,image,education,3146.0,989.0,1261.0,7402,8090,2023-04-02,174558,False,tablet,positive,#music #travel #fitness,0.666996292,3,5396.0,2023,4,April,Sunday,49193.1746031746,56+
92873,49.0,female,france,169353,reel,travel,17661.0,803.0,1565.0,6269,92806,2023-08-09,387167,False,desktop,neutral,#tech #love #fun,0.215815788,3,20029.0,2023,8,August,Wednesday,51727.67338709677,46–55
82592,41.0,male,usa,981461,video,tech,11926.0,127.0,931.0,4785,9075,2022-12-21,404529,False,desktop,negative,#lifestyle,1.430743802,1,12984.0,2022,12,December,Wednesday,51263.87225548902,36–45
87052,15.0,other,canada,182990,video,fashion,15930.0,951.0,1790.0,4572,4373,2022-09-19,3906,False,tablet,positive,#fitness #fun,4.269608964,2,18671.0,2022,9,September,Monday,48703.150097465885,Under 18
54261,27.0,male,uk,891032,video,fitness,15172.0,2264.0,1904.0,4780,93041,2022-06-25,173889,False,mobile,positive,#foodie,0.20786535,1,19340.0,2022,6,June,Saturday,51119.39350912779,26–35
11542,38.0,male,germany,780050,reel,music,15287.0,2758.0,1113.0,2419,72097,2023-02-08,370079,False,desktop,negative,#fashion #foodie #travel,0.265725342,3,19158.0,2023,2,February,Wednesday,48605.40612244898,36–45
31677,59.0,male,japan,732574,video,education,6741.0,19.0,138.0,1143,40426,2022-08-18,169182,False,tablet,neutral,#reels #travel,0.170632761,2,6898.0,2022,8,August,Thursday,49616.13559322034,56+
56732,58.0,male,japan,395906,image,education,2217.0,1781.0,1914.0,4637,51450,2023-08-11,643425,False,tablet,neutral,#fun #fashion #love,0.114907677,3,5912.0,2023,8,August,Friday,49616.13559322034,56+
60343,38.0,female,france,481150,text,lifestyle,2886.0,674.0,1989.0,6703,93730,2022-11-19,280976,False,tablet,neutral,#travel #fashion #foodie,0.059201963,3,5549.0,2022,11,November,Saturday,51727.67338709677,36–45
49081,31.0,other,japan,792859,video,food,13344.0,2761.0,1385.0,4274,8832,2023-11-26,385165,False,mobile,positive,#fitness #foodie,1.980298913,2,17490.0,2023,11,November,Sunday,49616.13559322034,26–35
72856,25.0,male,brazil,581204,video,lifestyle,8987.0,738.0,1436.0,3165,73011,2022-10-04,278562,False,desktop,neutral,#fashion #tech #travel,0.152867376,3,11161.0,2022,10,October,Tuesday,49193.1746031746,18–25
98858,54.0,female,australia,500886,image,music,19712.0,556.0,859.0,2614,13760,2023-11-08,502994,False,mobile,neutral,#music #fashion,1.535392442,2,21127.0,2023,11,November,Wednesday,48346.38336713996,46–55
29065,33.0,male,japan,317759,reel,fashion,7293.0,2244.0,1742.0,747,24373,2022-10-02,30875,False,mobile,neutral,#tech #reels #music,0.462766176,3,11279.0,2022,10,October,Sunday,49616.13559322034,26–35
93460,49.0,female,france,641629,video,lifestyle,3006.0,2983.0,1116.0,7094,66048,2022-08-05,473878,True,tablet,positive,#tech #lifestyle #foodie,0.10757328,3,7105.0,2022,8,August,Friday,51727.67338709677,46–55
98092,39.0,other,australia,195140,image,food,10105.5,2725.0,133.0,6445,55120,2022-07-09,627864,False,tablet,neutral,#reels #travel #love,0.17808418,3,12963.5,2022,7,July,Saturday,48346.38336713996,36–45
64693,64.0,female,brazil,970506,image,education,10581.0,503.0,1903.0,7966,26459,2022-01-18,551730,False,tablet,positive,#travel,0.490834877,1,12987.0,2022,1,January,Tuesday,49193.1746031746,56+
36962,41.0,other,france,117015,reel,tech,4143.0,1270.0,1227.0,3489,94799,2023-02-18,749551,False,mobile,neutral,#travel,0.070042933,1,6640.0,2023,2,February,Saturday,51727.67338709677,36–45
38295,32.0,male,japan,996612,reel,lifestyle,14699.0,737.0,1012.0,2633,71363,2022-07-03,648116,False,desktop,neutral,#love #music,0.227765088,2,16448.0,2022,7,July,Sunday,49616.13559322034,26–35
23807,37.0,female,uae,748869,text,fitness,17602.0,791.0,1871.0,5571,16007,2023-09-10,19606,False,tablet,neutral,#music #reels,1.265946149,2,20264.0,2023,9,September,Sunday,48928.41351888668,36–45
52348,18.0,male,usa,810557,video,tech,8018.0,1370.0,1645.0,3488,78924,2022-08-31,497502,False,desktop,neutral,#travel #fitness,0.139792712,2,11033.0,2022,8,August,Wednesday,51263.87225548902,Under 18
36432,48.0,female,japan,149849,text,food,9952.0,196.0,1061.0,1847,99831,2023-03-02,167274,False,desktop,positive,#fashion #travel,0.112279753,2,11209.0,2023,3,March,Thursday,49616.13559322034,46–55
93285,14.0,other,france,476863,image,travel,8916.0,1130.0,1017.0,4025,85530,2022-02-22,151769,False,desktop,neutral,#fashion #love #foodie,0.129346428,3,11063.0,2022,2,February,Tuesday,51727.67338709677,Under 18
67854,34.0,female,usa,115852,video,lifestyle,17728.0,2828.0,456.0,1145,90391,2022-08-14,341615,False,tablet,positive,#fun #lifestyle,0.232456771,2,21012.0,2022,8,August,Sunday,51263.87225548902,26–35
50262,44.0,female,usa,679649,image,music,137.0,743.0,1557.0,2104,19880,2023-12-15,36522,False,desktop,positive,#reels #fun #fashion,0.122585513,3,2437.0,2023,12,December,Friday,51263.87225548902,36–45
47080,28.0,other,australia,473938,image,education,14156.0,1636.0,1760.0,3856,4777,2023-08-21,570633,False,mobile,positive,#reels,3.674272556,1,17552.0,2023,8,August,Monday,48346.38336713996,26–35
11324,30.0,other,brazil,776618,image,education,13381.0,1183.0,1881.0,5119,46648,2023-07-16,202286,False,mobile,neutral,#reels #fashion #love,0.352533871,3,16445.0,2023,7,July,Sunday,49193.1746031746,26–35
45909,17.0,other,japan,686643,reel,tech,13893.0,2469.0,437.0,5258,7222,2022-11-15,345311,False,mobile,neutral,#fun,2.326086957,1,16799.0,2022,11,November,Tuesday,49616.13559322034,Under 18
99339,48.0,female,germany,486917,reel,lifestyle,16360.0,1630.0,679.0,5318,50894,2023-12-08,436217,False,tablet,neutral,#fun,0.366821236,1,18669.0,2023,12,December,Friday,48605.40612244898,46–55
29870,42.0,male,uae,564944,video,music,19143.0,1497.0,646.0,2768,1394,2023-01-04,244297,False,mobile,positive,#tech #music #love,15.5954089,3,21286.0,2023,1,January,Wednesday,48928.41351888668,36–45
44578,57.0,female,brazil,127410,image,fitness,58.0,2038.0,621.0,4059,48170,2022-09-05,741833,False,desktop,positive,#foodie #lifestyle,0.056404401,2,2717.0,2022,9,September,Monday,49193.1746031746,56+
82124,31.0,female,germany,885334,image,lifestyle,17154.0,1336.0,1247.0,1808,40655,2023-07-22,401958,False,tablet,positive,#love #lifestyle,0.485475341,2,19737.0,2023,7,July,Saturday,48605.40612244898,26–35
36790,35.0,male,germany,303014,video,tech,388.0,2479.0,1191.0,5480,8655,2022-06-26,763067,False,tablet,negative,#lifestyle #fun,0.46886193,2,4058.0,2022,6,June,Sunday,48605.40612244898,26–35
35289,46.0,other,canada,658212,text,fashion,12116.0,925.0,1130.0,7817,2216,2023-04-21,123028,False,desktop,positive,#reels,6.394855596,1,14171.0,2023,4,April,Friday,48703.150097465885,46–55
65129,25.0,female,australia,999054,image,tech,19806.0,234.0,1403.0,409,10647,2023-10-24,342901,False,mobile,neutral,#reels #travel,2.013994552,2,21443.0,2023,10,October,Tuesday,48346.38336713996,18–25
25485,55.0,male,india,862199,reel,food,7012.0,2374.0,23.0,645,12810,2022-01-13,723240,False,desktop,neutral,#fashion #fun #love,0.734504294,3,9409.0,2022,1,January,Thursday,52462.38691588785,46–55
54482,41.0,other,uk,957263,text,tech,12626.0,2981.0,1534.0,3920,68197,2022-12-27,385786,False,desktop,positive,#travel #foodie #fun,0.251345367,3,17141.0,2022,12,December,Tuesday,51119.39350912779,36–45
96188,48.0,other,uk,505480,text,education,4852.0,478.0,808.0,1551,93328,2022-10-16,3964,False,tablet,neutral,#music #tech,0.065768044,2,6138.0,2022,10,October,Sunday,51119.39350912779,46–55
14748,34.0,female,australia,390182,text,fitness,16979.0,2475.0,1330.0,5734,38907,2023-03-07,778396,False,mobile,negative,#tech,0.534196931,1,20784.0,2023,3,March,Tuesday,48346.38336713996,26–35
96769,64.0,other,australia,335530,text,tech,8627.0,665.0,1012.0,5362,40736,2023-07-30,88958,False,mobile,positive,#reels #travel #tech,0.251031029,3,10304.0,2023,7,July,Sunday,48346.38336713996,56+
19435,64.0,other,germany,371280,text,tech,1982.0,1123.0,1381.0,1113,31186,2022-12-05,344012,False,mobile,positive,#fitness,0.143846598,1,4486.0,2022,12,December,Monday,48605.40612244898,56+
13709,59.0,male,australia,375357,text,fitness,14816.0,2905.0,369.0,3587,96191,2023-09-09,548959,False,desktop,neutral,#fashion #lifestyle #fun,0.188063332,3,18090.0,2023,9,September,Saturday,48346.38336713996,56+
40355,38.0,male,germany,308680,video,tech,11060.0,1387.0,996.0,61,55517,2022-02-03,213016,False,tablet,positive,#travel #tech #reels,0.242142047,3,13443.0,2022,2,February,Thursday,48605.40612244898,36–45
65771,21.0,other,brazil,208546,video,education,12401.0,641.0,1746.0,1235,35410,2022-11-20,240061,False,tablet,positive,#fashion #reels,0.417622141,2,14788.0,2022,11,November,Sunday,49193.1746031746,18–25
67799,51.0,male,india,594805,text,fitness,10411.0,2858.0,170.0,4343,39588,2023-07-05,228521,False,tablet,positive,#lifestyle,0.339471557,1,13439.0,2023,7,July,Wednesday,52462.38691588785,46–55
23116,63.0,other,canada,651719,reel,education,8209.0,1516.0,1604.0,1727,53272,2023-04-01,35949,False,mobile,negative,#music,0.212663313,1,11329.0,2023,4,April,Saturday,48703.150097465885,56+
35470,31.0,male,germany,142290,video,education,5429.0,574.0,221.0,4592,82903,2022-08-13,322201,False,mobile,neutral,#fun #fashion,0.075075691,2,6224.0,2022,8,August,Saturday,48605.40612244898,26–35
52344,50.0,male,australia,578751,video,education,12158.0,1721.0,442.0,6199,1272,2023-10-03,472693,False,tablet,neutral,#love #fitness #foodie,11.2586478,3,14321.0,2023,10,October,Tuesday,48346.38336713996,46–55
52918,18.0,other,usa,983247,text,food,18076.0,1018.0,1176.0,4554,39906,2022-05-13,549863,False,desktop,positive,#tech,0.507943668,1,20270.0,2022,5,May,Friday,51263.87225548902,Under 18
62224,64.0,other,japan,230374,reel,fitness,19154.0,1327.0,861.0,2966,87615,2023-04-25,667170,False,tablet,positive,#music #fun,0.243588427,2,21342.0,2023,4,April,Tuesday,49616.13559322034,56+
49298,59.0,male,uk,142747,text,food,4376.0,2850.0,375.0,3360,53926,2023-07-06,289491,False,desktop,positive,#foodie #love #music,0.140952416,3,7601.0,2023,7,July,Thursday,51119.39350912779,56+
90219,27.0,male,india,700262,reel,food,19651.0,399.0,280.0,5662,80321,2022-08-09,691976,False,tablet,neutral,#reels #fitness #love,0.253109399,3,20330.0,2022,8,August,Tuesday,52462.38691588785,26–35
71629,38.0,female,japan,966195,reel,music,18079.0,594.0,712.0,7637,28644,2023-02-05,371979,False,desktop,positive,#reels #fitness #foodie,0.67675604,3,19385.0,2023,2,February,Sunday,49616.13559322034,36–45
76040,21.0,other,france,824568,image,fitness,13978.0,1456.0,1242.0,1412,26838,2023-08-29,97453,False,tablet,negative,#foodie,0.621357776,1,16676.0,2023,8,August,Tuesday,51727.67338709677,18–25
38016,44.0,female,australia,753420,video,tech,17970.0,1595.0,1943.0,7588,43735,2023-09-03,643750,False,mobile,neutral,#tech #reels,0.491780039,2,21508.0,2023,9,September,Sunday,48346.38336713996,36–45
33960,16.0,female,germany,435138,text,lifestyle,12705.0,1497.0,957.0,3584,26770,2022-03-01,617784,False,mobile,positive,#fashion,0.514680613,1,15159.0,2022,3,March,Tuesday,48605.40612244898,Under 18
43591,62.0,female,canada,839435,video,music,10861.0,382.0,1639.0,1733,59765,2023-10-03,311171,False,mobile,negative,#fashion #foodie #love,0.215544215,3,12882.0,2023,10,October,Tuesday,48703.150097465885,56+
92848,30.0,male,usa,955447,video,fashion,10105.5,858.0,810.0,6700,24788,2022-05-12,162011,True,mobile,positive,#tech #lifestyle,0.388615459,2,11773.5,2022,5,May,Thursday,51263.87225548902,26–35
77641,17.0,female,canada,770247,reel,lifestyle,18652.0,2129.0,826.0,3630,55940,2023-01-28,177909,False,tablet,positive,#music #fitness,0.386253128,2,21607.0,2023,1,January,Saturday,48703.150097465885,Under 18
46395,32.0,male,japan,619116,video,education,10248.0,1497.0,1845.0,7107,72178,2023-08-04,260966,False,mobile,positive,#fitness,0.193175206,1,13590.0,2023,8,August,Friday,49616.13559322034,26–35
32700,35.0,male,usa,624339,image,fitness,14220.0,831.0,485.0,7901,91003,2022-01-14,121273,False,desktop,neutral,#fitness,0.170719647,1,15536.0,2022,1,January,Friday,51263.87225548902,26–35
44620,23.0,female,uae,954127,text,tech,7461.0,872.0,1533.0,3869,27039,2023-03-11,412967,False,desktop,neutral,#travel #fashion,0.364880358,2,9866.0,2023,3,March,Saturday,48928.41351888668,18–25
30559,49.0,female,uk,563142,video,food,12821.0,2700.0,334.0,5200,52485,2023-04-19,438822,False,mobile,positive,#lifestyle #fashion #reels,0.30208631,3,15855.0,2023,4,April,Wednesday,51119.39350912779,46–55
71642,34.0,other,australia,316643,text,travel,19870.0,2781.0,741.0,2491,81401,2022-05-31,239435,False,mobile,negative,#tech #foodie #music,0.287367477,3,23392.0,2022,5,May,Tuesday,48346.38336713996,26–35
86539,16.0,female,france,353116,video,fashion,13410.0,2117.0,409.0,2039,243,2023-11-17,282622,True,mobile,neutral,#fun #reels,65.58024691,2,15936.0,2023,11,November,Friday,51727.67338709677,Under 18
31732,41.0,other,japan,390635,text,music,19133.0,386.0,53.0,4887,52939,2023-04-15,253168,False,tablet,positive,#fun #lifestyle #foodie,0.369708532,3,19572.0,2023,4,April,Saturday,49616.13559322034,36–45
40354,56.0,female,germany,902512,text,music,1405.0,2006.0,700.0,7454,71437,2023-02-15,84191,False,desktop,negative,#fashion,0.057547209,1,4111.0,2023,2,February,Wednesday,48605.40612244898,56+
23843,38.0,female,uk,659168,text,lifestyle,11179.0,2571.0,1757.0,1307,27251,2022-12-11,291458,False,desktop,positive,#foodie #reels #music,0.569043338,3,15507.0,2022,12,December,Sunday,51119.39350912779,36–45
81726,25.0,female,france,291037,video,music,3575.0,296.0,1098.0,4012,87272,2022-07-15,37085,False,desktop,positive,#music #fashion #tech,0.056936933,3,4969.0,2022,7,July,Friday,51727.67338709677,18–25
27640,54.0,female,canada,473200,image,tech,2727.0,2664.0,348.0,6634,54870,2023-06-28,697327,False,tablet,neutral,#lifestyle #tech #music,0.104592674,3,5739.0,2023,6,June,Wednesday,48703.150097465885,46–55
62528,21.0,other,uk,147361,text,education,6487.0,718.0,974.0,7555,86505,2022-03-14,185178,False,tablet,negative,#music #travel,0.094549448,2,8179.0,2022,3,March,Monday,51119.39350912779,18–25
48413,54.0,other,france,449829,reel,fashion,14760.0,1598.0,1707.0,1724,72973,2022-07-13,283296,False,desktop,positive,#music,0.247557316,1,18065.0,2022,7,July,Wednesday,51727.67338709677,46–55
62638,43.0,female,france,967307,reel,education,6291.0,2225.0,392.0,5670,24635,2023-07-16,611072,False,desktop,positive,#love,0.361599351,1,8908.0,2023,7,July,Sunday,51727.67338709677,36–45
62736,19.0,female,canada,194841,reel,travel,2501.0,1966.0,1012.0,4690,97921,2023-07-23,158083,False,desktop,positive,#tech,0.051265816,1,5479.0,2023,7,July,Sunday,48703.150097465885,18–25
78866,16.0,other,france,822250,image,travel,17321.0,1182.0,1180.0,2455,43080,2023-09-21,746956,False,mobile,neutral,#fitness #fashion,0.45689415,2,19683.0,2023,9,September,Thursday,51727.67338709677,Under 18
29087,31.0,male,india,562506,text,music,10272.0,10.0,846.0,6470,62723,2022-07-11,7287,False,tablet,neutral,#love #foodie #lifestyle,0.177414983,3,11128.0,2022,7,July,Monday,52462.38691588785,26–35
51430,54.0,male,usa,614136,image,travel,1755.0,784.0,80.0,941,8216,2023-03-06,789466,False,desktop,positive,#music,0.318768257,1,2619.0,2023,3,March,Monday,51263.87225548902,46–55
34504,42.0,male,india,615750,text,lifestyle,3390.0,410.0,1231.0,7092,85750,2023-05-16,710198,False,mobile,positive,#tech #love,0.058670554,2,5031.0,2023,5,May,Tuesday,52462.38691588785,36–45
17114,43.0,other,canada,974523,image,education,5816.0,2939.0,825.0,5295,58192,2022-08-05,19690,False,desktop,neutral,#music #foodie #tech,0.16462744,3,9580.0,2022,8,August,Friday,48703.150097465885,36–45
88859,38.0,other,brazil,657293,text,fitness,17600.0,2654.0,1109.0,2036,47615,2023-09-15,261885,True,desktop,neutral,#lifestyle #tech #music,0.448661136,3,21363.0,2023,9,September,Friday,49193.1746031746,36–45
20975,33.0,male,uk,337903,reel,music,17587.0,2202.0,743.0,7688,14098,2023-04-30,419278,False,tablet,positive,#lifestyle #fashion #travel,1.456376791,3,20532.0,2023,4,April,Sunday,51119.39350912779,26–35
21023,43.0,male,uae,884446,text,fashion,1890.0,1229.0,1470.0,1813,30379,2023-08-24,430507,False,desktop,neutral,#foodie,0.151058297,1,4589.0,2023,8,August,Thursday,48928.41351888668,36–45
31447,31.0,female,germany,689759,image,fitness,11223.0,598.0,176.0,6526,65250,2022-12-26,483350,False,tablet,negative,#lifestyle,0.183862069,1,11997.0,2022,12,December,Monday,48605.40612244898,26–35
33959,43.0,other,germany,751006,text,education,13829.0,823.0,510.0,3061,52196,2022-11-05,269373,False,tablet,neutral,#fitness #fun,0.290482029,2,15162.0,2022,11,November,Saturday,48605.40612244898,36–45
76203,44.0,other,japan,206379,video,travel,7688.0,2397.0,1642.0,7425,54055,2023-10-31,312778,False,desktop,positive,#travel #reels #love,0.216945703,3,11727.0,2023,10,October,Tuesday,49616.13559322034,36–45
39703,14.0,male,japan,937160,text,tech,6500.0,1121.0,138.0,2394,50460,2023-02-25,304928,False,mobile,neutral,#love #reels #fitness,0.153765359,3,7759.0,2023,2,February,Saturday,49616.13559322034,Under 18
19337,64.0,male,canada,764051,reel,travel,6716.0,2990.0,1125.0,4367,52985,2023-08-04,360915,False,desktop,negative,#fun #love #reels,0.204416344,3,10831.0,2023,8,August,Friday,48703.150097465885,56+
56427,22.0,other,japan,109756,text,fitness,3746.0,18.0,472.0,1284,98617,2023-02-15,153929,False,desktop,positive,#travel,0.042954055,1,4236.0,2023,2,February,Wednesday,49616.13559322034,18–25
71529,14.0,female,germany,747958,video,travel,18579.0,312.0,1012.0,395,95425,2023-06-01,510882,False,desktop,positive,#reels,0.217301546,1,19903.0,2023,6,June,Thursday,48605.40612244898,Under 18
94665,14.0,male,india,922740,video,education,13014.0,2974.0,541.0,3763,15005,2022-08-31,168432,False,mobile,negative,#reels #lifestyle,1.101566145,2,16529.0,2022,8,August,Wednesday,52462.38691588785,Under 18
41921,36.0,other,uae,164079,video,travel,15675.0,2575.0,193.0,4249,96574,2023-09-22,738160,False,tablet,negative,#fashion,0.190972726,1,18443.0,2023,9,September,Friday,48928.41351888668,36–45
43307,29.0,other,germany,689812,image,fitness,9193.0,2604.0,1856.0,7694,63806,2022-06-21,685499,False,mobile,positive,#tech #fashion #music,0.213976742,3,13653.0,2022,6,June,Tuesday,48605.40612244898,26–35
37355,44.0,female,india,553682,video,fitness,3629.0,2492.0,1779.0,1090,12400,2023-10-17,490256,False,mobile,neutral,#fashion #fun #tech,0.637096774,3,7900.0,2023,10,October,Tuesday,52462.38691588785,36–45
14835,28.0,female,brazil,633615,image,education,7766.0,1945.0,485.0,2888,18302,2023-04-05,603366,False,desktop,neutral,#music #lifestyle,0.557097585,2,10196.0,2023,4,April,Wednesday,49193.1746031746,26–35
30159,28.0,male,canada,274380,video,music,6147.0,230.0,1337.0,1722,69130,2022-12-31,772958,False,desktop,neutral,#fashion,0.111586865,1,7714.0,2022,12,December,Saturday,48703.150097465885,26–35
57605,58.0,male,australia,205561,image,music,15113.0,2672.0,1720.0,4443,66121,2022-03-19,170995,False,mobile,neutral,#reels,0.294989489,1,19505.0,2022,3,March,Saturday,48346.38336713996,56+
48088,51.0,male,brazil,456580,video,tech,14442.0,2936.0,804.0,4006,85035,2023-07-23,759089,False,tablet,negative,#love,0.21381784,1,18182.0,2023,7,July,Sunday,49193.1746031746,46–55
88752,43.0,other,brazil,116533,video,fitness,14410.0,2406.0,246.0,1086,36347,2023-05-05,288738,False,tablet,neutral,#fitness #tech,0.46941976,2,17062.0,2023,5,May,Friday,49193.1746031746,36–45
65284,55.0,male,germany,621970,text,education,1063.0,43.0,629.0,6499,7029,2023-06-16,286368,False,desktop,neutral,#travel,0.246834543,1,1735.0,2023,6,June,Friday,48605.40612244898,46–55
67043,36.0,other,canada,197417,video,music,8830.0,2924.0,437.0,1304,45274,2023-06-10,2521,False,tablet,positive,#fun #lifestyle,0.269271547,2,12191.0,2023,6,June,Saturday,48703.150097465885,36–45
45547,13.0,male,usa,455462,text,music,10934.0,2270.0,72.0,3112,28703,2022-07-25,160499,False,tablet,negative,#tech,0.462530049,1,13276.0,2022,7,July,Monday,51263.87225548902,Under 18
92844,23.0,female,france,799848,video,tech,9334.0,2949.0,1092.0,5659,46067,2023-11-24,325293,True,tablet,negative,#lifestyle #fashion,0.290337986,2,13375.0,2023,11,November,Friday,51727.67338709677,18–25
37532,33.0,female,brazil,822520,video,food,10312.0,1288.0,753.0,6510,5037,2022-10-18,497804,False,mobile,neutral,#tech,2.452451856,1,12353.0,2022,10,October,Tuesday,49193.1746031746,26–35
44349,16.0,other,japan,140429,text,education,3275.0,2318.0,1175.0,1014,99067,2023-12-02,553657,False,mobile,positive,#music #reels,0.068317401,2,6768.0,2023,12,December,Saturday,49616.13559322034,Under 18
55445,19.0,female,india,544942,text,food,976.0,2259.0,830.0,4372,50275,2023-05-19,308044,False,desktop,positive,#love #reels,0.080855296,2,4065.0,2023,5,May,Friday,52462.38691588785,18–25
15713,38.0,other,usa,448492,image,fitness,12383.0,1519.0,93.0,220,78710,2023-10-21,447254,False,tablet,negative,#foodie,0.177804599,1,13995.0,2023,10,October,Saturday,51263.87225548902,36–45
66178,59.0,other,canada,959497,reel,music,11406.0,1410.0,434.0,5848,65872,2023-07-08,563394,False,desktop,positive,#music #reels,0.20114768,2,13250.0,2023,7,July,Saturday,48703.150097465885,56+
59407,62.0,female,australia,513869,text,travel,11739.0,2294.0,1806.0,3805,23170,2023-03-04,515549,False,mobile,neutral,#fitness,0.683599482,1,15839.0,2023,3,March,Saturday,48346.38336713996,56+
80340,24.0,other,uae,979828,image,fashion,4069.0,2995.0,1454.0,6204,11576,2023-04-16,20771,False,desktop,neutral,#fashion #travel #music,0.735832757,3,8518.0,2023,4,April,Sunday,48928.41351888668,18–25
60990,43.0,female,usa,637942,video,travel,15604.0,820.0,456.0,1126,85363,2023-05-28,545872,False,mobile,positive,#reels #lifestyle,0.197743753,2,16880.0,2023,5,May,Sunday,51263.87225548902,36–45
85672,29.0,male,australia,495324,text,fitness,14612.0,2119.0,1453.0,3256,52469,2022-11-20,156470,False,mobile,positive,#music #travel,0.346566544,2,18184.0,2022,11,November,Sunday,48346.38336713996,26–35
75545,45.0,male,germany,431627,text,tech,16334.0,2342.0,228.0,1930,18439,2023-09-08,742509,False,desktop,positive,#fun,1.025218287,1,18904.0,2023,9,September,Friday,48605.40612244898,36–45
94791,23.0,female,uk,632187,video,education,6402.0,170.0,29.0,7314,22639,2022-09-12,77450,True,tablet,positive,#love,0.291576483,1,6601.0,2022,9,September,Monday,51119.39350912779,18–25
68141,40.0,female,france,244444,video,travel,12333.0,245.0,1648.0,2122,57179,2023-12-22,391693,True,desktop,positive,#fashion #fun #lifestyle,0.248797635,3,14226.0,2023,12,December,Friday,51727.67338709677,36–45
33793,44.0,female,germany,530898,video,food,345.0,1164.0,334.0,472,328,2023-12-31,667588,False,tablet,neutral,#fun,5.618902439,1,1843.0,2023,12,December,Sunday,48605.40612244898,36–45
66570,13.0,female,canada,982341,video,music,4942.0,1639.0,659.0,5120,54190,2023-08-13,405654,False,desktop,positive,#lifestyle,0.133603986,1,7240.0,2023,8,August,Sunday,48703.150097465885,Under 18
47892,59.0,male,uk,991403,reel,lifestyle,19326.0,616.0,568.0,415,87080,2022-02-20,600923,False,desktop,positive,#fitness #fashion #love,0.235530547,3,20510.0,2022,2,February,Sunday,51119.39350912779,56+
11015,40.0,other,australia,561015,text,music,17460.0,239.0,176.0,5588,65302,2022-04-10,76458,False,desktop,positive,#fun,0.273728217,1,17875.0,2022,4,April,Sunday,48346.38336713996,36–45
71813,54.0,other,uk,716012,video,fitness,9363.0,1956.0,823.0,5484,93624,2023-12-25,591652,False,mobile,positive,#reels #music #love,0.129688969,3,12142.0,2023,12,December,Monday,51119.39350912779,46–55
37712,19.0,male,uae,129295,video,music,3770.0,2358.0,567.0,1868,23299,2023-04-09,92181,False,desktop,positive,#lifestyle #foodie #tech,0.287351388,3,6695.0,2023,4,April,Sunday,48928.41351888668,18–25
18415,14.0,other,japan,559329,reel,travel,11353.0,1439.0,408.0,5793,81728,2023-05-14,240542,False,mobile,neutral,#fun,0.161511355,1,13200.0,2023,5,May,Sunday,49616.13559322034,Under 18
72292,54.0,male,japan,442709,text,lifestyle,8424.0,397.0,776.0,4112,12551,2022-08-25,156286,False,mobile,positive,#fashion #music,0.764640268,2,9597.0,2022,8,August,Thursday,49616.13559322034,46–55
33833,36.0,other,germany,149574,image,travel,11990.0,1856.0,1260.0,1533,79627,2023-04-17,721218,False,mobile,neutral,#tech #fitness,0.189709521,2,15106.0,2023,4,April,Monday,48605.40612244898,36–45
14158,16.0,female,germany,463211,text,tech,8048.0,922.0,1301.0,7922,12769,2023-02-02,256931,False,desktop,neutral,#music #fun #travel,0.804369958,3,10271.0,2023,2,February,Thursday,48605.40612244898,Under 18
72680,56.0,female,canada,296006,image,tech,12099.0,791.0,76.0,1462,72510,2022-06-06,256036,False,desktop,neutral,#travel,0.178816715,1,12966.0,2022,6,June,Monday,48703.150097465885,56+
30309,31.0,female,canada,130066,reel,tech,11891.0,1906.0,932.0,5998,94889,2022-10-25,67087,False,desktop,positive,#fashion,0.155223472,1,14729.0,2022,10,October,Tuesday,48703.150097465885,26–35
16970,38.0,male,india,314221,video,lifestyle,15573.0,1904.0,635.0,7698,62985,2022-01-14,141419,False,desktop,positive,#music #reels,0.28756053,2,18112.0,2022,1,January,Friday,52462.38691588785,36–45
82474,23.0,male,uae,840456,reel,fashion,16834.0,2069.0,539.0,1865,24089,2022-04-26,383784,False,mobile,positive,#lifestyle,0.807090373,1,19442.0,2022,4,April,Tuesday,48928.41351888668,18–25
96704,52.0,other,canada,240017,text,lifestyle,9554.0,812.0,1677.0,4009,84839,2022-05-19,603144,False,tablet,positive,#tech #fashion #music,0.141951225,3,12043.0,2022,5,May,Thursday,48703.150097465885,46–55
56540,62.0,other,brazil,129418,video,fitness,350.0,1497.0,1181.0,3130,68625,2022-03-16,252898,False,tablet,positive,#fun,0.035468124,1,3028.0,2022,3,March,Wednesday,49193.1746031746,56+
30384,55.0,other,uae,182607,text,fitness,9500.0,1730.0,1190.0,1736,72774,2022-12-26,658986,False,mobile,negative,#love #fashion #reels,0.170665348,3,12420.0,2022,12,December,Monday,48928.41351888668,46–55
28017,23.0,male,india,674162,image,food,4004.0,831.0,1208.0,3186,34861,2022-01-24,782772,False,mobile,positive,#lifestyle #love #reels,0.173345572,3,6043.0,2022,1,January,Monday,52462.38691588785,18–25
85880,57.0,other,japan,998590,text,food,11117.0,1394.0,1412.0,6346,94553,2023-02-10,54929,False,tablet,neutral,#fashion,0.147250748,1,13923.0,2023,2,February,Friday,49616.13559322034,56+
18702,15.0,female,usa,510346,reel,fitness,16628.0,1966.0,11.0,7973,35913,2023-11-20,700510,False,tablet,negative,#foodie #fun,0.518057528,2,18605.0,2023,11,November,Monday,51263.87225548902,Under 18
10384,24.0,other,india,972689,reel,travel,13015.0,1044.0,1954.0,7710,71829,2023-07-21,473428,False,tablet,positive,#love #travel #reels,0.222932242,3,16013.0,2023,7,July,Friday,52462.38691588785,18–25
10404,15.0,female,india,230538,reel,fitness,4734.0,2554.0,1012.0,7361,16257,2023-12-26,132403,False,tablet,positive,#lifestyle #fitness,0.458633204,2,8300.0,2023,12,December,Tuesday,52462.38691588785,Under 18
50943,54.0,male,germany,313699,video,education,10105.5,1497.0,830.0,471,84012,2022-11-22,648032,False,tablet,positive,#travel #reels #tech,0.189353902,3,12432.5,2022,11,November,Tuesday,48605.40612244898,46–55
57926,39.0,female,france,312465,text,fashion,15162.0,743.0,1449.0,3177,85619,2022-11-30,638772,False,desktop,positive,#lifestyle #fun #tech,0.202688656,3,17354.0,2022,11,November,Wednesday,51727.67338709677,36–45
39189,61.0,female,uk,534610,video,food,16824.0,812.0,1916.0,2926,52839,2022-11-25,83239,False,tablet,positive,#fitness #travel #foodie,0.370029713,3,19552.0,2022,11,November,Friday,51119.39350912779,56+
22763,14.0,female,japan,604588,text,food,11737.0,1579.0,448.0,7108,99709,2023-11-06,536014,False,desktop,positive,#travel,0.138041701,1,13764.0,2023,11,November,Monday,49616.13559322034,Under 18
28384,61.0,male,australia,673923,image,education,9659.0,1375.0,1517.0,2865,64256,2022-10-27,91313,False,desktop,neutral,#fashion #fun,0.195328063,2,12551.0,2022,10,October,Thursday,48346.38336713996,56+
70100,28.0,male,australia,357470,text,music,16795.0,2227.0,448.0,3197,88383,2023-11-07,452347,False,mobile,neutral,#fun,0.220291232,1,19470.0,2023,11,November,Tuesday,48346.38336713996,26–35
19860,14.0,male,canada,999455,text,education,813.0,1650.0,1129.0,2461,31726,2022-03-30,207315,False,mobile,neutral,#fitness #fun #reels,0.113219441,3,3592.0,2022,3,March,Wednesday,48703.150097465885,Under 18
90642,42.0,male,japan,461981,text,lifestyle,18114.0,2260.0,1789.0,7782,4559,2022-01-15,395520,False,tablet,neutral,#travel #tech #fitness,4.861373108,3,22163.0,2022,1,January,Saturday,49616.13559322034,36–45
60612,32.0,other,brazil,313161,text,education,6643.0,529.0,426.0,5794,70723,2022-10-28,34393,False,mobile,neutral,#fashion #reels #fun,0.107433225,3,7598.0,2022,10,October,Friday,49193.1746031746,26–35
33574,50.0,male,canada,379548,image,music,13269.0,1418.0,955.0,3581,50171,2023-09-26,719262,False,tablet,positive,#tech #reels,0.311773734,2,15642.0,2023,9,September,Tuesday,48703.150097465885,46–55
33524,40.0,female,canada,696917,video,food,18358.0,2074.0,915.0,500,14998,2022-11-14,156530,True,mobile,positive,#fashion #music #lifestyle,1.42332311,3,21347.0,2022,11,November,Monday,48703.150097465885,36–45
79172,37.0,male,india,113156,reel,fitness,549.0,938.0,1121.0,7994,41101,2022-06-27,42379,False,mobile,positive,#love #reels #fitness,0.063453444,3,2608.0,2022,6,June,Monday,52462.38691588785,36–45
20916,44.0,other,japan,548834,text,food,14452.0,2917.0,630.0,120,14858,2023-04-07,12144,False,tablet,neutral,#love,1.211401265,1,17999.0,2023,4,April,Friday,49616.13559322034,36–45
14809,22.0,other,uk,149999,reel,education,18321.0,2485.0,225.0,1775,47338,2022-09-26,336489,False,mobile,neutral,#love #fitness #lifestyle,0.4442731,3,21031.0,2022,9,September,Monday,51119.39350912779,18–25
42201,54.0,other,canada,507001,reel,education,203.0,1497.0,446.0,606,15221,2022-04-15,538483,False,tablet,positive,#fitness #reels,0.061296892,2,2146.0,2022,4,April,Friday,48703.150097465885,46–55
63330,52.0,female,france,279431,reel,music,15718.0,1497.0,1910.0,7375,83302,2023-11-02,422033,False,mobile,neutral,#reels #fashion,0.244123791,2,19125.0,2023,11,November,Thursday,51727.67338709677,46–55
23456,45.0,male,uae,584023,reel,education,3588.0,1820.0,1687.0,7828,46370,2023-06-01,735706,False,tablet,positive,#love #lifestyle #foodie,0.153008411,3,7095.0,2023,6,June,Thursday,48928.41351888668,36–45
66397,25.0,male,brazil,376838,text,music,2536.0,648.0,1499.0,4445,97635,2022-12-05,438222,False,desktop,negative,#music #fun #lifestyle,0.047964357,3,4683.0,2022,12,December,Monday,49193.1746031746,18–25
48765,53.0,male,brazil,955981,reel,food,8298.0,188.0,202.0,819,47951,2023-01-27,3237,False,tablet,negative,#tech #love,0.18118496,2,8688.0,2023,1,January,Friday,49193.1746031746,46–55
44816,54.0,female,canada,288302,text,education,2701.0,1725.0,967.0,3264,61009,2022-05-21,511237,False,mobile,positive,#love,0.088396794,1,5393.0,2022,5,May,Saturday,48703.150097465885,46–55
55106,59.0,female,france,132799,image,lifestyle,12089.0,1222.0,674.0,6797,49015,2022-06-18,308580,False,desktop,negative,#foodie #fashion #reels,0.28532082,3,13985.0,2022,6,June,Saturday,51727.67338709677,56+
63932,49.0,other,uae,976720,video,fitness,10411.0,1125.0,1320.0,783,49093,2022-01-17,252221,False,desktop,negative,#love #reels #fitness,0.261870328,3,12856.0,2022,1,January,Monday,48928.41351888668,46–55
27100,28.0,other,usa,242228,video,travel,7825.0,478.0,633.0,1846,34988,2023-06-28,172125,False,tablet,negative,#music,0.255401852,1,8936.0,2023,6,June,Wednesday,51263.87225548902,26–35
67091,57.0,male,germany,402789,text,music,5974.0,1497.0,15.0,7560,92894,2022-01-05,309892,False,tablet,positive,#music #love,0.092998471,2,7486.0,2022,1,January,Wednesday,48605.40612244898,56+
31949,34.0,female,germany,794298,text,education,4090.0,2043.0,1401.0,4592,13993,2022-05-17,177189,False,desktop,neutral,#foodie,0.538412063,1,7534.0,2022,5,May,Tuesday,48605.40612244898,26–35
80080,38.0,female,germany,550198,video,food,10559.0,2025.0,1359.0,391,86516,2023-09-11,341764,False,tablet,negative,#lifestyle #fitness #music,0.161160941,3,13943.0,2023,9,September,Monday,48605.40612244898,36–45
47744,62.0,male,india,439758,reel,food,9252.0,516.0,617.0,7880,31812,2022-06-11,759866,False,tablet,positive,#music,0.326449139,1,10385.0,2022,6,June,Saturday,52462.38691588785,56+
55543,55.0,male,brazil,322686,text,education,2546.0,1888.0,1797.0,3745,30043,2023-11-11,423886,False,tablet,neutral,#fitness,0.207402723,1,6231.0,2023,11,November,Saturday,49193.1746031746,46–55
46187,39.0,other,australia,233387,reel,food,3736.0,1497.0,1043.0,1132,5406,2023-04-08,588494,False,mobile,negative,#foodie,1.170736219,1,6276.0,2023,4,April,Saturday,48346.38336713996,36–45
17239,53.0,other,australia,328339,text,education,14600.0,1540.0,439.0,2976,65561,2023-03-14,81942,False,mobile,positive,#fashion #reels,0.252878998,2,16579.0,2023,3,March,Tuesday,48346.38336713996,46–55
24489,28.0,other,india,984801,text,fashion,1672.0,2963.0,1267.0,2517,93936,2023-01-17,755597,True,desktop,positive,#tech,0.062830012,1,5902.0,2023,1,January,Tuesday,52462.38691588785,26–35
68017,46.0,male,canada,112420,image,fitness,401.0,2277.0,1267.0,4445,24207,2023-01-17,154862,False,desktop,positive,#music,0.162969389,1,3945.0,2023,1,January,Tuesday,48703.150097465885,46–55
71877,44.0,male,japan,380456,image,education,15322.0,2916.0,1012.0,4870,10809,2023-04-27,713134,False,desktop,neutral,#fun,1.777037654,1,19250.0,2023,4,April,Thursday,49616.13559322034,36–45
53125,38.0,other,japan,907827,video,food,11191.0,1137.0,391.0,5841,98117,2022-12-21,677745,False,tablet,positive,#reels #lifestyle #fitness,0.129630951,3,12719.0,2022,12,December,Wednesday,49616.13559322034,36–45
59922,37.0,other,germany,402445,image,fashion,4313.0,1539.0,723.0,2196,15014,2022-09-02,54964,False,tablet,positive,#fashion #love,0.437924604,2,6575.0,2022,9,September,Friday,48605.40612244898,36–45
42049,14.0,female,japan,351985,image,travel,14665.0,1748.0,1012.0,6399,96811,2023-09-17,269064,False,tablet,positive,#travel #foodie #fitness,0.177128632,3,17425.0,2023,9,September,Sunday,49616.13559322034,Under 18
47131,24.0,female,canada,146972,video,travel,11644.0,2806.0,1888.0,3460,28512,2023-11-21,181932,False,desktop,neutral,#travel #tech #fun,0.573021886,3,16338.0,2023,11,November,Tuesday,48703.150097465885,18–25
52944,52.0,other,usa,687582,reel,music,11826.0,33.0,1285.0,5318,65426,2023-04-21,357311,False,desktop,positive,#travel,0.200898725,1,13144.0,2023,4,April,Friday,51263.87225548902,46–55
83963,21.0,other,india,180853,image,lifestyle,16471.0,295.0,219.0,6027,16251,2023-04-10,576382,False,mobile,neutral,#reels #tech,1.045166451,2,16985.0,2023,4,April,Monday,52462.38691588785,18–25
34285,24.0,female,usa,744423,reel,education,16303.0,2500.0,1031.0,5562,64790,2022-07-09,38861,False,tablet,negative,#love #travel #music,0.306127489,3,19834.0,2022,7,July,Saturday,51263.87225548902,18–25
47626,38.0,other,brazil,182504,video,lifestyle,6279.0,1429.0,445.0,5968,5109,2023-05-09,767344,False,tablet,positive,#lifestyle #foodie,1.595811313,2,8153.0,2023,5,May,Tuesday,49193.1746031746,36–45
52808,21.0,female,japan,909286,text,lifestyle,18589.0,1150.0,13.0,7353,85882,2023-06-07,25501,False,mobile,neutral,#love #reels,0.229989986,2,19752.0,2023,6,June,Wednesday,49616.13559322034,18–25
98464,22.0,female,uae,221373,reel,fashion,2967.0,2189.0,386.0,4439,49380,2023-06-19,89841,False,desktop,positive,#music #lifestyle #reels,0.112231673,3,5542.0,2023,6,June,Monday,48928.41351888668,18–25
63871,44.0,female,germany,432924,video,travel,4250.0,1987.0,641.0,676,61918,2023-09-23,3565,False,desktop,positive,#music,0.111082399,1,6878.0,2023,9,September,Saturday,48605.40612244898,36–45
29198,46.0,male,india,524145,reel,lifestyle,19918.0,647.0,1045.0,6251,60630,2022-10-09,171717,False,desktop,negative,#love #fitness,0.356424212,2,21610.0,2022,10,October,Sunday,52462.38691588785,46–55
29758,60.0,male,germany,468602,video,tech,3238.0,2175.0,224.0,594,1445,2023-03-06,344141,False,tablet,neutral,#fashion,3.901038062,1,5637.0,2023,3,March,Monday,48605.40612244898,56+
25254,32.0,other,japan,943535,video,lifestyle,8513.0,2882.0,234.0,3884,76264,2023-08-04,66221,False,mobile,negative,#reels,0.152483478,1,11629.0,2023,8,August,Friday,49616.13559322034,26–35
54238,51.0,female,uk,609652,text,travel,2738.0,1709.0,1364.0,3151,40000,2023-10-08,570815,False,mobile,positive,#love #tech #travel,0.145275,3,5811.0,2023,10,October,Sunday,51119.39350912779,46–55
11252,14.0,male,japan,425764,reel,music,4936.0,2972.0,1989.0,3324,86662,2022-09-10,230012,False,desktop,positive,#fashion #love #fitness,0.114202303,3,9897.0,2022,9,September,Saturday,49616.13559322034,Under 18
49764,13.0,other,india,976022,text,tech,1836.0,2777.0,999.0,6168,29389,2023-07-17,635163,False,tablet,neutral,#lifestyle,0.1909558,1,5612.0,2023,7,July,Monday,52462.38691588785,Under 18
87709,63.0,other,australia,970556,text,music,18943.0,1547.0,710.0,6426,29532,2022-02-12,417065,False,mobile,positive,#fun #lifestyle #fashion,0.717865366,3,21200.0,2022,2,February,Saturday,48346.38336713996,56+
47441,48.0,other,india,931022,reel,music,1568.0,462.0,1157.0,7730,85243,2023-04-27,554987,False,tablet,negative,#fun,0.037387234,1,3187.0,2023,4,April,Thursday,52462.38691588785,46–55
63682,36.0,other,france,986628,reel,fashion,10514.0,2611.0,1201.0,2934,64240,2022-05-21,740800,False,desktop,positive,#foodie #tech #music,0.223007472,3,14326.0,2022,5,May,Saturday,51727.67338709677,36–45
69494,39.0,other,uae,696842,video,education,14047.0,1209.0,1579.0,5033,19960,2023-05-26,651642,False,desktop,neutral,#fashion #fitness,0.843436874,2,16835.0,2023,5,May,Friday,48928.41351888668,36–45
91317,14.0,female,japan,503837,reel,education,4720.0,513.0,1543.0,6763,5197,2023-06-21,478900,True,mobile,neutral,#love,1.303829132,1,6776.0,2023,6,June,Wednesday,49616.13559322034,Under 18
75215,43.0,other,france,217781,video,tech,7957.0,0.0,791.0,6086,27214,2022-09-27,126006,False,desktop,positive,#fitness #reels,0.321452194,2,8748.0,2022,9,September,Tuesday,51727.67338709677,36–45
88587,26.0,female,australia,625261,video,travel,11155.0,1262.0,1562.0,4333,60298,2022-12-27,379277,False,mobile,negative,#fashion #love,0.231831902,2,13979.0,2022,12,December,Tuesday,48346.38336713996,26–35
16949,14.0,male,canada,874072,video,food,8544.0,1078.0,436.0,2985,13573,2023-09-08,339931,False,desktop,neutral,#lifestyle #travel #love,0.741029986,3,10058.0,2023,9,September,Friday,48703.150097465885,Under 18
65393,41.0,other,canada,340210,video,tech,6525.0,1471.0,1074.0,2363,63734,2022-10-22,789952,False,mobile,neutral,#fashion #fitness #travel,0.142310227,3,9070.0,2022,10,October,Saturday,48703.150097465885,36–45
83553,27.0,male,uae,945218,video,travel,16083.0,337.0,1947.0,839,24931,2023-10-27,746804,False,desktop,neutral,#foodie #reels #love,0.736713329,3,18367.0,2023,10,October,Friday,48928.41351888668,26–35
16941,24.0,female,brazil,204919,video,lifestyle,7935.0,2955.0,1466.0,2510,22206,2023-04-20,269094,False,desktop,positive,#fun,0.556426191,1,12356.0,2023,4,April,Thursday,49193.1746031746,18–25
35934,49.0,female,uae,137097,reel,music,6737.0,2865.0,580.0,3769,76245,2023-04-17,645588,False,tablet,positive,#music #love #foodie,0.133543183,3,10182.0,2023,4,April,Monday,48928.41351888668,46–55
33386,40.0,male,uae,221403,reel,food,2540.0,1127.0,1992.0,4687,59197,2022-06-10,205240,False,tablet,positive,#love #fashion #fitness,0.095596061,3,5659.0,2022,6,June,Friday,48928.41351888668,36–45
71886,32.0,other,uae,920677,image,fashion,17218.0,2392.0,1304.0,2887,70382,2022-02-14,174025,True,desktop,positive,#tech,0.297149839,1,20914.0,2022,2,February,Monday,48928.41351888668,26–35
85745,51.0,other,uae,820571,reel,education,10105.5,976.0,1067.0,3043,30484,2023-11-09,6182,False,mobile,neutral,#tech #reels,0.713521848,2,12148.5,2023,11,November,Thursday,48928.41351888668,46–55
93251,36.0,male,uae,679129,text,fashion,17013.0,882.0,686.0,1631,62854,2022-07-26,428671,False,desktop,positive,#lifestyle #fashion #fun,0.295621599,3,18581.0,2022,7,July,Tuesday,48928.41351888668,36–45
63413,33.0,male,usa,649634,image,fitness,2986.0,2245.0,1654.0,1405,52663,2022-04-18,300929,False,tablet,neutral,#music #reels #fitness,0.13073695,3,6885.0,2022,4,April,Monday,51263.87225548902,26–35
66800,22.0,male,australia,729921,reel,fashion,14958.0,1037.0,364.0,7632,16559,2023-05-19,366756,False,mobile,negative,#lifestyle,0.987921976,1,16359.0,2023,5,May,Friday,48346.38336713996,18–25
52318,58.0,other,india,696268,text,fitness,6485.0,1703.0,1911.0,6115,31388,2023-03-18,254005,False,desktop,negative,#music,0.321747165,1,10099.0,2023,3,March,Saturday,52462.38691588785,56+
80173,26.0,other,japan,190417,reel,fashion,19852.0,1497.0,268.0,4245,36479,2022-03-06,158388,False,desktop,positive,#music #fashion,0.575426958,2,21617.0,2022,3,March,Sunday,49616.13559322034,26–35
80390,49.0,other,france,542369,video,fashion,11772.0,2589.0,1716.0,6495,73637,2022-09-24,433940,False,tablet,negative,#lifestyle,0.218327743,1,16077.0,2022,9,September,Saturday,51727.67338709677,46–55
62329,30.0,male,uae,963374,image,fashion,10105.5,456.0,1588.0,2489,75820,2023-02-03,439473,False,mobile,neutral,#travel,0.160854656,1,12149.5,2023,2,February,Friday,48928.41351888668,26–35
53088,38.0,other,brazil,991579,video,fitness,12531.0,1549.0,1316.0,4490,13049,2023-11-28,187765,False,mobile,positive,#music #fitness #tech,1.179860526,3,15396.0,2023,11,November,Tuesday,49193.1746031746,36–45
49811,26.0,female,germany,977407,image,lifestyle,5867.0,2797.0,1726.0,3436,44438,2022-08-12,593412,False,mobile,neutral,#fashion,0.233808902,1,10390.0,2022,8,August,Friday,48605.40612244898,26–35
65479,46.0,male,japan,892404,image,fitness,4626.0,365.0,1217.0,5,71755,2023-10-27,277385,True,desktop,positive,#reels #foodie #fitness,0.086516619,3,6208.0,2023,10,October,Friday,49616.13559322034,46–55
95392,24.0,other,germany,934495,video,music,2262.0,2448.0,1394.0,2581,35262,2022-10-16,2797,False,tablet,positive,#lifestyle #reels #foodie,0.173104191,3,6104.0,2022,10,October,Sunday,48605.40612244898,18–25
97369,34.0,male,france,230017,image,tech,2414.0,2621.0,1575.0,219,34284,2022-10-12,673468,False,desktop,positive,#reels #travel #lifestyle,0.192801307,3,6610.0,2022,10,October,Wednesday,51727.67338709677,26–35
29963,18.0,female,france,943487,image,travel,10353.0,1497.0,77.0,2918,62762,2022-07-05,110080,False,tablet,neutral,#music,0.206478442,1,11927.0,2022,7,July,Tuesday,51727.67338709677,Under 18
65123,48.0,female,japan,858769,reel,travel,15559.0,2157.0,188.0,11,73479,2022-08-14,74709,False,tablet,neutral,#reels #travel,0.243661454,2,17904.0,2022,8,August,Sunday,49616.13559322034,46–55
83477,57.0,male,brazil,557582,text,lifestyle,12312.0,2453.0,1630.0,2842,26905,2022-07-19,745646,False,mobile,neutral,#reels #love #travel,0.609366289,3,16395.0,2022,7,July,Tuesday,49193.1746031746,56+
24388,38.0,male,usa,242003,video,travel,5240.0,2356.0,1413.0,5504,8531,2023-05-19,358777,False,desktop,positive,#love #travel,1.056030946,2,9009.0,2023,5,May,Friday,51263.87225548902,36–45
15569,34.0,female,canada,763062,reel,fashion,14053.0,159.0,1048.0,6847,83797,2022-01-11,630707,False,mobile,negative,#fitness #foodie #travel,0.182106758,3,15260.0,2022,1,January,Tuesday,48703.150097465885,26–35
79836,26.0,male,france,709122,reel,lifestyle,9049.0,843.0,1638.0,457,28936,2023-05-13,603178,False,tablet,positive,#fashion #foodie,0.398465579,2,11530.0,2023,5,May,Saturday,51727.67338709677,26–35
46586,28.0,female,brazil,943882,video,travel,5122.0,2102.0,1325.0,2272,62493,2022-10-04,723811,True,tablet,neutral,#travel #foodie #reels,0.136799322,3,8549.0,2022,10,October,Tuesday,49193.1746031746,26–35
22015,48.0,female,france,852936,image,fitness,4993.0,2808.0,670.0,6479,4246,2022-01-03,194676,False,mobile,positive,#love,1.995054169,1,8471.0,2022,1,January,Monday,51727.67338709677,46–55
55002,37.0,other,uk,689540,video,tech,18876.0,1999.0,357.0,166,84651,2023-07-28,208518,False,mobile,neutral,#tech #lifestyle,0.250818065,2,21232.0,2023,7,July,Friday,51119.39350912779,36–45
16254,44.0,male,canada,146904,text,food,15613.0,2303.0,1743.0,7483,30862,2022-01-05,695204,False,tablet,positive,#fun #fashion #lifestyle,0.636996954,3,19659.0,2022,1,January,Wednesday,48703.150097465885,36–45
27144,45.0,male,france,152320,text,tech,8211.0,2581.0,958.0,7283,44070,2023-06-05,601199,False,desktop,positive,#fun #lifestyle,0.266621284,2,11750.0,2023,6,June,Monday,51727.67338709677,36–45
34214,57.0,other,brazil,393144,video,travel,13515.0,2469.0,1882.0,5957,71076,2023-07-24,57385,True,mobile,neutral,#music,0.251364736,1,17866.0,2023,7,July,Monday,49193.1746031746,56+
90719,48.0,female,france,195341,reel,lifestyle,8997.0,2993.0,1117.0,1973,85409,2022-10-07,456255,False,desktop,positive,#fashion,0.153461579,1,13107.0,2022,10,October,Friday,51727.67338709677,46–55
81774,32.0,male,germany,882884,video,education,16335.0,1638.0,1859.0,1944,48443,2023-02-27,253611,False,tablet,positive,#tech,0.409388353,1,19832.0,2023,2,February,Monday,48605.40612244898,26–35
16090,30.0,other,japan,889031,text,travel,2175.0,2860.0,1574.0,6641,77904,2022-08-26,487752,True,mobile,neutral,#fun #music #tech,0.084835182,3,6609.0,2022,8,August,Friday,49616.13559322034,26–35
21637,50.0,male,japan,449780,video,fitness,2405.0,2934.0,335.0,2195,25890,2022-11-13,165036,False,mobile,positive,#fitness #travel #music,0.219157976,3,5674.0,2022,11,November,Sunday,49616.13559322034,46–55
32415,15.0,male,france,851405,image,tech,19747.0,2311.0,1187.0,4131,20045,2022-05-07,545406,False,tablet,positive,#reels #music,1.159640808,2,23245.0,2022,5,May,Saturday,51727.67338709677,Under 18
34071,35.0,other,brazil,840079,video,education,7341.0,2795.0,902.0,7574,22025,2022-10-31,682305,False,mobile,neutral,#music #fun,0.501157775,2,11038.0,2022,10,October,Monday,49193.1746031746,26–35
68243,44.0,male,germany,811525,reel,fitness,11156.0,2880.0,340.0,7552,7758,2022-06-27,700418,False,mobile,neutral,#fitness,1.853054911,1,14376.0,2022,6,June,Monday,48605.40612244898,36–45
51240,57.0,other,usa,289927,image,music,15963.0,232.0,1012.0,3828,25291,2023-05-05,176679,False,desktop,neutral,#fashion #tech,0.673282986,2,17207.0,2023,5,May,Friday,51263.87225548902,56+
93807,28.0,female,usa,334849,text,music,17989.0,1497.0,566.0,5085,37526,2023-03-13,645827,False,mobile,positive,#fitness #foodie,0.567126792,2,20052.0,2023,3,March,Monday,51263.87225548902,26–35
43434,17.0,female,germany,624306,video,fitness,18941.0,232.0,71.0,7578,73057,2023-10-23,142654,False,desktop,neutral,#fun,0.263410761,1,19244.0,2023,10,October,Monday,48605.40612244898,Under 18
79724,16.0,male,india,231930,reel,food,15779.0,557.0,1065.0,6451,9422,2022-02-07,263086,False,mobile,positive,#travel #fitness #music,1.846847803,3,17401.0,2022,2,February,Monday,52462.38691588785,Under 18
85697,33.0,other,brazil,519208,reel,fitness,18426.0,2960.0,410.0,4737,56713,2023-09-22,322153,False,mobile,neutral,#foodie,0.384321055,1,21796.0,2023,9,September,Friday,49193.1746031746,26–35
38732,52.0,female,usa,525796,text,education,778.0,2728.0,897.0,239,22114,2023-04-28,512267,True,tablet,positive,#travel #reels #lifestyle,0.19910464,3,4403.0,2023,4,April,Friday,51263.87225548902,46–55
21314,63.0,female,india,433060,video,fitness,3159.0,1949.0,837.0,916,70991,2022-11-11,121566,False,tablet,positive,#travel,0.08374301,1,5945.0,2022,11,November,Friday,52462.38691588785,56+
33954,26.0,other,brazil,791160,reel,food,6395.0,1459.0,643.0,2952,75349,2023-04-29,626265,False,mobile,neutral,#reels #fitness,0.112768584,2,8497.0,2023,4,April,Saturday,49193.1746031746,26–35
67108,51.0,female,germany,683058,image,music,1746.0,334.0,20.0,3438,64422,2022-04-07,728984,False,desktop,neutral,#fitness #travel #tech,0.03259756,3,2100.0,2022,4,April,Thursday,48605.40612244898,46–55
97044,43.0,other,uae,315523,video,fashion,5974.0,2451.0,1024.0,855,20935,2022-01-17,452816,False,tablet,positive,#love #fitness #fashion,0.451349415,3,9449.0,2022,1,January,Monday,48928.41351888668,36–45
97505,26.0,male,india,336847,text,education,5150.0,255.0,677.0,6447,90515,2023-03-23,441641,False,tablet,positive,#lifestyle #fashion #fitness,0.067193283,3,6082.0,2023,3,March,Thursday,52462.38691588785,26–35
46668,18.0,female,india,923919,image,fashion,10105.5,1089.0,1595.0,2664,45039,2022-10-06,349874,False,tablet,neutral,#tech #music,0.328959346,2,12789.5,2022,10,October,Thursday,52462.38691588785,Under 18
33061,38.0,female,france,244015,video,education,16804.0,2988.0,1099.0,3238,10186,2023-03-28,442708,False,mobile,positive,#fun,2.050952287,1,20891.0,2023,3,March,Tuesday,51727.67338709677,36–45
89252,28.0,other,australia,596383,reel,lifestyle,10043.0,771.0,602.0,553,34383,2023-10-28,735317,False,desktop,positive,#love #travel,0.332024547,2,11416.0,2023,10,October,Saturday,48346.38336713996,26–35
49749,29.0,other,australia,202342,text,food,18492.0,945.0,1421.0,2813,66219,2023-08-29,240644,False,desktop,positive,#lifestyle #tech #fun,0.314985125,3,20858.0,2023,8,August,Tuesday,48346.38336713996,26–35
26907,57.0,other,brazil,685745,text,lifestyle,4674.0,1111.0,1742.0,1885,31960,2023-11-18,444531,False,mobile,positive,#reels #travel #fashion,0.235513141,3,7527.0,2023,11,November,Saturday,49193.1746031746,56+
28777,35.0,other,france,618327,video,lifestyle,3996.0,310.0,87.0,5420,26722,2022-01-29,56142,True,tablet,positive,#fun #music #fashion,0.164396378,3,4393.0,2022,1,January,Saturday,51727.67338709677,26–35
61745,26.0,female,japan,380980,text,music,9550.0,1594.0,1617.0,2945,49371,2023-06-30,638428,False,desktop,neutral,#fun #lifestyle #tech,0.258471572,3,12761.0,2023,6,June,Friday,49616.13559322034,26–35
91818,19.0,male,canada,987582,image,fitness,2626.0,2729.0,16.0,7115,52536,2022-01-10,649422,False,desktop,positive,#fun #tech,0.102234658,2,5371.0,2022,1,January,Monday,48703.150097465885,18–25
33624,58.0,male,uae,599584,video,lifestyle,490.0,1281.0,1352.0,1228,40776,2022-04-11,611932,False,mobile,positive,#reels #fitness #music,0.07658917,3,3123.0,2022,4,April,Monday,48928.41351888668,56+
33321,44.0,male,canada,897826,image,travel,9487.0,1581.0,942.0,194,52506,2023-10-15,487236,False,desktop,positive,#tech #reels,0.228735764,2,12010.0,2023,10,October,Sunday,48703.150097465885,36–45
20488,27.0,male,india,434302,text,education,10273.0,2176.0,1233.0,7338,63209,2022-03-28,350378,False,desktop,positive,#music,0.216456517,1,13682.0,2022,3,March,Monday,52462.38691588785,26–35
32574,56.0,other,uk,617912,text,music,19755.0,2828.0,823.0,7929,30273,2023-04-15,732685,True,tablet,positive,#fun #music,0.773164206,2,23406.0,2023,4,April,Saturday,51119.39350912779,56+
15240,29.0,female,usa,486804,text,tech,13684.0,2373.0,382.0,3687,81891,2022-10-28,644499,False,tablet,neutral,#tech #fun #fitness,0.20074245,3,16439.0,2022,10,October,Friday,51263.87225548902,26–35
53221,53.0,female,usa,734887,image,travel,11366.0,789.0,1588.0,5994,4559,2023-10-02,83536,False,tablet,positive,#fitness #fashion,3.014476859,2,13743.0,2023,10,October,Monday,51263.87225548902,46–55
20478,59.0,female,france,911712,text,travel,15906.0,2064.0,639.0,1425,87585,2022-07-25,295441,False,desktop,neutral,#foodie #reels #fashion,0.212467888,3,18609.0,2022,7,July,Monday,51727.67338709677,56+
65645,56.0,other,australia,224221,video,fitness,4989.0,2746.0,1169.0,7206,67604,2023-08-24,482744,False,tablet,negative,#music,0.131708183,1,8904.0,2023,8,August,Thursday,48346.38336713996,56+
29262,46.0,female,uk,349222,reel,tech,12021.0,341.0,452.0,3819,35399,2022-03-23,728043,False,mobile,negative,#fitness #travel #love,0.361987627,3,12814.0,2022,3,March,Wednesday,51119.39350912779,46–55
62796,17.0,other,france,177318,video,lifestyle,3380.0,1002.0,815.0,2693,95257,2022-07-31,296061,False,tablet,positive,#lifestyle #travel,0.05455767,2,5197.0,2022,7,July,Sunday,51727.67338709677,Under 18
14432,57.0,female,india,432306,reel,tech,5689.0,837.0,1416.0,6395,51181,2022-04-29,772333,True,tablet,positive,#fitness,0.155174772,1,7942.0,2022,4,April,Friday,52462.38691588785,56+
74291,39.0,male,uk,516656,text,lifestyle,8603.0,627.0,309.0,3753,74591,2022-05-16,407568,True,desktop,positive,#music #fitness #reels,0.127884061,3,9539.0,2022,5,May,Monday,51119.39350912779,36–45
89104,64.0,other,usa,414856,video,fashion,7473.0,2818.0,930.0,1971,54528,2023-01-12,439683,False,tablet,negative,#fashion,0.205784184,1,11221.0,2023,1,January,Thursday,51263.87225548902,56+
69399,35.0,female,brazil,885072,image,food,1676.0,2925.0,491.0,5402,92890,2023-03-04,483853,False,mobile,positive,#travel #fitness,0.054817526,2,5092.0,2023,3,March,Saturday,49193.1746031746,26–35
89714,52.0,male,india,471722,reel,fitness,7790.0,1272.0,759.0,6350,54977,2023-12-21,437603,False,tablet,negative,#foodie,0.17863834,1,9821.0,2023,12,December,Thursday,52462.38691588785,46–55
60428,26.0,male,france,614021,image,lifestyle,5282.0,709.0,1453.0,499,28487,2022-11-10,82886,False,tablet,positive,#reels #fitness #music,0.261312177,3,7444.0,2022,11,November,Thursday,51727.67338709677,26–35
97731,27.0,male,japan,803016,reel,lifestyle,19095.0,2896.0,0.0,5262,31184,2023-02-08,692922,False,mobile,negative,#fitness #music,0.705201385,2,21991.0,2023,2,February,Wednesday,49616.13559322034,26–35
10302,55.0,other,germany,761949,text,tech,13376.0,738.0,40.0,4114,1001,2022-08-31,796883,False,mobile,positive,#love #fun,14.13986014,2,14154.0,2022,8,August,Wednesday,48605.40612244898,46–55
92558,45.0,other,india,934673,video,fitness,10105.5,2224.0,1608.0,3773,31005,2022-12-11,381779,False,tablet,positive,#music #fashion,0.427769715,2,13937.5,2022,12,December,Sunday,52462.38691588785,36–45
10055,43.0,female,india,879955,reel,education,602.0,1778.0,671.0,3647,91730,2023-09-04,383072,False,desktop,neutral,#love #fashion,0.033260656,2,3051.0,2023,9,September,Monday,52462.38691588785,36–45
18717,47.0,male,japan,647521,video,lifestyle,1937.0,945.0,211.0,7909,38833,2023-09-19,75137,False,mobile,positive,#reels #lifestyle #foodie,0.079648752,3,3093.0,2023,9,September,Tuesday,49616.13559322034,46–55
38699,29.0,female,uae,266083,reel,fashion,10105.5,2404.0,1356.0,2866,31099,2023-02-28,312653,False,mobile,positive,#reels #fashion #fitness,0.339946622,3,13865.5,2023,2,February,Tuesday,48928.41351888668,26–35
83686,40.0,female,brazil,894609,reel,travel,1067.0,494.0,1831.0,686,56684,2022-01-16,280799,False,desktop,positive,#fashion #fun,0.059840519,2,3392.0,2022,1,January,Sunday,49193.1746031746,36–45
77661,31.0,male,japan,623099,text,lifestyle,13401.0,34.0,1674.0,7992,1793,2023-05-31,187748,True,mobile,negative,#lifestyle,8.42665923,1,15109.0,2023,5,May,Wednesday,49616.13559322034,26–35
54247,58.0,female,canada,265600,reel,tech,10105.5,1430.0,1469.0,2067,55747,2022-09-23,104468,False,mobile,positive,#tech,0.146214146,1,13004.5,2022,9,September,Friday,48703.150097465885,56+
26748,35.0,other,canada,738794,image,education,13472.0,1991.0,1965.0,5907,34997,2023-07-14,142135,True,desktop,positive,#love,0.497985542,1,17428.0,2023,7,July,Friday,48703.150097465885,26–35
14621,44.0,female,india,859106,reel,music,379.0,817.0,303.0,3921,36879,2023-12-17,176407,False,tablet,negative,#lifestyle #fun #love,0.040646438,3,1499.0,2023,12,December,Sunday,52462.38691588785,36–45
25034,38.0,male,uae,685639,reel,fashion,19566.0,9.0,1578.0,447,1465,2022-01-20,729840,False,desktop,negative,#fitness,14.43890785,1,21153.0,2022,1,January,Thursday,48928.41351888668,36–45
15126,25.0,other,usa,978340,reel,fitness,5196.0,985.0,690.0,7393,8487,2023-12-07,370790,False,tablet,neutral,#fitness #fun,0.809591139,2,6871.0,2023,12,December,Thursday,51263.87225548902,18–25
15122,32.0,other,uae,550047,text,lifestyle,13881.0,1737.0,1724.0,1766,71839,2022-01-11,478449,False,mobile,neutral,#fitness #reels #fashion,0.24140091,3,17342.0,2022,1,January,Tuesday,48928.41351888668,26–35
28030,47.0,female,canada,676115,video,fashion,12119.0,2578.0,1781.0,1124,33018,2022-01-20,250853,False,mobile,positive,#reels #lifestyle,0.499061118,2,16478.0,2022,1,January,Thursday,48703.150097465885,46–55
92838,17.0,female,uae,516724,video,music,8737.0,1558.0,1833.0,6882,5280,2022-10-06,791149,True,tablet,positive,#tech #fashion,2.296969697,2,12128.0,2022,10,October,Thursday,48928.41351888668,Under 18
94717,21.0,other,uae,704789,text,fashion,5259.0,2142.0,1012.0,293,30442,2022-11-29,370650,False,desktop,positive,#tech,0.281781749,1,8413.0,2022,11,November,Tuesday,48928.41351888668,18–25
65658,41.0,female,brazil,168772,image,education,11633.0,2623.0,615.0,5669,56346,2023-07-01,365116,False,mobile,positive,#music #reels #tech,0.263922905,3,14871.0,2023,7,July,Saturday,49193.1746031746,36–45
48638,18.0,male,india,639899,image,fashion,10461.0,449.0,522.0,4160,98734,2023-02-05,254773,False,desktop,positive,#travel #music #lifestyle,0.115785849,3,11432.0,2023,2,February,Sunday,52462.38691588785,Under 18
77067,37.0,female,brazil,253354,text,fashion,2922.0,1243.0,24.0,2546,93322,2022-02-07,154304,False,tablet,positive,#travel,0.044887593,1,4189.0,2022,2,February,Monday,49193.1746031746,36–45
98869,43.0,female,usa,927435,video,education,3387.0,2143.0,807.0,75,52576,2022-03-24,28834,False,tablet,positive,#fun,0.12053028,1,6337.0,2022,3,March,Thursday,51263.87225548902,36–45
44674,34.0,other,usa,836725,image,education,14553.0,864.0,24.0,7044,50206,2022-02-01,650812,False,tablet,positive,#fitness,0.307552882,1,15441.0,2022,2,February,Tuesday,51263.87225548902,26–35
45854,14.0,female,canada,567432,text,music,10062.0,1800.0,595.0,3775,44749,2022-02-23,450465,False,desktop,positive,#tech,0.278374936,1,12457.0,2022,2,February,Wednesday,48703.150097465885,Under 18
56271,57.0,female,france,874324,video,education,6959.0,2716.0,1129.0,2682,73036,2023-09-11,106644,False,desktop,positive,#fitness,0.14792705,1,10804.0,2023,9,September,Monday,51727.67338709677,56+
83688,17.0,female,japan,242412,image,fashion,9947.0,206.0,1776.0,3196,44008,2023-06-21,571914,False,tablet,positive,#reels #fashion #travel,0.271064352,3,11929.0,2023,6,June,Wednesday,49616.13559322034,Under 18
48518,39.0,male,australia,458773,image,fashion,9559.0,1809.0,1142.0,2074,27917,2022-02-14,28960,False,mobile,negative,#lifestyle #reels #music,0.448114052,3,12510.0,2022,2,February,Monday,48346.38336713996,36–45
20267,37.0,female,india,448787,text,food,551.0,849.0,1994.0,5734,55612,2023-09-22,113310,True,tablet,neutral,#travel,0.061029994,1,3394.0,2023,9,September,Friday,52462.38691588785,36–45
11062,20.0,male,france,961116,video,fitness,133.0,245.0,107.0,1299,76223,2022-10-21,234808,False,mobile,positive,#music #fun #travel,0.006362909,3,485.0,2022,10,October,Friday,51727.67338709677,18–25
60448,13.0,male,india,470754,image,travel,6607.0,1734.0,1353.0,5691,34912,2022-05-05,244433,False,mobile,negative,#music,0.277669569,1,9694.0,2022,5,May,Thursday,52462.38691588785,Under 18
16229,32.0,male,japan,183035,text,fitness,11103.0,1997.0,179.0,2727,38513,2023-07-02,413453,False,mobile,positive,#love #music #lifestyle,0.344792667,3,13279.0,2023,7,July,Sunday,49616.13559322034,26–35
66793,56.0,male,japan,904597,image,tech,10205.0,2931.0,880.0,4178,88574,2022-12-10,221839,False,desktop,positive,#music,0.158240567,1,14016.0,2022,12,December,Saturday,49616.13559322034,56+
57915,35.0,other,uk,733610,video,tech,6599.0,2130.0,130.0,6629,20083,2023-02-27,133291,False,mobile,positive,#fun #tech #foodie,0.441119355,3,8859.0,2023,2,February,Monday,51119.39350912779,26–35
14632,44.0,male,brazil,511476,reel,music,13372.0,316.0,1830.0,3534,56126,2022-06-16,202077,False,mobile,positive,#music,0.276485051,1,15518.0,2022,6,June,Thursday,49193.1746031746,36–45
13596,23.0,male,canada,154515,image,education,5124.0,2692.0,602.0,2053,23525,2022-09-26,458486,False,tablet,neutral,#fitness,0.357832094,1,8418.0,2022,9,September,Monday,48703.150097465885,18–25
16168,51.0,male,uk,845812,video,fitness,1060.0,2417.0,1954.0,7112,5110,2022-07-13,334190,False,mobile,negative,#lifestyle,1.062818004,1,5431.0,2022,7,July,Wednesday,51119.39350912779,46–55
17561,59.0,female,usa,209446,image,fashion,14048.0,2796.0,1012.0,1699,53242,2022-05-04,479186,False,mobile,neutral,#love #fashion #lifestyle,0.330490966,3,17856.0,2022,5,May,Wednesday,51263.87225548902,56+
83794,36.0,male,australia,654768,reel,food,18570.0,1719.0,758.0,4463,73484,2022-09-28,729157,True,tablet,positive,#foodie #fashion,0.286416091,2,21047.0,2022,9,September,Wednesday,48346.38336713996,36–45
92152,23.0,other,canada,807887,reel,travel,19049.0,2677.0,167.0,2518,87665,2022-02-27,774735,True,desktop,neutral,#reels #fitness,0.249734786,2,21893.0,2022,2,February,Sunday,48703.150097465885,18–25
36734,41.0,male,usa,159789,image,lifestyle,3170.0,2227.0,222.0,1737,45074,2022-02-28,151466,False,mobile,positive,#fitness #love #foodie,0.124661667,3,5619.0,2022,2,February,Monday,51263.87225548902,36–45
16371,38.0,male,uae,807262,text,lifestyle,10919.0,1806.0,468.0,5568,47446,2023-03-26,468317,False,desktop,neutral,#travel #foodie #fun,0.278063483,3,13193.0,2023,3,March,Sunday,48928.41351888668,36–45
36069,28.0,other,brazil,132191,image,fashion,19030.0,2649.0,277.0,1930,81826,2022-08-05,429191,False,tablet,positive,#fun #music,0.268325471,2,21956.0,2022,8,August,Friday,49193.1746031746,26–35
89905,47.0,male,brazil,683776,video,fitness,16979.0,599.0,189.0,6832,49213,2023-08-04,268742,False,desktop,neutral,#travel #lifestyle,0.361022494,2,17767.0,2023,8,August,Friday,49193.1746031746,46–55
22910,32.0,female,brazil,830442,text,lifestyle,15583.0,1106.0,530.0,369,59499,2023-04-27,318467,False,mobile,positive,#tech #foodie #reels,0.289399822,3,17219.0,2023,4,April,Thursday,49193.1746031746,26–35
83479,58.0,male,uk,267116,video,fitness,4106.0,1555.0,1549.0,7507,97662,2022-09-01,498406,False,desktop,positive,#fashion #foodie,0.073826053,2,7210.0,2022,9,September,Thursday,51119.39350912779,56+
87735,15.0,male,germany,804960,video,food,3421.0,840.0,1778.0,3739,18059,2022-04-13,125089,False,desktop,neutral,#travel #fitness #music,0.334403898,3,6039.0,2022,4,April,Wednesday,48605.40612244898,Under 18
91264,13.0,male,france,973889,text,food,16303.0,1497.0,620.0,4373,71390,2023-06-01,777404,False,tablet,positive,#lifestyle #reels #love,0.241910632,3,18420.0,2023,6,June,Thursday,51727.67338709677,Under 18
33275,59.0,other,japan,804136,reel,education,2278.0,1497.0,1969.0,339,2313,2022-09-21,149932,False,tablet,positive,#foodie,2.396022482,1,5744.0,2022,9,September,Wednesday,49616.13559322034,56+
82274,13.0,male,australia,988908,video,fitness,17548.0,330.0,1213.0,2862,50478,2022-08-29,487331,False,tablet,neutral,#love #music #travel,0.378204366,3,19091.0,2022,8,August,Monday,48346.38336713996,Under 18
91449,29.0,male,japan,604703,image,education,17001.0,609.0,217.0,613,9955,2022-08-17,82909,False,tablet,positive,#fashion,1.790758413,1,17827.0,2022,8,August,Wednesday,49616.13559322034,26–35
70004,14.0,female,germany,698813,reel,fashion,13052.0,1944.0,1322.0,1103,74191,2023-03-28,794911,True,tablet,positive,#fitness,0.219945816,1,16318.0,2023,3,March,Tuesday,48605.40612244898,Under 18
72981,38.0,male,uae,939080,reel,education,450.0,743.0,1334.0,3777,48379,2023-03-31,254645,True,tablet,neutral,#tech #fun #foodie,0.052233407,3,2527.0,2023,3,March,Friday,48928.41351888668,36–45
94659,32.0,male,uae,638028,text,fashion,9990.0,568.0,235.0,792,5644,2023-06-28,260475,False,tablet,neutral,#tech #fitness,1.912296244,2,10793.0,2023,6,June,Wednesday,48928.41351888668,26–35
64553,18.0,male,uae,982148,image,fashion,12778.0,1684.0,167.0,6746,21237,2023-01-09,467178,False,tablet,positive,#fun #music #fashion,0.68884494,3,14629.0,2023,1,January,Monday,48928.41351888668,Under 18
58447,20.0,male,canada,768462,image,lifestyle,7372.0,2436.0,779.0,66,71224,2022-01-24,509784,False,desktop,neutral,#tech #foodie,0.148643716,2,10587.0,2022,1,January,Monday,48703.150097465885,18–25
44529,41.0,female,usa,311965,reel,travel,1892.0,970.0,192.0,4310,39526,2022-11-02,335617,False,tablet,positive,#fashion #travel #foodie,0.077265597,3,3054.0,2022,11,November,Wednesday,51263.87225548902,36–45
85703,60.0,female,usa,544550,video,travel,18838.0,1497.0,241.0,4511,91486,2023-01-09,173530,False,desktop,neutral,#fitness #foodie,0.216699823,2,20576.0,2023,1,January,Monday,51263.87225548902,56+
86090,63.0,other,uae,213917,video,fashion,13362.0,2184.0,1185.0,7312,64688,2022-07-06,106383,False,mobile,positive,#lifestyle #fun,0.258641479,2,16731.0,2022,7,July,Wednesday,48928.41351888668,56+
27260,45.0,male,australia,725918,image,fitness,3808.0,1764.0,1899.0,4647,75273,2023-10-02,204148,False,tablet,negative,#travel #love,0.099252056,2,7471.0,2023,10,October,Monday,48346.38336713996,36–45
13812,15.0,other,uk,649509,reel,food,9476.0,1384.0,1012.0,3795,4927,2022-04-22,234003,False,mobile,positive,#reels #fitness,2.480617008,2,11872.0,2022,4,April,Friday,51119.39350912779,Under 18
38024,47.0,other,australia,163265,reel,education,18141.0,2329.0,790.0,5405,93169,2023-05-08,572042,True,tablet,neutral,#music #fun,0.228187487,2,21260.0,2023,5,May,Monday,48346.38336713996,46–55
68656,17.0,male,australia,625007,reel,music,16606.0,1225.0,454.0,570,39006,2022-10-21,181655,False,mobile,positive,#tech #fun,0.468774035,2,18285.0,2022,10,October,Friday,48346.38336713996,Under 18
37285,39.0,female,usa,314514,text,tech,18749.0,1018.0,1158.0,539,77284,2023-02-26,65947,True,desktop,neutral,#lifestyle,0.270754619,1,20925.0,2023,2,February,Sunday,51263.87225548902,36–45
11605,56.0,female,brazil,232141,image,food,1609.0,2791.0,192.0,7214,38847,2022-05-29,771157,False,tablet,negative,#fitness #foodie,0.118207326,2,4592.0,2022,5,May,Sunday,49193.1746031746,56+
81158,24.0,male,australia,679002,image,food,1223.0,2578.0,1425.0,5356,15838,2022-05-31,104219,False,desktop,neutral,#love,0.329965905,1,5226.0,2022,5,May,Tuesday,48346.38336713996,18–25
82303,32.0,male,australia,173285,video,tech,1907.0,15.0,391.0,116,79175,2022-06-23,680315,False,mobile,negative,#fun,0.029213767,1,2313.0,2022,6,June,Thursday,48346.38336713996,26–35
37139,57.0,female,japan,375079,video,fashion,14978.0,567.0,600.0,2198,10457,2022-07-16,481598,False,desktop,neutral,#tech #fun #fashion,1.543941857,3,16145.0,2022,7,July,Saturday,49616.13559322034,56+
87149,32.0,male,brazil,596407,image,food,10943.0,2024.0,1065.0,5202,91221,2022-09-12,396407,False,tablet,neutral,#foodie #lifestyle,0.153824229,2,14032.0,2022,9,September,Monday,49193.1746031746,26–35
66138,21.0,male,usa,668323,image,tech,5810.0,1613.0,92.0,7224,81230,2023-02-18,54840,False,desktop,positive,#love,0.092515081,1,7515.0,2023,2,February,Saturday,51263.87225548902,18–25
86125,51.0,male,uk,488831,video,education,12161.0,2077.0,1238.0,5848,38155,2022-06-17,741069,False,desktop,negative,#fashion #love,0.405608701,2,15476.0,2022,6,June,Friday,51119.39350912779,46–55
23918,16.0,female,france,982688,image,lifestyle,14063.0,1542.0,348.0,3031,43879,2022-03-23,439276,False,mobile,neutral,#tech,0.363567994,1,15953.0,2022,3,March,Wednesday,51727.67338709677,Under 18
95655,63.0,other,usa,521153,video,fitness,4937.0,1931.0,512.0,3456,48133,2022-03-11,129451,False,mobile,neutral,#tech,0.153325162,1,7380.0,2022,3,March,Friday,51263.87225548902,56+
37446,31.0,other,usa,380684,image,fitness,17615.0,1497.0,1358.0,5339,59172,2023-03-02,344406,False,tablet,positive,#reels #music,0.366457108,2,20470.0,2023,3,March,Thursday,51263.87225548902,26–35
23046,50.0,male,australia,697768,text,fitness,12260.0,2922.0,1422.0,5404,4717,2023-02-06,628672,False,mobile,positive,#music #fun #foodie,3.52003392,3,16604.0,2023,2,February,Monday,48346.38336713996,46–55
34818,39.0,female,japan,935134,text,fashion,9939.0,2069.0,923.0,3051,51636,2023-06-09,693583,False,desktop,negative,#foodie,0.250426059,1,12931.0,2023,6,June,Friday,49616.13559322034,36–45
14324,57.0,male,germany,178283,reel,food,10750.0,1454.0,1187.0,5873,42442,2023-09-23,525947,False,mobile,neutral,#music #foodie,0.315512935,2,13391.0,2023,9,September,Saturday,48605.40612244898,56+
86323,55.0,female,uae,831401,image,music,737.0,1702.0,105.0,2481,10787,2022-07-31,34178,False,tablet,positive,#lifestyle #fashion #fun,0.235839436,3,2544.0,2022,7,July,Sunday,48928.41351888668,46–55
19111,25.0,male,india,867113,video,food,19363.0,2707.0,1255.0,2367,6896,2022-04-12,524961,False,mobile,positive,#love,3.382395592,1,23325.0,2022,4,April,Tuesday,52462.38691588785,18–25
48110,25.0,female,japan,570449,image,travel,15935.0,1433.0,991.0,1634,52857,2023-12-09,296527,False,tablet,neutral,#fun #foodie,0.347333371,2,18359.0,2023,12,December,Saturday,49616.13559322034,18–25
26389,34.0,female,germany,246293,image,fitness,10143.0,324.0,1581.0,241,59291,2023-08-12,785493,False,tablet,positive,#music #fitness #tech,0.20320116,3,12048.0,2023,8,August,Saturday,48605.40612244898,26–35
51427,40.0,other,australia,416925,reel,fashion,16913.0,1321.0,716.0,464,39901,2022-12-04,116249,False,desktop,positive,#fun #tech #music,0.47492544,3,18950.0,2022,12,December,Sunday,48346.38336713996,36–45
89579,64.0,male,australia,631375,video,tech,12321.0,2228.0,1556.0,2250,59172,2022-11-29,712108,False,desktop,neutral,#love #lifestyle,0.272172649,2,16105.0,2022,11,November,Tuesday,48346.38336713996,56+
38746,59.0,other,uk,384933,image,fashion,4418.0,121.0,1200.0,4644,6847,2022-07-24,22921,False,desktop,neutral,#tech #foodie,0.838177304,2,5739.0,2022,7,July,Sunday,51119.39350912779,56+
97886,57.0,other,germany,549239,video,music,9396.0,2171.0,1702.0,6901,58096,2023-05-02,324887,False,tablet,neutral,#fun,0.228397824,1,13269.0,2023,5,May,Tuesday,48605.40612244898,56+
10117,34.0,female,canada,526616,image,food,1986.0,1476.0,1317.0,5564,8036,2022-08-17,479899,False,mobile,negative,#fun #love,0.594698855,2,4779.0,2022,8,August,Wednesday,48703.150097465885,26–35
94471,55.0,male,uae,757559,reel,education,346.0,265.0,1288.0,7807,32393,2022-07-08,284497,True,mobile,positive,#foodie #fashion,0.058623777,2,1899.0,2022,7,July,Friday,48928.41351888668,46–55
23234,31.0,female,india,278388,video,education,5825.0,27.0,787.0,7302,82778,2022-04-09,352043,False,tablet,positive,#fitness #reels,0.080202469,2,6639.0,2022,4,April,Saturday,52462.38691588785,26–35
63441,20.0,female,uk,973705,image,education,1215.0,1282.0,1875.0,4953,99683,2023-02-15,598640,False,tablet,neutral,#lifestyle #fitness #reels,0.043859033,3,4372.0,2023,2,February,Wednesday,51119.39350912779,18–25
10846,64.0,female,japan,545278,text,fitness,13890.0,2124.0,1543.0,1878,12796,2023-12-31,34819,False,mobile,positive,#tech,1.372069397,1,17557.0,2023,12,December,Sunday,49616.13559322034,56+
20954,38.0,male,japan,215310,video,travel,10960.0,431.0,1293.0,7743,13197,2023-04-05,197054,False,mobile,positive,#travel #fun,0.961127529,2,12684.0,2023,4,April,Wednesday,49616.13559322034,36–45
89239,54.0,male,germany,564825,reel,music,244.0,878.0,1853.0,4881,6328,2022-07-13,621014,False,tablet,neutral,#lifestyle #fun,0.470132743,2,2975.0,2022,7,July,Wednesday,48605.40612244898,46–55
56514,38.0,female,uae,247816,text,lifestyle,14119.0,2941.0,1235.0,4636,60932,2023-07-09,54877,False,mobile,positive,#reels #fashion,0.300252741,2,18295.0,2023,7,July,Sunday,48928.41351888668,36–45
98236,60.0,male,uae,569311,video,fashion,11243.0,1058.0,1186.0,2534,48156,2023-09-28,725443,False,mobile,neutral,#lifestyle #tech,0.280068943,2,13487.0,2023,9,September,Thursday,48928.41351888668,56+
16469,63.0,female,japan,286589,video,travel,132.0,435.0,822.0,1905,56968,2022-01-20,10335,False,tablet,positive,#fashion #fitness,0.024382109,2,1389.0,2022,1,January,Thursday,49616.13559322034,56+
40105,38.0,male,canada,198231,video,education,15556.0,1085.0,1580.0,3809,93785,2022-11-07,193248,False,tablet,positive,#fashion #tech,0.1942848,2,18221.0,2022,11,November,Monday,48703.150097465885,36–45
52101,35.0,male,australia,804225,video,music,17754.0,2099.0,916.0,571,62236,2023-11-11,569547,False,desktop,negative,#fashion #love,0.333713606,2,20769.0,2023,11,November,Saturday,48346.38336713996,26–35
74323,55.0,other,uae,567153,image,music,1087.0,2163.0,1768.0,5605,53445,2023-07-12,586038,False,desktop,positive,#reels #fitness #fashion,0.093890916,3,5018.0,2023,7,July,Wednesday,48928.41351888668,46–55
68067,25.0,female,germany,832555,image,food,9839.0,2094.0,1076.0,7733,14241,2022-03-20,395958,False,mobile,negative,#love #fun,0.913489221,2,13009.0,2022,3,March,Sunday,48605.40612244898,18–25
59376,40.0,other,japan,600642,video,tech,10083.0,2485.0,1256.0,6983,85990,2022-06-19,261837,False,tablet,neutral,#foodie #fitness,0.160762879,2,13824.0,2022,6,June,Sunday,49616.13559322034,36–45
55587,21.0,other,australia,638182,reel,fashion,13415.0,100.0,1461.0,2708,67162,2022-09-03,460834,False,mobile,positive,#music #tech #travel,0.222983235,3,14976.0,2022,9,September,Saturday,48346.38336713996,18–25
46976,32.0,female,brazil,522376,image,lifestyle,10452.0,1302.0,853.0,6548,33058,2023-04-17,695166,False,tablet,neutral,#reels #fitness #lifestyle,0.381360034,3,12607.0,2023,4,April,Monday,49193.1746031746,26–35
77584,31.0,female,usa,415239,video,food,13828.0,2154.0,682.0,3641,67509,2022-04-09,370044,False,mobile,neutral,#foodie #fun,0.246841162,2,16664.0,2022,4,April,Saturday,51263.87225548902,26–35
88477,60.0,male,australia,653560,video,fitness,8310.0,982.0,1022.0,3504,8058,2022-11-18,479920,False,mobile,positive,#reels #tech #love,1.279970216,3,10314.0,2022,11,November,Friday,48346.38336713996,56+
52533,51.0,female,uae,678309,reel,fashion,2903.0,2406.0,1541.0,3619,76843,2022-05-21,486130,False,tablet,positive,#love,0.089142798,1,6850.0,2022,5,May,Saturday,48928.41351888668,46–55
11828,63.0,other,usa,321120,reel,music,894.0,886.0,950.0,656,73004,2022-04-19,400905,False,desktop,neutral,#tech #fun #music,0.037395211,3,2730.0,2022,4,April,Tuesday,51263.87225548902,56+
11917,24.0,other,uae,133645,reel,travel,1265.0,799.0,43.0,7417,7589,2022-11-09,386366,False,desktop,positive,#reels,0.277638688,1,2107.0,2022,11,November,Wednesday,48928.41351888668,18–25
30618,27.0,female,germany,998511,text,education,16746.0,1025.0,602.0,3151,24933,2023-10-11,704171,True,tablet,positive,#reels #fun #music,0.736894878,3,18373.0,2023,10,October,Wednesday,48605.40612244898,26–35
42254,43.0,other,france,121179,video,fashion,9965.0,1515.0,1731.0,948,8446,2022-05-01,503497,False,mobile,positive,#travel #fashion #foodie,1.564172389,3,13211.0,2022,5,May,Sunday,51727.67338709677,36–45
57362,26.0,male,australia,634979,reel,food,8505.0,1903.0,1539.0,4110,38474,2022-04-09,634573,False,mobile,neutral,#fitness,0.310521391,1,11947.0,2022,4,April,Saturday,48346.38336713996,26–35
30128,23.0,other,usa,753724,video,food,18090.0,1913.0,1012.0,3022,45153,2023-08-01,469470,False,mobile,positive,#fashion #tech #travel,0.45700175,3,21015.0,2023,8,August,Tuesday,51263.87225548902,18–25
69383,38.0,male,germany,360005,image,education,7334.0,1295.0,1598.0,7207,85922,2023-05-09,726023,True,tablet,positive,#fun #fashion #lifestyle,0.119026559,3,10227.0,2023,5,May,Tuesday,48605.40612244898,36–45
75545,54.0,other,uae,312718,video,travel,13374.0,1167.0,1012.0,5200,43335,2022-05-24,93061,False,desktop,positive,#travel,0.337648552,1,15553.0,2022,5,May,Tuesday,48928.41351888668,46–55
92180,39.0,male,australia,331899,video,lifestyle,13348.0,434.0,758.0,7677,39528,2022-04-20,66861,True,tablet,positive,#love,0.367840518,1,14540.0,2022,4,April,Wednesday,48346.38336713996,36–45
97958,23.0,male,germany,407455,text,food,15375.0,1474.0,730.0,306,57337,2023-04-29,749884,False,desktop,positive,#music,0.306590858,1,17579.0,2023,4,April,Saturday,48605.40612244898,18–25
19865,38.0,female,uae,457525,image,fashion,2393.0,2651.0,953.0,704,18896,2022-05-10,294756,True,desktop,negative,#music #lifestyle #fitness,0.317368755,3,5997.0,2022,5,May,Tuesday,48928.41351888668,36–45
12219,46.0,male,france,270110,image,education,11802.0,2613.0,1461.0,4492,47666,2023-02-04,491628,False,tablet,neutral,#fashion #fun,0.333067595,2,15876.0,2023,2,February,Saturday,51727.67338709677,46–55
49809,55.0,female,france,911399,text,lifestyle,3694.0,915.0,336.0,677,55876,2023-05-21,148122,False,desktop,positive,#lifestyle #music,0.088499535,2,4945.0,2023,5,May,Sunday,51727.67338709677,46–55
15287,31.0,other,india,652766,reel,travel,17373.0,2275.0,1012.0,7113,65557,2022-07-29,145214,False,desktop,positive,#fashion,0.32664704,1,20660.0,2022,7,July,Friday,52462.38691588785,26–35
44387,18.0,other,uk,548991,reel,food,14911.0,544.0,1012.0,2912,68796,2022-12-27,59612,False,desktop,neutral,#reels,0.243793244,1,16467.0,2022,12,December,Tuesday,51119.39350912779,Under 18
18512,58.0,other,germany,402476,video,education,10655.0,1237.0,699.0,3993,28281,2022-06-03,644809,False,mobile,negative,#love,0.445210565,1,12591.0,2022,6,June,Friday,48605.40612244898,56+
11342,64.0,male,uk,925745,text,food,9096.0,647.0,1843.0,7371,3471,2023-10-07,149217,True,tablet,negative,#foodie #lifestyle,3.337942956,2,11586.0,2023,10,October,Saturday,51119.39350912779,56+
73076,50.0,other,india,692145,reel,fashion,6410.0,2295.0,924.0,210,59535,2023-06-17,722288,False,mobile,positive,#tech #fashion #love,0.161736793,3,9629.0,2023,6,June,Saturday,52462.38691588785,46–55
29216,61.0,other,canada,145900,image,food,3397.0,1431.0,679.0,4494,42120,2023-07-01,168822,False,tablet,neutral,#reels #fitness,0.130745489,2,5507.0,2023,7,July,Saturday,48703.150097465885,56+
89767,54.0,female,australia,321141,text,education,13031.0,1076.0,966.0,1396,36219,2022-12-26,213775,False,mobile,positive,#reels #fashion #lifestyle,0.416162787,3,15073.0,2022,12,December,Monday,48346.38336713996,46–55
36614,40.0,female,uae,226861,reel,fashion,910.0,1599.0,263.0,3460,98864,2022-11-06,303551,False,desktop,neutral,#reels,0.028038518,1,2772.0,2022,11,November,Sunday,48928.41351888668,36–45
46258,13.0,other,japan,665386,image,fitness,18507.0,2361.0,104.0,4353,67753,2023-04-19,158784,False,mobile,neutral,#reels #fashion #foodie,0.309536109,3,20972.0,2023,4,April,Wednesday,49616.13559322034,Under 18
52078,47.0,other,uk,632582,text,education,18235.0,36.0,223.0,2162,71992,2023-09-28,74746,False,mobile,positive,#travel #foodie,0.256889654,2,18494.0,2023,9,September,Thursday,51119.39350912779,46–55
93524,52.0,male,uk,817940,video,lifestyle,14915.0,723.0,1442.0,4429,34474,2022-10-27,590335,False,tablet,positive,#fashion,0.495445843,1,17080.0,2022,10,October,Thursday,51119.39350912779,46–55
22219,20.0,male,germany,269173,video,fashion,12863.0,1547.0,977.0,4444,32939,2022-12-07,417979,False,tablet,neutral,#foodie #tech #fitness,0.467136222,3,15387.0,2022,12,December,Wednesday,48605.40612244898,18–25
10235,64.0,other,australia,256131,image,tech,11957.0,979.0,114.0,2280,96535,2022-01-04,410411,False,mobile,positive,#tech #music #lifestyle,0.13518413,3,13050.0,2022,1,January,Tuesday,48346.38336713996,56+
52929,59.0,female,germany,983216,reel,food,1615.0,83.0,890.0,7676,71987,2023-09-27,108743,False,tablet,positive,#music #fun,0.035950936,2,2588.0,2023,9,September,Wednesday,48605.40612244898,56+
77444,19.0,other,france,927058,reel,fitness,10582.0,2947.0,1258.0,4544,12564,2023-07-08,418704,False,desktop,neutral,#fitness #fun,1.176934097,2,14787.0,2023,7,July,Saturday,51727.67338709677,18–25
18567,23.0,male,uk,644991,text,lifestyle,9397.0,1117.0,1807.0,3148,806,2022-06-18,291646,True,desktop,positive,#tech #lifestyle #fun,15.2866005,3,12321.0,2022,6,June,Saturday,51119.39350912779,18–25
80792,51.0,female,australia,990125,image,travel,4026.0,1365.0,1297.0,4080,15760,2023-02-24,581311,True,desktop,positive,#travel #fitness,0.424365482,2,6688.0,2023,2,February,Friday,48346.38336713996,46–55
75441,16.0,female,brazil,554633,reel,tech,6869.0,718.0,1978.0,827,83948,2022-10-07,477533,False,tablet,positive,#lifestyle #fun,0.113939582,2,9565.0,2022,10,October,Friday,49193.1746031746,Under 18
94555,37.0,male,canada,871896,video,travel,10871.0,549.0,1253.0,2655,62423,2023-01-24,411096,False,tablet,positive,#travel #fitness,0.203018118,2,12673.0,2023,1,January,Tuesday,48703.150097465885,36–45
83698,24.0,other,uae,814588,image,education,18830.0,1371.0,728.0,2145,2898,2022-07-04,230868,False,mobile,positive,#love,7.221877157,1,20929.0,2022,7,July,Monday,48928.41351888668,18–25
15415,38.0,other,india,758565,video,tech,3312.0,2762.0,33.0,6711,25853,2022-11-19,48038,False,tablet,positive,#foodie #lifestyle #tech,0.236220168,3,6107.0,2022,11,November,Saturday,52462.38691588785,36–45
46159,50.0,male,canada,528145,image,music,8014.0,586.0,1411.0,3701,41213,2022-01-11,318796,True,mobile,positive,#fashion #fitness,0.242908791,2,10011.0,2022,1,January,Tuesday,48703.150097465885,46–55
53925,58.0,male,india,835882,text,fitness,5019.0,1864.0,1732.0,4557,49281,2023-11-16,462127,False,tablet,positive,#foodie #love,0.174813823,2,8615.0,2023,11,November,Thursday,52462.38691588785,56+
15951,24.0,female,uk,635916,reel,lifestyle,10293.0,151.0,1524.0,499,29822,2023-08-31,563753,True,tablet,positive,#reels #music #fashion,0.401314466,3,11968.0,2023,8,August,Thursday,51119.39350912779,18–25
97388,55.0,male,canada,727943,reel,fitness,3216.0,1061.0,894.0,2678,87091,2022-10-05,85726,False,mobile,positive,#fun #lifestyle #foodie,0.059374677,3,5171.0,2022,10,October,Wednesday,48703.150097465885,46–55
18007,63.0,other,canada,301161,reel,fitness,11222.0,2212.0,461.0,1061,68947,2022-05-19,21831,False,desktop,positive,#fashion #reels,0.201531611,2,13895.0,2022,5,May,Thursday,48703.150097465885,56+
51832,49.0,male,uae,368662,video,tech,18908.0,2985.0,448.0,7864,61270,2023-11-09,9043,False,tablet,positive,#tech #love #foodie,0.364631957,3,22341.0,2023,11,November,Thursday,48928.41351888668,46–55
68596,58.0,female,japan,269563,reel,fashion,10105.5,1567.0,828.0,7525,29462,2023-11-30,696250,False,mobile,positive,#tech #fashion #foodie,0.543004548,3,12500.5,2023,11,November,Thursday,49616.13559322034,56+
40523,36.0,male,uae,239018,image,lifestyle,13340.0,211.0,1237.0,5361,51126,2022-03-27,797031,False,tablet,negative,#love,0.289246176,1,14788.0,2022,3,March,Sunday,48928.41351888668,36–45
98861,28.0,other,germany,624898,video,travel,10934.0,2573.0,1069.0,5170,47301,2022-08-19,175339,False,tablet,positive,#tech,0.308154162,1,14576.0,2022,8,August,Friday,48605.40612244898,26–35
96740,25.0,male,japan,563054,text,fashion,18345.0,741.0,404.0,3496,49074,2023-03-27,257941,True,tablet,positive,#tech #music,0.397155316,2,19490.0,2023,3,March,Monday,49616.13559322034,18–25
25524,37.0,male,canada,396455,video,fashion,4625.0,2179.0,332.0,6094,92397,2022-05-18,749601,False,tablet,positive,#fun #tech,0.077231945,2,7136.0,2022,5,May,Wednesday,48703.150097465885,36–45
29282,64.0,male,japan,226419,text,food,8292.0,95.0,239.0,4222,13017,2023-06-15,142609,False,tablet,neutral,#fun #lifestyle #tech,0.662671891,3,8626.0,2023,6,June,Thursday,49616.13559322034,56+
33930,16.0,female,japan,886289,video,education,9505.0,1526.0,1277.0,1126,41677,2022-12-04,389743,False,mobile,positive,#music #tech,0.295318761,2,12308.0,2022,12,December,Sunday,49616.13559322034,Under 18
10077,23.0,female,germany,330842,reel,travel,3448.0,521.0,1012.0,1989,18055,2022-06-05,499159,False,tablet,neutral,#tech #reels #love,0.232400997,3,4981.0,2022,6,June,Sunday,48605.40612244898,18–25
30611,44.0,other,australia,928308,text,tech,19628.0,2421.0,732.0,2524,56465,2023-08-30,467589,False,mobile,positive,#tech,0.403453467,1,22781.0,2023,8,August,Wednesday,48346.38336713996,36–45
26984,61.0,female,uk,573408,reel,education,14678.0,1497.0,890.0,3300,95947,2022-01-17,165937,False,mobile,positive,#reels #travel,0.173085141,2,17065.0,2022,1,January,Monday,51119.39350912779,56+
24060,19.0,other,australia,335612,video,music,6047.0,1702.0,165.0,2770,84457,2022-09-18,106572,False,desktop,positive,#travel #reels,0.093704489,2,7914.0,2022,9,September,Sunday,48346.38336713996,18–25
92985,58.0,male,uk,343095,text,food,1214.0,2655.0,584.0,6579,24015,2022-06-09,690606,True,mobile,negative,#fitness,0.185425776,1,4453.0,2022,6,June,Thursday,51119.39350912779,56+
94056,23.0,other,australia,936765,image,food,9558.0,17.0,736.0,5504,61899,2022-11-05,431473,False,mobile,positive,#music #lifestyle,0.166577812,2,10311.0,2022,11,November,Saturday,48346.38336713996,18–25
53303,40.0,male,australia,623111,image,education,7875.0,1719.0,1534.0,4180,99004,2022-03-22,654000,True,desktop,neutral,#reels #fun #lifestyle,0.112399499,3,11128.0,2022,3,March,Tuesday,48346.38336713996,36–45
69207,53.0,female,india,806658,video,music,13919.0,977.0,597.0,1382,74806,2023-11-28,259644,False,tablet,neutral,#reels #lifestyle,0.207109055,2,15493.0,2023,11,November,Tuesday,52462.38691588785,46–55
85046,35.0,male,japan,446336,text,fitness,15225.0,878.0,592.0,4881,8806,2022-08-01,788814,False,desktop,negative,#foodie,1.895866455,1,16695.0,2022,8,August,Monday,49616.13559322034,26–35
39287,57.0,female,france,666099,image,tech,11815.0,593.0,1979.0,6170,63509,2023-03-03,120054,False,tablet,neutral,#travel #fitness #love,0.226534822,3,14387.0,2023,3,March,Friday,51727.67338709677,56+
49711,35.0,male,germany,694360,reel,fashion,5479.0,642.0,726.0,7003,17293,2022-12-08,298809,False,tablet,positive,#love,0.395940554,1,6847.0,2022,12,December,Thursday,48605.40612244898,26–35
21954,62.0,male,australia,739695,reel,music,172.0,2176.0,1012.0,4167,73034,2022-12-25,50500,True,mobile,positive,#music,0.055412548,1,3360.0,2022,12,December,Sunday,48346.38336713996,56+
83340,40.0,male,canada,350440,video,music,17270.0,800.0,1413.0,3166,83466,2023-11-10,83061,False,tablet,neutral,#tech #reels,0.233424388,2,19483.0,2023,11,November,Friday,48703.150097465885,36–45
82101,55.0,male,brazil,142974,reel,lifestyle,16044.0,454.0,1775.0,2635,16952,2022-07-25,262426,False,desktop,negative,#reels #music #foodie,1.077925908,3,18273.0,2022,7,July,Monday,49193.1746031746,46–55
81520,59.0,other,india,775216,reel,fashion,6263.0,1609.0,1446.0,5545,17113,2022-12-02,446817,False,desktop,negative,#foodie #love #fashion,0.544498335,3,9318.0,2022,12,December,Friday,52462.38691588785,56+
97062,38.0,male,brazil,595162,reel,music,11621.0,875.0,924.0,1029,85402,2022-09-18,721881,False,tablet,positive,#travel #reels #fitness,0.157139177,3,13420.0,2022,9,September,Sunday,49193.1746031746,36–45
28574,37.0,other,usa,706271,image,fashion,10105.5,2618.0,1434.0,5209,6638,2022-08-31,595607,False,desktop,positive,#foodie #fitness,2.056794215,2,14157.5,2022,8,August,Wednesday,51263.87225548902,36–45
19184,41.0,female,uae,407967,text,fitness,7056.0,1095.0,1604.0,5711,98517,2023-08-05,24564,False,desktop,positive,#travel #reels,0.099018444,2,9755.0,2023,8,August,Saturday,48928.41351888668,36–45
29096,31.0,female,usa,461007,video,fashion,14245.0,1013.0,1012.0,7389,50477,2023-01-30,138689,False,mobile,positive,#fashion #foodie,0.315113814,2,16270.0,2023,1,January,Monday,51263.87225548902,26–35
77728,45.0,other,uk,877494,text,travel,15678.0,1110.0,1012.0,1618,47745,2023-12-26,755057,False,mobile,positive,#foodie #fitness,0.386951513,2,17800.0,2023,12,December,Tuesday,51119.39350912779,36–45
44016,48.0,female,australia,986469,text,fashion,260.0,2448.0,446.0,7761,21967,2022-12-03,239929,True,mobile,positive,#lifestyle,0.143579005,1,3154.0,2022,12,December,Saturday,48346.38336713996,46–55
21246,26.0,female,germany,567613,text,fashion,19736.0,461.0,1426.0,4247,78170,2022-10-06,524702,False,tablet,positive,#fashion #fun #tech,0.27661507,3,21623.0,2022,10,October,Thursday,48605.40612244898,26–35
55558,26.0,male,canada,316886,image,music,1352.0,2136.0,96.0,3628,83636,2022-09-06,109335,False,mobile,negative,#tech #fitness #music,0.04285236,3,3584.0,2022,9,September,Tuesday,48703.150097465885,26–35
28381,47.0,male,france,167078,reel,music,5243.0,2870.0,378.0,1235,36185,2023-12-09,32428,False,desktop,positive,#lifestyle,0.234655244,1,8491.0,2023,12,December,Saturday,51727.67338709677,46–55
46455,42.0,male,france,994199,video,travel,9691.0,2053.0,1012.0,2630,89371,2022-01-30,139769,False,mobile,positive,#music #love,0.138892929,2,12756.0,2022,1,January,Sunday,51727.67338709677,36–45
14018,40.0,other,india,692239,text,fitness,12565.0,944.0,1209.0,5382,89600,2022-05-11,26389,False,desktop,positive,#music #tech #fashion,0.164263393,3,14718.0,2022,5,May,Wednesday,52462.38691588785,36–45
21302,29.0,other,india,995719,reel,food,10105.5,83.0,1703.0,3983,53892,2023-06-08,523978,False,mobile,positive,#love #lifestyle #music,0.392934016,3,11891.5,2023,6,June,Thursday,52462.38691588785,26–35
77506,38.0,female,india,243977,image,tech,17206.0,1439.0,1267.0,1405,5833,2023-04-05,257894,False,desktop,neutral,#foodie #tech #fun,3.413680782,3,19912.0,2023,4,April,Wednesday,52462.38691588785,36–45
51157,28.0,male,india,613994,text,fitness,16915.0,2668.0,630.0,7737,92882,2023-01-30,341346,False,mobile,positive,#love,0.217620206,1,20213.0,2023,1,January,Monday,52462.38691588785,26–35
64917,58.0,other,japan,908033,reel,music,19204.0,1135.0,707.0,6200,86833,2023-06-12,408106,False,mobile,neutral,#tech #lifestyle #fitness,0.242373291,3,21046.0,2023,6,June,Monday,49616.13559322034,56+
93122,42.0,other,australia,203691,image,fashion,166.0,2219.0,1012.0,6569,78701,2023-02-17,274118,False,mobile,neutral,#fashion,0.036683143,1,3397.0,2023,2,February,Friday,48346.38336713996,36–45
34519,64.0,male,brazil,318171,reel,food,12523.0,698.0,287.0,5742,35405,2022-04-27,238436,False,mobile,neutral,#fun,0.381528033,1,13508.0,2022,4,April,Wednesday,49193.1746031746,56+
97487,41.0,other,australia,796315,video,tech,17439.0,1820.0,368.0,4237,47418,2022-05-29,487470,False,desktop,neutral,#tech #love,0.413914547,2,19627.0,2022,5,May,Sunday,48346.38336713996,36–45
66819,57.0,male,australia,303251,reel,tech,1254.0,2320.0,64.0,6711,85194,2022-04-19,747487,False,mobile,neutral,#fun #lifestyle #reels,0.042702538,3,3638.0,2022,4,April,Tuesday,48346.38336713996,56+
90910,27.0,female,usa,672723,reel,tech,4286.0,529.0,161.0,1547,57226,2022-08-24,523834,False,tablet,positive,#foodie,0.086953483,1,4976.0,2022,8,August,Wednesday,51263.87225548902,26–35
81324,58.0,female,germany,373390,video,music,8009.0,318.0,596.0,1884,84242,2023-03-03,574225,False,mobile,positive,#music #love,0.105921037,2,8923.0,2023,3,March,Friday,48605.40612244898,56+
15408,37.0,female,canada,364602,video,travel,4007.0,1098.0,926.0,7182,65687,2023-06-01,440830,False,mobile,positive,#fashion #reels #music,0.09181421,3,6031.0,2023,6,June,Thursday,48703.150097465885,36–45
69379,63.0,male,uk,619161,reel,travel,14992.0,2476.0,570.0,5127,84364,2022-06-29,478792,False,tablet,positive,#lifestyle #travel,0.213811578,2,18038.0,2022,6,June,Wednesday,51119.39350912779,56+
35053,50.0,other,germany,289579,video,food,7758.0,2894.0,973.0,7398,79935,2023-01-31,181741,False,desktop,positive,#foodie #reels #fashion,0.145430662,3,11625.0,2023,1,January,Tuesday,48605.40612244898,46–55
19446,54.0,female,india,106028,reel,fashion,9723.0,248.0,1817.0,5305,92434,2022-01-01,626156,False,tablet,positive,#music,0.127528831,1,11788.0,2022,1,January,Saturday,52462.38691588785,46–55
10922,59.0,female,brazil,334823,text,education,14590.0,386.0,661.0,5172,87084,2022-01-08,688057,False,desktop,negative,#fitness #fun,0.179562262,2,15637.0,2022,1,January,Saturday,49193.1746031746,56+
61356,64.0,female,usa,219247,reel,food,15638.0,1957.0,1441.0,2184,88506,2022-05-24,118513,False,tablet,neutral,#reels,0.215081463,1,19036.0,2022,5,May,Tuesday,51263.87225548902,56+
20789,38.0,other,japan,414045,image,fashion,12234.0,1890.0,480.0,6317,87850,2023-10-17,86631,True,tablet,positive,#fashion #love,0.166237906,2,14604.0,2023,10,October,Tuesday,49616.13559322034,36–45
76656,35.0,other,brazil,331324,video,fitness,14011.0,362.0,1656.0,7003,69902,2022-10-02,194189,False,tablet,positive,#music #tech,0.229306744,2,16029.0,2022,10,October,Sunday,49193.1746031746,26–35
54028,37.0,male,usa,761666,text,music,7889.0,2115.0,268.0,218,11400,2023-10-27,540224,False,desktop,positive,#reels #fashion #travel,0.901052632,3,10272.0,2023,10,October,Friday,51263.87225548902,36–45
74484,54.0,female,uae,992987,video,education,12016.0,2485.0,1790.0,7430,67294,2022-10-14,484197,False,mobile,positive,#foodie,0.242086962,1,16291.0,2022,10,October,Friday,48928.41351888668,46–55
42154,19.0,other,japan,599612,video,tech,15415.0,1555.0,735.0,4350,89388,2023-05-05,696334,False,mobile,positive,#reels #travel #foodie,0.198069092,3,17705.0,2023,5,May,Friday,49616.13559322034,18–25
92870,34.0,male,india,914110,video,tech,4744.0,1806.0,566.0,811,28233,2023-10-04,362212,True,tablet,positive,#reels,0.252045479,1,7116.0,2023,10,October,Wednesday,52462.38691588785,26–35
12336,29.0,female,uk,976876,image,travel,9796.0,295.0,1671.0,269,78378,2023-09-25,721461,False,desktop,negative,#travel #fun,0.150067621,2,11762.0,2023,9,September,Monday,51119.39350912779,26–35
77779,30.0,male,india,374507,image,music,11965.0,2694.0,1213.0,5706,16159,2023-07-25,309715,False,desktop,positive,#tech,0.982239,1,15872.0,2023,7,July,Tuesday,52462.38691588785,26–35
29029,61.0,other,brazil,769426,reel,education,4287.0,1991.0,405.0,6367,62266,2023-12-30,136342,False,mobile,positive,#love #tech #lifestyle,0.107329843,3,6683.0,2023,12,December,Saturday,49193.1746031746,56+
69201,53.0,male,india,163804,image,fitness,1002.0,2080.0,764.0,4978,13820,2022-01-31,96713,False,desktop,neutral,#fashion,0.27829233,1,3846.0,2022,1,January,Monday,52462.38691588785,46–55
42265,22.0,female,uae,214433,video,lifestyle,13589.0,1497.0,1512.0,4699,58330,2023-03-28,173510,False,desktop,positive,#foodie #fashion,0.282839019,2,16598.0,2023,3,March,Tuesday,48928.41351888668,18–25
53872,22.0,female,india,148544,text,fitness,12922.0,31.0,1335.0,3205,93265,2022-09-01,103603,False,tablet,negative,#tech #travel #fun,0.153197877,3,14288.0,2022,9,September,Thursday,52462.38691588785,18–25
56197,19.0,other,usa,984679,text,fashion,84.0,554.0,1619.0,1186,76630,2022-05-20,110136,False,desktop,positive,#love #fitness #fun,0.029453217,3,2257.0,2022,5,May,Friday,51263.87225548902,18–25
65180,60.0,female,france,100189,text,fitness,19379.0,304.0,1940.0,1733,87641,2023-02-05,720617,False,desktop,negative,#foodie #lifestyle #travel,0.246722424,3,21623.0,2023,2,February,Sunday,51727.67338709677,56+
33710,62.0,male,india,898184,video,education,13015.0,792.0,865.0,4796,20494,2023-12-26,90101,False,tablet,positive,#reels,0.715916854,1,14672.0,2023,12,December,Tuesday,52462.38691588785,56+
39486,50.0,other,uae,351768,image,education,15373.0,1131.0,1012.0,2967,735,2023-06-25,143444,False,mobile,negative,#tech,24.78367347,1,17516.0,2023,6,June,Sunday,48928.41351888668,46–55
81907,39.0,other,australia,107482,text,travel,10105.5,95.0,1117.0,72,76842,2022-06-13,596016,False,mobile,negative,#fitness #music #reels,0.082871346,3,11317.5,2022,6,June,Monday,48346.38336713996,36–45
81895,64.0,male,australia,903111,video,fashion,7194.0,1089.0,389.0,4993,64297,2022-04-14,325401,False,desktop,negative,#travel,0.1348741,1,8672.0,2022,4,April,Thursday,48346.38336713996,56+
74435,45.0,other,uk,880788,video,food,5783.0,2568.0,546.0,6117,44945,2022-03-04,489675,False,tablet,positive,#fashion #foodie #fun,0.197953054,3,8897.0,2022,3,March,Friday,51119.39350912779,36–45
50631,13.0,female,uk,583304,text,fashion,5695.0,229.0,1434.0,7885,22905,2022-01-15,404931,False,mobile,negative,#tech #reels #foodie,0.321239904,3,7358.0,2022,1,January,Saturday,51119.39350912779,Under 18
30103,56.0,female,uk,625087,text,food,10105.5,2780.0,1235.0,5042,59526,2023-05-09,543857,False,desktop,neutral,#fun,0.275039479,1,14120.5,2023,5,May,Tuesday,51119.39350912779,56+
74772,46.0,other,germany,745979,reel,lifestyle,10105.5,357.0,1661.0,4638,25732,2022-06-28,366376,False,mobile,positive,#foodie,0.721086585,1,12123.5,2022,6,June,Tuesday,48605.40612244898,46–55
24382,16.0,male,canada,503150,reel,fashion,9653.0,401.0,1392.0,4061,11760,2023-06-07,449451,False,desktop,positive,#fashion,0.97329932,1,11446.0,2023,6,June,Wednesday,48703.150097465885,Under 18
94291,29.0,male,uk,419702,video,tech,2019.0,789.0,741.0,630,26977,2023-03-17,250134,False,mobile,positive,#love #tech,0.131556511,2,3549.0,2023,3,March,Friday,51119.39350912779,26–35
13756,16.0,female,india,421367,reel,lifestyle,16155.0,98.0,1191.0,2842,74395,2023-06-09,643005,False,tablet,positive,#tech #lifestyle,0.234478124,2,17444.0,2023,6,June,Friday,52462.38691588785,Under 18
30609,55.0,male,uk,839980,reel,food,570.0,270.0,1037.0,5603,39024,2023-12-28,556058,False,tablet,negative,#music,0.048098606,1,1877.0,2023,12,December,Thursday,51119.39350912779,46–55
26478,38.0,other,canada,403700,text,travel,7922.0,1798.0,585.0,877,47253,2023-05-03,206126,False,mobile,negative,#travel #tech #reels,0.218081392,3,10305.0,2023,5,May,Wednesday,48703.150097465885,36–45
49666,16.0,other,germany,503125,reel,lifestyle,16200.0,361.0,1587.0,7838,59227,2022-11-07,116249,False,tablet,negative,#fitness #tech,0.306414304,2,18148.0,2022,11,November,Monday,48605.40612244898,Under 18
85683,13.0,female,canada,191467,video,lifestyle,11769.0,1187.0,873.0,5374,48460,2023-07-29,527300,False,mobile,neutral,#lifestyle #reels,0.285369377,2,13829.0,2023,7,July,Saturday,48703.150097465885,Under 18
81315,19.0,male,brazil,997151,text,lifestyle,6153.0,1497.0,1230.0,756,97308,2022-05-10,227392,False,mobile,neutral,#foodie,0.102334854,1,8880.0,2022,5,May,Tuesday,49193.1746031746,18–25
87834,42.0,female,uk,715692,reel,food,19075.0,539.0,1831.0,2665,48197,2023-04-11,369584,False,tablet,neutral,#tech,0.444944706,1,21445.0,2023,4,April,Tuesday,51119.39350912779,36–45
24153,62.0,male,uk,143558,reel,music,10301.0,1865.0,42.0,4293,24191,2023-05-17,123783,False,desktop,positive,#lifestyle,0.50465049,1,12208.0,2023,5,May,Wednesday,51119.39350912779,56+
86325,21.0,other,uk,834742,reel,food,5507.0,2642.0,879.0,1450,31435,2022-09-20,668037,False,tablet,positive,#fun #fashion #lifestyle,0.287195801,3,9028.0,2022,9,September,Tuesday,51119.39350912779,18–25
22999,47.0,other,brazil,318865,image,fashion,4869.0,832.0,1465.0,2540,72645,2022-06-20,328318,True,desktop,positive,#tech #fitness,0.098644091,2,7166.0,2022,6,June,Monday,49193.1746031746,46–55
65318,20.0,other,canada,521229,reel,tech,15591.0,2444.0,1538.0,7799,67779,2023-02-10,129288,False,desktop,negative,#foodie #fitness,0.28877676,2,19573.0,2023,2,February,Friday,48703.150097465885,18–25
10814,36.0,female,usa,203018,reel,lifestyle,10105.5,1059.0,910.0,81,94650,2023-12-03,280623,False,desktop,positive,#lifestyle #love #travel,0.059418912,3,12074.5,2023,12,December,Sunday,51263.87225548902,36–45
86077,31.0,other,india,253947,video,fashion,16347.0,2542.0,1964.0,1331,39867,2022-01-25,612112,False,mobile,neutral,#love #fitness #music,0.523064188,3,20853.0,2022,1,January,Tuesday,52462.38691588785,26–35
12443,48.0,male,uae,321325,reel,fashion,2492.0,313.0,606.0,7949,59684,2023-03-25,195678,False,desktop,negative,#fun #love #travel,0.057150995,3,3411.0,2023,3,March,Saturday,48928.41351888668,46–55
85993,62.0,male,india,635696,image,tech,12304.0,2537.0,1418.0,1722,43618,2022-06-09,387473,False,desktop,positive,#reels,0.372758953,1,16259.0,2022,6,June,Thursday,52462.38691588785,56+
85916,64.0,other,uk,135607,text,music,6512.0,1299.0,237.0,7955,83494,2022-08-05,76814,False,tablet,negative,#foodie #fitness,0.09639016,2,8048.0,2022,8,August,Friday,51119.39350912779,56+
83319,55.0,female,germany,161684,reel,fashion,15243.0,232.0,1702.0,6517,89268,2023-11-19,647782,False,mobile,positive,#lifestyle #foodie,0.192420576,2,17177.0,2023,11,November,Sunday,48605.40612244898,46–55
27368,39.0,other,brazil,529497,reel,music,8774.0,1639.0,1012.0,7731,86122,2023-05-05,103118,False,mobile,positive,#travel #fashion #music,0.138954042,3,11425.0,2023,5,May,Friday,49193.1746031746,36–45
25328,44.0,male,usa,913758,video,tech,4350.0,1029.0,718.0,7626,65965,2022-10-07,629729,True,desktop,negative,#fun,0.092427803,1,6097.0,2022,10,October,Friday,51263.87225548902,36–45
66942,26.0,male,japan,637889,reel,travel,10882.0,2711.0,741.0,6644,12470,2022-03-22,348167,False,tablet,positive,#fun #fashion #tech,1.149478749,3,14334.0,2022,3,March,Tuesday,49616.13559322034,26–35
37306,30.0,male,usa,748882,reel,tech,4656.0,243.0,403.0,356,13947,2022-05-05,659874,False,desktop,neutral,#foodie #travel,0.380153438,2,5302.0,2022,5,May,Thursday,51263.87225548902,26–35
95451,40.0,other,uae,887567,reel,fitness,8511.0,2288.0,213.0,1319,97260,2022-06-19,494276,False,mobile,positive,#foodie #travel #love,0.113222291,3,11012.0,2022,6,June,Sunday,48928.41351888668,36–45
49915,41.0,male,india,778101,reel,tech,17821.0,2605.0,1990.0,579,51925,2023-08-05,127719,False,tablet,negative,#travel,0.431699567,1,22416.0,2023,8,August,Saturday,52462.38691588785,36–45
47219,28.0,female,uk,636201,text,tech,16415.0,2122.0,1591.0,4395,70258,2023-08-13,7216,False,mobile,negative,#fun,0.286486948,1,20128.0,2023,8,August,Sunday,51119.39350912779,26–35
90879,47.0,other,france,110101,video,education,714.0,2330.0,845.0,645,38100,2022-03-31,480424,False,mobile,neutral,#love #music #fun,0.102073491,3,3889.0,2022,3,March,Thursday,51727.67338709677,46–55
74644,59.0,other,japan,249703,text,fitness,15089.0,1558.0,1397.0,7510,90041,2023-01-15,274840,False,mobile,neutral,#fun #foodie,0.200397597,2,18044.0,2023,1,January,Sunday,49616.13559322034,56+
70279,43.0,male,uk,827444,image,tech,9231.0,86.0,131.0,6263,90973,2022-04-21,151432,False,mobile,positive,#music #lifestyle #tech,0.10385499,3,9448.0,2022,4,April,Thursday,51119.39350912779,36–45
63028,16.0,male,brazil,727108,reel,food,16792.0,880.0,8.0,7736,58467,2022-06-13,165530,False,mobile,neutral,#foodie #love,0.302392803,2,17680.0,2022,6,June,Monday,49193.1746031746,Under 18
10126,49.0,female,japan,530086,image,music,15163.0,2977.0,1766.0,2233,67316,2023-02-19,128563,False,tablet,positive,#music,0.295709787,1,19906.0,2023,2,February,Sunday,49616.13559322034,46–55
62329,29.0,other,uae,804345,text,education,16008.0,1172.0,152.0,2631,47212,2023-10-02,542372,False,tablet,neutral,#tech,0.367110057,1,17332.0,2023,10,October,Monday,48928.41351888668,26–35
37632,51.0,male,france,520431,image,fashion,7346.0,159.0,430.0,7325,38819,2022-06-04,92567,False,mobile,neutral,#fashion #fun #foodie,0.204410211,3,7935.0,2022,6,June,Saturday,51727.67338709677,46–55
75310,60.0,female,canada,884669,reel,fashion,8038.0,2493.0,482.0,3299,27932,2022-07-13,270447,False,desktop,neutral,#fun #fitness,0.394278963,2,11013.0,2022,7,July,Wednesday,48703.150097465885,56+
65176,58.0,male,canada,686398,image,travel,17511.0,2129.0,1012.0,307,72502,2023-04-21,208299,False,desktop,positive,#fitness,0.275082067,1,20652.0,2023,4,April,Friday,48703.150097465885,56+
96066,38.0,other,canada,858175,text,travel,8898.0,2229.0,1946.0,233,25579,2023-11-16,710328,False,mobile,positive,#fun,0.511083311,1,13073.0,2023,11,November,Thursday,48703.150097465885,36–45
54327,60.0,male,germany,119215,reel,fitness,12031.0,2917.0,283.0,1034,49385,2022-01-21,153121,False,tablet,positive,#reels,0.308413486,1,15231.0,2022,1,January,Friday,48605.40612244898,56+
78904,51.0,other,canada,846478,video,food,10105.5,1549.0,471.0,2222,83145,2022-04-19,743059,False,desktop,positive,#lifestyle #travel #love,0.159179746,3,12125.5,2022,4,April,Tuesday,48703.150097465885,46–55
13797,53.0,male,australia,769384,text,travel,10105.5,477.0,992.0,2820,46328,2023-02-03,602613,False,tablet,negative,#tech #foodie #travel,0.28751511,3,11574.5,2023,2,February,Friday,48346.38336713996,46–55
57882,16.0,other,japan,176949,reel,fashion,10105.5,2230.0,189.0,4738,51291,2022-05-09,625928,False,tablet,positive,#tech #travel #lifestyle,0.06240861,3,12524.5,2022,5,May,Monday,49616.13559322034,Under 18
23718,42.0,female,france,968287,video,travel,5300.0,1579.0,1551.0,7054,4288,2023-05-24,408709,False,desktop,positive,#fashion #music,1.965951493,2,8430.0,2023,5,May,Wednesday,51727.67338709677,36–45
44560,42.0,other,brazil,800843,image,travel,18563.0,2221.0,511.0,6017,35717,2022-10-07,276935,False,desktop,neutral,#love #tech #fashion,0.596214688,3,21295.0,2022,10,October,Friday,49193.1746031746,36–45
86589,34.0,female,australia,992711,image,tech,1178.0,2061.0,342.0,5121,93423,2023-03-03,16790,False,tablet,neutral,#love,0.038331032,1,3581.0,2023,3,March,Friday,48346.38336713996,26–35
32116,23.0,other,australia,852932,image,travel,2406.0,1960.0,1453.0,6904,3466,2022-01-27,473268,False,desktop,neutral,#foodie #travel #fashion,1.678880554,3,5819.0,2022,1,January,Thursday,48346.38336713996,18–25
46244,14.0,female,france,309229,reel,music,13546.0,2120.0,1012.0,1735,52163,2022-12-10,324679,False,mobile,positive,#love #music,0.314015682,2,16678.0,2022,12,December,Saturday,51727.67338709677,Under 18
11645,56.0,male,brazil,503727,image,fitness,19191.0,2561.0,1709.0,4277,78697,2023-02-05,410245,False,desktop,positive,#love,0.298118099,1,23461.0,2023,2,February,Sunday,49193.1746031746,56+
57523,24.0,other,japan,746186,image,music,12452.0,1745.0,679.0,941,16052,2023-08-27,214666,False,tablet,positive,#lifestyle #foodie #reels,0.926738101,3,14876.0,2023,8,August,Sunday,49616.13559322034,18–25
29256,42.0,male,india,765918,video,fashion,19148.0,601.0,1874.0,349,19075,2022-10-22,260371,False,tablet,negative,#music #fashion,1.133577982,2,21623.0,2022,10,October,Saturday,52462.38691588785,36–45
63173,48.0,female,uk,590987,video,fitness,2724.0,2390.0,1057.0,2686,4383,2023-07-21,517275,False,tablet,neutral,#reels,1.407939767,1,6171.0,2023,7,July,Friday,51119.39350912779,46–55
47430,30.0,other,india,624814,video,education,2535.0,1419.0,470.0,1405,59627,2022-07-15,145382,False,tablet,negative,#tech #fashion #lifestyle,0.074194576,3,4424.0,2022,7,July,Friday,52462.38691588785,26–35
49282,38.0,other,uae,610711,reel,fitness,10140.0,1918.0,1417.0,7464,20745,2022-06-05,343018,False,tablet,negative,#foodie #lifestyle,0.649554109,2,13475.0,2022,6,June,Sunday,48928.41351888668,36–45
73374,38.0,male,france,617291,text,lifestyle,19530.0,332.0,740.0,5316,11840,2023-03-16,584123,False,tablet,neutral,#music,1.740033784,1,20602.0,2023,3,March,Thursday,51727.67338709677,36–45
78244,13.0,other,india,626041,image,food,1201.0,354.0,1518.0,7453,56386,2022-04-11,365464,False,mobile,positive,#travel,0.054499344,1,3073.0,2022,4,April,Monday,52462.38691588785,Under 18
21694,38.0,other,india,519464,image,education,10011.0,846.0,512.0,3627,98648,2023-05-15,682016,False,tablet,positive,#fitness,0.115248155,1,11369.0,2023,5,May,Monday,52462.38691588785,36–45
66264,35.0,male,india,901088,reel,education,2889.0,162.0,1345.0,1545,5228,2022-10-12,135075,False,tablet,positive,#reels,0.840856924,1,4396.0,2022,10,October,Wednesday,52462.38691588785,26–35
85060,38.0,other,canada,385410,image,lifestyle,17028.0,115.0,1138.0,4320,46615,2022-03-10,417710,False,mobile,negative,#fun #tech,0.392169902,2,18281.0,2022,3,March,Thursday,48703.150097465885,36–45
67545,57.0,male,usa,688843,reel,lifestyle,10105.5,1102.0,1237.0,1751,75007,2023-01-21,552215,False,tablet,neutral,#travel,0.171850627,1,12444.5,2023,1,January,Saturday,51263.87225548902,56+
49224,18.0,male,india,162995,reel,tech,12664.0,1470.0,1789.0,1746,86945,2023-03-28,759944,False,tablet,neutral,#fun #fitness #fashion,0.183138766,3,15923.0,2023,3,March,Tuesday,52462.38691588785,Under 18
23224,18.0,male,uk,314646,reel,fitness,15704.0,1906.0,144.0,4381,56083,2022-05-18,133692,False,mobile,positive,#fun,0.316566517,1,17754.0,2022,5,May,Wednesday,51119.39350912779,Under 18
50738,56.0,male,france,702565,text,food,4320.0,1046.0,558.0,7896,51030,2022-09-05,32441,False,desktop,positive,#fashion #love #foodie,0.116088575,3,5924.0,2022,9,September,Monday,51727.67338709677,56+
35150,20.0,male,uae,563593,reel,fashion,3088.0,1497.0,791.0,1354,55562,2022-04-13,147598,False,desktop,positive,#fashion #foodie #travel,0.120891977,3,5376.0,2022,4,April,Wednesday,48928.41351888668,18–25
73731,36.0,female,usa,726633,text,fashion,8688.0,542.0,1201.0,3632,92747,2023-09-12,381781,False,tablet,neutral,#fitness,0.11246725,1,10431.0,2023,9,September,Tuesday,51263.87225548902,36–45
59688,34.0,female,germany,458255,text,food,10208.0,413.0,1748.0,7330,8728,2023-12-13,665802,False,desktop,positive,#travel #fun #foodie,1.417163153,3,12369.0,2023,12,December,Wednesday,48605.40612244898,26–35
83509,31.0,male,uk,689690,image,education,8664.0,681.0,359.0,4288,76098,2023-05-25,209299,False,desktop,neutral,#love #lifestyle,0.127519777,2,9704.0,2023,5,May,Thursday,51119.39350912779,26–35
18577,49.0,female,uk,354799,video,fitness,10080.0,641.0,284.0,1168,88354,2023-01-10,484256,False,mobile,positive,#foodie #music,0.124555764,2,11005.0,2023,1,January,Tuesday,51119.39350912779,46–55
18070,30.0,female,canada,485891,text,music,19766.0,1497.0,1268.0,4766,38774,2023-12-28,564847,False,desktop,neutral,#travel #fashion,0.579408882,2,22531.0,2023,12,December,Thursday,48703.150097465885,26–35
18666,43.0,other,canada,272805,text,fitness,7925.0,668.0,764.0,5957,59268,2022-06-04,559002,False,tablet,neutral,#love,0.157876088,1,9357.0,2022,6,June,Saturday,48703.150097465885,36–45
67761,49.0,male,france,638706,video,tech,1160.0,2069.0,1229.0,4044,96931,2022-03-28,549896,False,mobile,neutral,#love #fitness #reels,0.045991478,3,4458.0,2022,3,March,Monday,51727.67338709677,46–55
46368,42.0,female,uk,354494,text,tech,10714.0,968.0,583.0,6835,41853,2023-04-27,101318,False,desktop,neutral,#lifestyle #reels,0.293049483,2,12265.0,2023,4,April,Thursday,51119.39350912779,36–45
16783,54.0,other,brazil,399329,video,lifestyle,4312.0,1704.0,1757.0,2585,94480,2022-07-28,191428,False,tablet,positive,#music,0.08227138,1,7773.0,2022,7,July,Thursday,49193.1746031746,46–55
51914,45.0,other,brazil,141745,image,fashion,8387.0,1180.0,1365.0,4707,26414,2022-06-27,752074,False,mobile,neutral,#tech,0.413871432,1,10932.0,2022,6,June,Monday,49193.1746031746,36–45
80507,22.0,male,france,848777,reel,tech,18632.0,2377.0,726.0,900,7768,2023-08-09,9352,False,tablet,negative,#fun,2.798017508,1,21735.0,2023,8,August,Wednesday,51727.67338709677,18–25
89026,49.0,male,india,809147,video,food,19150.0,1045.0,1383.0,5742,67590,2022-09-15,399620,False,desktop,neutral,#fitness,0.31924841,1,21578.0,2022,9,September,Thursday,52462.38691588785,46–55
77526,24.0,other,australia,966555,reel,fashion,17935.0,1495.0,1522.0,3341,80048,2022-09-30,418224,False,tablet,positive,#fashion #travel #lifestyle,0.261742954,3,20952.0,2022,9,September,Friday,48346.38336713996,18–25
80835,42.0,male,germany,807395,video,education,2447.0,1287.0,1164.0,4146,74442,2022-01-24,358020,False,desktop,positive,#fun,0.06579619,1,4898.0,2022,1,January,Monday,48605.40612244898,36–45
55765,39.0,male,uae,449948,reel,music,4309.0,2949.0,959.0,7694,18115,2023-08-06,732948,False,desktop,neutral,#love #foodie #fitness,0.453601987,3,8217.0,2023,8,August,Sunday,48928.41351888668,36–45
29956,51.0,other,canada,530569,image,education,10580.0,1798.0,1691.0,127,21520,2023-08-18,91709,True,desktop,positive,#fitness #fun #reels,0.653763941,3,14069.0,2023,8,August,Friday,48703.150097465885,46–55
97895,21.0,other,uae,473199,text,fitness,8310.0,723.0,1245.0,1675,77999,2023-02-04,166808,False,desktop,neutral,#tech,0.13177092,1,10278.0,2023,2,February,Saturday,48928.41351888668,18–25
56240,33.0,male,australia,219097,image,fashion,3496.0,1159.0,1412.0,1777,64644,2022-12-19,515274,False,desktop,positive,#love #foodie #travel,0.093852484,3,6067.0,2022,12,December,Monday,48346.38336713996,26–35
47148,24.0,female,japan,148302,text,travel,1716.0,251.0,1353.0,5165,52917,2022-10-28,21558,False,mobile,positive,#music,0.062739762,1,3320.0,2022,10,October,Friday,49616.13559322034,18–25
14757,41.0,male,france,746849,reel,fashion,19298.0,204.0,742.0,233,75702,2022-01-10,734333,False,desktop,negative,#fashion #reels,0.267416977,2,20244.0,2022,1,January,Monday,51727.67338709677,36–45
29097,45.0,female,india,832339,reel,tech,15732.0,1879.0,1416.0,2495,47618,2022-02-12,707020,False,mobile,neutral,#foodie #lifestyle #tech,0.399575791,3,19027.0,2022,2,February,Saturday,52462.38691588785,36–45
20395,55.0,other,usa,515651,text,music,1672.0,2879.0,653.0,583,6974,2022-02-20,126373,False,tablet,negative,#fun #foodie #travel,0.746200172,3,5204.0,2022,2,February,Sunday,51263.87225548902,46–55
26241,27.0,female,india,682016,video,food,9394.0,790.0,357.0,1466,65059,2023-12-20,181380,False,tablet,neutral,#tech #fitness,0.162022164,2,10541.0,2023,12,December,Wednesday,52462.38691588785,26–35
37696,14.0,other,uk,985030,image,fitness,1455.0,1084.0,1417.0,502,96717,2022-04-17,545758,False,mobile,positive,#love #fashion,0.04090284,2,3956.0,2022,4,April,Sunday,51119.39350912779,Under 18
80480,64.0,male,india,887670,video,fitness,14031.0,464.0,1952.0,6750,82889,2023-12-07,740873,False,mobile,positive,#fashion #lifestyle,0.198421986,2,16447.0,2023,12,December,Thursday,52462.38691588785,56+
56163,51.0,male,uk,311929,reel,tech,13232.0,1841.0,586.0,5017,42453,2022-08-23,60827,False,tablet,positive,#love #fitness,0.368854969,2,15659.0,2022,8,August,Tuesday,51119.39350912779,46–55
29816,56.0,other,uae,968042,image,tech,16340.0,1325.0,39.0,4380,11762,2023-05-05,305613,True,mobile,positive,#fitness,1.505186193,1,17704.0,2023,5,May,Friday,48928.41351888668,56+
59840,30.0,other,japan,244121,image,tech,7026.0,1495.0,901.0,1155,14225,2023-11-06,563218,False,mobile,positive,#lifestyle,0.662355009,1,9422.0,2023,11,November,Monday,49616.13559322034,26–35
62853,15.0,other,canada,681481,video,travel,15438.0,393.0,272.0,6065,52443,2023-04-20,67668,False,desktop,positive,#tech,0.307057186,1,16103.0,2023,4,April,Thursday,48703.150097465885,Under 18
34917,19.0,male,japan,790944,text,food,3978.0,1630.0,1443.0,1499,19603,2023-08-04,537891,False,tablet,positive,#tech,0.359689843,1,7051.0,2023,8,August,Friday,49616.13559322034,18–25
31566,55.0,male,uk,428778,text,travel,10105.5,2028.0,1093.0,7960,81334,2022-10-19,364225,False,mobile,positive,#reels #fashion,0.068753535,2,13226.5,2022,10,October,Wednesday,51119.39350912779,46–55
85452,30.0,female,usa,638967,image,tech,8309.0,2707.0,828.0,935,56504,2023-04-26,70589,False,mobile,neutral,#foodie #music,0.209613479,2,11844.0,2023,4,April,Wednesday,51263.87225548902,26–35
72823,56.0,male,australia,396649,text,food,367.0,911.0,622.0,2591,61409,2023-04-05,260225,False,mobile,positive,#fitness #reels,0.03094009,2,1900.0,2023,4,April,Wednesday,48346.38336713996,56+
30806,50.0,female,uae,413485,reel,education,13417.0,1282.0,1012.0,355,15371,2023-03-01,428892,False,desktop,positive,#reels #love,0.986012621,2,15711.0,2023,3,March,Wednesday,48928.41351888668,46–55
85520,49.0,male,uae,594285,video,education,19560.0,2577.0,1968.0,1994,476,2022-11-25,696653,False,tablet,positive,#foodie,50.6407563,1,24105.0,2022,11,November,Friday,48928.41351888668,46–55
11759,45.0,female,india,674662,video,tech,3374.0,1210.0,233.0,5156,95716,2022-07-04,262920,False,tablet,positive,#love,0.050325964,1,4817.0,2022,7,July,Monday,52462.38691588785,36–45
51949,56.0,female,canada,933430,video,food,6773.0,1235.0,196.0,5757,18425,2023-05-21,247591,False,mobile,positive,#lifestyle #travel #fitness,0.445264586,3,8204.0,2023,5,May,Sunday,48703.150097465885,56+
12482,43.0,male,india,286773,image,music,14205.0,1058.0,1874.0,6281,80921,2023-09-20,56607,False,mobile,positive,#tech #foodie,0.211774447,2,17137.0,2023,9,September,Wednesday,52462.38691588785,36–45
34442,23.0,male,india,275931,image,fitness,3812.0,1170.0,1734.0,1445,304,2023-04-23,147842,False,desktop,positive,#fitness #fashion #fun,22.09210526,3,6716.0,2023,4,April,Sunday,52462.38691588785,18–25
43719,16.0,other,uk,489347,text,travel,18581.0,1272.0,1532.0,5564,90956,2022-01-14,478788,False,mobile,neutral,#travel #love #music,0.235113681,3,21385.0,2022,1,January,Friday,51119.39350912779,Under 18
68066,30.0,female,australia,657466,video,lifestyle,14351.0,56.0,535.0,2659,76964,2023-12-28,555004,False,mobile,positive,#travel,0.194142716,1,14942.0,2023,12,December,Thursday,48346.38336713996,26–35
12079,16.0,male,canada,512545,reel,tech,900.0,1892.0,1842.0,7409,7154,2022-04-03,497653,False,desktop,positive,#reels #music,0.647749511,2,4634.0,2022,4,April,Sunday,48703.150097465885,Under 18
12717,61.0,male,india,550470,reel,tech,16576.0,2569.0,937.0,5364,55200,2022-06-29,418427,False,mobile,positive,#music #fitness #foodie,0.363804348,3,20082.0,2022,6,June,Wednesday,52462.38691588785,56+
69676,46.0,male,uae,334162,video,fashion,2770.0,1748.0,146.0,5658,26225,2023-07-20,608172,False,tablet,positive,#foodie #tech,0.177845567,2,4664.0,2023,7,July,Thursday,48928.41351888668,46–55
37952,41.0,male,india,469517,image,lifestyle,11540.0,360.0,573.0,3280,86440,2022-11-01,399492,False,tablet,positive,#travel,0.144296622,1,12473.0,2022,11,November,Tuesday,52462.38691588785,36–45
96444,36.0,other,germany,608690,image,music,5180.0,2281.0,1482.0,3974,18909,2023-04-20,243413,True,tablet,positive,#fitness,0.472949389,1,8943.0,2023,4,April,Thursday,48605.40612244898,36–45
52460,34.0,other,france,315101,image,fitness,15308.0,1948.0,1090.0,2504,27540,2023-06-26,529308,False,desktop,positive,#fitness,0.666158315,1,18346.0,2023,6,June,Monday,51727.67338709677,26–35
82847,14.0,female,uae,318438,reel,tech,17334.0,222.0,29.0,2146,85993,2023-06-08,312997,True,desktop,positive,#fashion #foodie,0.204493389,2,17585.0,2023,6,June,Thursday,48928.41351888668,Under 18
99106,56.0,other,germany,728427,video,music,6679.0,1639.0,106.0,7669,17154,2022-04-21,312666,True,tablet,positive,#lifestyle #love #foodie,0.491080797,3,8424.0,2022,4,April,Thursday,48605.40612244898,56+
28449,18.0,male,france,200290,reel,travel,3606.0,326.0,1701.0,7304,64215,2023-02-19,260845,False,tablet,positive,#foodie,0.087720937,1,5633.0,2023,2,February,Sunday,51727.67338709677,Under 18
43536,54.0,male,usa,600590,video,fitness,14678.0,1121.0,389.0,1210,52669,2023-02-25,689968,False,desktop,neutral,#reels,0.307353472,1,16188.0,2023,2,February,Saturday,51263.87225548902,46–55
74077,37.0,male,germany,271140,reel,tech,257.0,1249.0,878.0,6179,3165,2023-02-15,382343,False,mobile,positive,#foodie,0.753238547,1,2384.0,2023,2,February,Wednesday,48605.40612244898,36–45
48258,33.0,male,uk,158951,reel,travel,17605.0,1757.0,405.0,629,34595,2023-09-16,461683,False,mobile,neutral,#foodie #travel,0.571383148,2,19767.0,2023,9,September,Saturday,51119.39350912779,26–35
58302,28.0,female,usa,449773,text,fashion,14388.0,835.0,1144.0,2717,6076,2023-11-12,574444,False,desktop,positive,#travel #tech,2.693712969,2,16367.0,2023,11,November,Sunday,51263.87225548902,26–35
38865,43.0,other,brazil,869212,reel,fashion,17034.0,2536.0,1034.0,5598,96790,2023-09-08,120722,False,tablet,positive,#fun #lifestyle #reels,0.212873231,3,20604.0,2023,9,September,Friday,49193.1746031746,36–45
16645,26.0,other,canada,528387,video,education,10510.0,2525.0,583.0,4882,20510,2023-06-07,792025,False,desktop,positive,#fun,0.663968796,1,13618.0,2023,6,June,Wednesday,48703.150097465885,26–35
48000,51.0,male,uae,763622,reel,travel,2425.0,984.0,346.0,6824,81373,2022-11-25,7180,False,tablet,positive,#fun #tech #fashion,0.046145527,3,3755.0,2022,11,November,Friday,48928.41351888668,46–55
36737,40.0,female,brazil,251857,text,fitness,15011.0,1357.0,1276.0,6198,38932,2022-09-29,575556,False,desktop,neutral,#tech,0.453200452,1,17644.0,2022,9,September,Thursday,49193.1746031746,36–45
21485,44.0,male,uae,955263,text,travel,19543.0,791.0,796.0,1494,36682,2022-01-14,407400,False,desktop,positive,#love #reels,0.576031841,2,21130.0,2022,1,January,Friday,48928.41351888668,36–45
48565,40.0,male,canada,443367,video,lifestyle,397.0,1886.0,118.0,1107,67339,2022-06-24,642977,False,desktop,positive,#travel,0.035655415,1,2401.0,2022,6,June,Friday,48703.150097465885,36–45
35522,63.0,female,canada,616857,text,travel,11106.0,2559.0,1910.0,3077,60530,2022-06-07,232287,False,desktop,neutral,#lifestyle #fitness #love,0.257310425,3,15575.0,2022,6,June,Tuesday,48703.150097465885,56+
75155,61.0,female,uae,669931,text,fashion,16944.0,381.0,519.0,4986,73257,2023-09-14,735285,False,desktop,positive,#fun #music,0.243580818,2,17844.0,2023,9,September,Thursday,48928.41351888668,56+
65168,21.0,male,canada,298729,image,fashion,8381.0,1446.0,1238.0,3434,13644,2023-10-26,162308,False,desktop,positive,#travel #foodie,0.810979185,2,11065.0,2023,10,October,Thursday,48703.150097465885,18–25
62487,57.0,other,germany,627870,video,fashion,8396.0,1371.0,732.0,3054,73066,2022-08-22,157935,True,tablet,neutral,#fun #tech,0.143692004,2,10499.0,2022,8,August,Monday,48605.40612244898,56+
22342,34.0,male,japan,737069,text,lifestyle,11207.0,1874.0,79.0,2815,98457,2022-05-21,696432,True,tablet,positive,#fitness #music,0.133662411,2,13160.0,2022,5,May,Saturday,49616.13559322034,26–35
50806,44.0,other,australia,874245,text,tech,3371.0,2499.0,418.0,7061,49943,2023-04-26,468007,False,mobile,neutral,#music,0.12590353,1,6288.0,2023,4,April,Wednesday,48346.38336713996,36–45
58770,17.0,other,uae,728292,text,education,3041.0,2008.0,583.0,3781,77927,2022-04-29,268327,True,desktop,positive,#fun,0.072272768,1,5632.0,2022,4,April,Friday,48928.41351888668,Under 18
88623,35.0,female,brazil,664288,video,lifestyle,6844.0,1142.0,711.0,2035,99237,2023-01-17,444407,False,mobile,negative,#fashion #reels #music,0.087638683,3,8697.0,2023,1,January,Tuesday,49193.1746031746,26–35
85629,17.0,female,brazil,726880,image,tech,9897.0,213.0,1708.0,6807,43589,2023-06-05,452512,False,mobile,neutral,#lifestyle #music,0.271123449,2,11818.0,2023,6,June,Monday,49193.1746031746,Under 18
62603,54.0,male,canada,590424,reel,lifestyle,17096.0,564.0,1312.0,6973,71430,2023-11-20,345918,False,desktop,neutral,#fun #love,0.265602688,2,18972.0,2023,11,November,Monday,48703.150097465885,46–55
91974,44.0,other,uae,101085,image,food,3456.0,731.0,233.0,169,32849,2023-02-14,593199,False,desktop,neutral,#travel,0.134555085,1,4420.0,2023,2,February,Tuesday,48928.41351888668,36–45
36399,22.0,other,japan,984426,video,tech,10876.0,438.0,260.0,3831,31280,2022-02-18,364196,False,mobile,negative,#lifestyle #fitness,0.370012788,2,11574.0,2022,2,February,Friday,49616.13559322034,18–25
95382,51.0,male,japan,553017,video,fitness,4406.0,2802.0,1981.0,2296,9453,2023-01-05,137095,False,mobile,positive,#love,0.972072358,1,9189.0,2023,1,January,Thursday,49616.13559322034,46–55
91244,27.0,male,australia,292811,video,fitness,13165.0,1588.0,932.0,4757,85542,2022-11-29,517171,False,desktop,neutral,#reels,0.183360221,1,15685.0,2022,11,November,Tuesday,48346.38336713996,26–35
86534,19.0,male,germany,619362,reel,education,11791.0,628.0,656.0,6353,46503,2022-05-29,279455,False,desktop,positive,#fashion #fitness #tech,0.281164656,3,13075.0,2022,5,May,Sunday,48605.40612244898,18–25
65106,41.0,female,australia,829541,video,music,13144.0,902.0,1045.0,5007,57916,2022-06-06,101711,True,desktop,neutral,#fitness,0.260567028,1,15091.0,2022,6,June,Monday,48346.38336713996,36–45
40678,59.0,male,uk,993546,image,fashion,7649.0,1470.0,77.0,2787,22344,2023-08-27,213173,False,tablet,neutral,#fitness #love #travel,0.411564626,3,9196.0,2023,8,August,Sunday,51119.39350912779,56+
86218,15.0,male,brazil,534812,text,lifestyle,3877.0,394.0,741.0,3315,84046,2022-06-01,693345,False,mobile,neutral,#lifestyle,0.05963401,1,5012.0,2022,6,June,Wednesday,49193.1746031746,Under 18
73230,31.0,other,japan,610252,text,travel,19906.0,246.0,671.0,6284,75465,2023-04-06,212572,False,mobile,positive,#fashion #tech,0.275929239,2,20823.0,2023,4,April,Thursday,49616.13559322034,26–35
84055,22.0,male,canada,956842,video,fashion,5651.0,2952.0,1037.0,631,48769,2023-01-11,486030,False,mobile,positive,#fitness,0.19766655,1,9640.0,2023,1,January,Wednesday,48703.150097465885,18–25
66373,40.0,other,japan,572519,video,education,12818.0,2295.0,1771.0,804,49034,2023-11-13,105438,False,tablet,neutral,#fashion #lifestyle #travel,0.344332504,3,16884.0,2023,11,November,Monday,49616.13559322034,36–45
41480,41.0,other,japan,807548,reel,travel,4112.0,1636.0,1171.0,6323,13146,2023-08-19,656402,False,mobile,neutral,#fashion #tech #fitness,0.526319793,3,6919.0,2023,8,August,Saturday,49616.13559322034,36–45
95230,27.0,female,france,388969,text,lifestyle,4565.0,2646.0,1685.0,5015,50157,2023-03-01,431806,False,desktop,neutral,#music #love,0.17736308,2,8896.0,2023,3,March,Wednesday,51727.67338709677,26–35
78836,47.0,male,brazil,766273,reel,fashion,4977.0,2912.0,29.0,6780,22848,2022-02-17,640096,False,tablet,neutral,#reels,0.34655112,1,7918.0,2022,2,February,Thursday,49193.1746031746,46–55
82258,18.0,male,uk,312823,reel,fashion,19062.0,1472.0,437.0,6897,47375,2022-12-01,776525,False,mobile,negative,#foodie,0.442659631,1,20971.0,2022,12,December,Thursday,51119.39350912779,Under 18
49986,24.0,other,australia,184269,reel,music,8775.0,2131.0,1696.0,5843,66819,2023-12-30,748621,True,tablet,positive,#fitness,0.188599051,1,12602.0,2023,12,December,Saturday,48346.38336713996,18–25
34160,59.0,female,uk,900764,reel,music,10188.0,1497.0,1796.0,3034,10511,2023-08-12,644556,False,tablet,neutral,#fitness #travel #reels,1.408429265,3,13481.0,2023,8,August,Saturday,51119.39350912779,56+
95595,50.0,female,france,154895,image,fitness,841.0,1244.0,1553.0,5136,62626,2023-07-09,523786,False,desktop,positive,#fashion,0.058090889,1,3638.0,2023,7,July,Sunday,51727.67338709677,46–55
89111,25.0,male,germany,497648,video,travel,10567.0,2098.0,62.0,3087,44704,2023-04-14,769743,False,tablet,positive,#fitness #tech #fashion,0.284694882,3,12727.0,2023,4,April,Friday,48605.40612244898,18–25
74929,41.0,male,uk,336641,video,food,4038.0,2597.0,1453.0,4480,33956,2023-07-29,789431,False,desktop,neutral,#tech #fashion #travel,0.2381906,3,8088.0,2023,7,July,Saturday,51119.39350912779,36–45
83506,31.0,male,japan,499319,reel,food,1804.0,2818.0,1158.0,3412,34060,2022-09-02,783418,False,desktop,neutral,#tech,0.169700528,1,5780.0,2022,9,September,Friday,49616.13559322034,26–35
44911,15.0,male,usa,884118,reel,fashion,8921.0,980.0,156.0,4988,97114,2023-09-24,287671,False,mobile,positive,#tech #foodie #fashion,0.103558704,3,10057.0,2023,9,September,Sunday,51263.87225548902,Under 18
97127,20.0,male,uae,602532,image,music,4349.0,1210.0,568.0,7130,5487,2022-09-19,183758,False,desktop,positive,#fashion,1.116639329,1,6127.0,2022,9,September,Monday,48928.41351888668,18–25
41821,20.0,male,uk,429711,reel,lifestyle,9655.0,1548.0,942.0,6912,52703,2022-09-07,71176,False,mobile,neutral,#fun #foodie #fashion,0.23044229,3,12145.0,2022,9,September,Wednesday,51119.39350912779,18–25
85039,32.0,other,uae,424857,image,fashion,14906.0,2512.0,776.0,3869,61285,2023-05-12,302199,False,mobile,neutral,#fashion #tech,0.296875255,2,18194.0,2023,5,May,Friday,48928.41351888668,26–35
70535,38.0,female,france,314241,image,education,14879.0,418.0,253.0,6099,33199,2022-02-21,209287,False,mobile,positive,#fun,0.468387602,1,15550.0,2022,2,February,Monday,51727.67338709677,36–45
94458,16.0,male,uk,682927,reel,fitness,4946.0,2134.0,1006.0,791,50300,2023-05-04,327795,True,desktop,neutral,#reels #fashion #tech,0.160755467,3,8086.0,2023,5,May,Thursday,51119.39350912779,Under 18
22175,63.0,male,uk,581944,video,music,10359.0,258.0,1210.0,4141,12380,2022-05-22,537232,False,mobile,negative,#music #fashion #fitness,0.955331179,3,11827.0,2022,5,May,Sunday,51119.39350912779,56+
64771,33.0,male,india,862183,image,education,6657.0,2358.0,1903.0,2551,2375,2023-01-07,462566,False,desktop,positive,#lifestyle #tech #fun,4.597052632,3,10918.0,2023,1,January,Saturday,52462.38691588785,26–35
96925,15.0,male,japan,465747,video,travel,15989.0,2220.0,872.0,3841,38105,2022-09-08,109687,False,desktop,neutral,#love #tech,0.500747933,2,19081.0,2022,9,September,Thursday,49616.13559322034,Under 18
76358,57.0,female,canada,178488,video,education,17956.0,1519.0,1012.0,3214,6485,2022-11-10,109878,False,mobile,negative,#travel,3.219275251,1,20487.0,2022,11,November,Thursday,48703.150097465885,56+
27327,20.0,female,uae,455049,image,music,13266.0,1268.0,1350.0,3356,50886,2022-08-13,240197,False,desktop,negative,#lifestyle #fun #travel,0.312148725,3,15884.0,2022,8,August,Saturday,48928.41351888668,18–25
57057,35.0,female,germany,594614,text,fashion,6240.0,939.0,198.0,7522,61049,2023-10-27,755133,False,mobile,negative,#lifestyle,0.12083736,1,7377.0,2023,10,October,Friday,48605.40612244898,26–35
16150,28.0,female,india,365121,image,education,9585.0,2552.0,880.0,4925,73284,2022-02-25,660887,False,mobile,negative,#lifestyle #fitness,0.177624038,2,13017.0,2022,2,February,Friday,52462.38691588785,26–35
14425,25.0,male,japan,335101,text,lifestyle,15776.0,2376.0,1194.0,2572,98906,2022-12-05,329145,False,mobile,positive,#lifestyle #foodie #reels,0.195599862,3,19346.0,2022,12,December,Monday,49616.13559322034,18–25
26032,15.0,other,france,416785,image,food,16640.0,195.0,1338.0,5074,3669,2023-06-05,718059,False,tablet,negative,#fashion,4.953120741,1,18173.0,2023,6,June,Monday,51727.67338709677,Under 18
12198,60.0,female,uae,494484,image,travel,127.0,61.0,5.0,3904,26010,2023-05-15,693602,False,desktop,neutral,#foodie #fitness #fashion,0.007420223,3,193.0,2023,5,May,Monday,48928.41351888668,56+
70500,21.0,female,australia,678719,video,fashion,9574.0,561.0,1901.0,6700,86667,2023-04-29,399473,False,tablet,positive,#tech #foodie,0.138876389,2,12036.0,2023,4,April,Saturday,48346.38336713996,18–25
63394,26.0,male,france,378900,video,travel,11920.0,2944.0,1279.0,2094,53270,2022-06-13,270563,False,tablet,neutral,#fashion #reels #travel,0.303041111,3,16143.0,2022,6,June,Monday,51727.67338709677,26–35
30079,25.0,male,canada,776124,reel,music,14392.0,2891.0,1902.0,4623,69852,2023-03-17,328491,False,desktop,positive,#fitness #lifestyle,0.274652122,2,19185.0,2023,3,March,Friday,48703.150097465885,18–25
46220,19.0,male,uae,290984,video,fitness,14917.0,39.0,820.0,6250,71527,2022-05-13,757592,False,desktop,positive,#foodie #fashion #love,0.220560068,3,15776.0,2022,5,May,Friday,48928.41351888668,18–25
51874,27.0,male,france,770392,video,education,2205.0,1767.0,1343.0,7170,61498,2022-03-22,480592,False,mobile,neutral,#travel,0.086425575,1,5315.0,2022,3,March,Tuesday,51727.67338709677,26–35
23859,19.0,other,india,850374,video,food,8513.0,2775.0,247.0,615,54483,2022-12-16,1332,False,tablet,positive,#fun,0.211717416,1,11535.0,2022,12,December,Friday,52462.38691588785,18–25
60460,50.0,other,france,801062,video,lifestyle,10548.0,2037.0,1754.0,5061,31700,2023-10-09,212484,False,desktop,negative,#fun #tech,0.452334385,2,14339.0,2023,10,October,Monday,51727.67338709677,46–55
41419,46.0,female,canada,767245,reel,travel,4379.0,2504.0,3.0,7262,16415,2022-05-14,148769,True,mobile,neutral,#reels #fun,0.419494365,2,6886.0,2022,5,May,Saturday,48703.150097465885,46–55
18705,53.0,other,canada,896228,video,food,8067.0,2925.0,512.0,5252,90234,2022-02-21,224808,False,desktop,neutral,#music #fun,0.127490746,2,11504.0,2022,2,February,Monday,48703.150097465885,46–55
52880,34.0,female,usa,991015,text,education,11305.0,1875.0,837.0,3993,24332,2023-05-09,87673,False,desktop,positive,#reels,0.576072662,1,14017.0,2023,5,May,Tuesday,51263.87225548902,26–35
33236,36.0,female,uk,263935,text,fashion,12148.0,787.0,505.0,7003,26525,2022-07-21,234062,False,mobile,negative,#fitness #tech #reels,0.5066918,3,13440.0,2022,7,July,Thursday,51119.39350912779,36–45
97955,61.0,other,australia,705302,reel,music,12901.0,1876.0,30.0,7950,75991,2023-12-11,482295,False,desktop,neutral,#travel,0.194852022,1,14807.0,2023,12,December,Monday,48346.38336713996,56+
95514,49.0,female,australia,787477,video,lifestyle,10888.0,1.0,1856.0,4296,66115,2023-09-10,331113,False,mobile,positive,#travel #fashion,0.192770173,2,12745.0,2023,9,September,Sunday,48346.38336713996,46–55
25358,56.0,male,india,382469,text,lifestyle,9708.0,1492.0,1652.0,2301,84374,2023-05-23,216051,False,tablet,positive,#foodie #lifestyle,0.152321805,2,12852.0,2023,5,May,Tuesday,52462.38691588785,56+
86918,13.0,female,canada,500237,image,tech,11485.0,1129.0,1988.0,2230,80202,2022-01-14,706184,False,mobile,positive,#tech #fun,0.182065285,2,14602.0,2022,1,January,Friday,48703.150097465885,Under 18
24596,22.0,male,usa,573937,text,travel,14117.0,2263.0,1298.0,5269,43599,2023-01-20,498845,False,desktop,positive,#foodie,0.405468015,1,17678.0,2023,1,January,Friday,51263.87225548902,18–25
43572,38.0,other,japan,879440,video,music,14220.0,776.0,708.0,1572,54116,2023-12-24,131151,False,tablet,neutral,#foodie #fashion #reels,0.290191441,3,15704.0,2023,12,December,Sunday,49616.13559322034,36–45
88757,28.0,other,usa,153096,text,food,16221.0,2726.0,885.0,3028,50395,2022-07-20,180582,False,tablet,negative,#travel #fun #tech,0.393531104,3,19832.0,2022,7,July,Wednesday,51263.87225548902,26–35
11279,58.0,female,germany,826764,image,travel,7081.0,1782.0,1348.0,2537,54335,2022-06-14,346207,False,mobile,positive,#fun #tech #travel,0.187926751,3,10211.0,2022,6,June,Tuesday,48605.40612244898,56+
73197,20.0,male,france,768431,text,fashion,2371.0,413.0,1200.0,504,57204,2023-07-15,576920,False,mobile,positive,#fashion,0.069645479,1,3984.0,2023,7,July,Saturday,51727.67338709677,18–25
72516,61.0,female,uk,951081,video,fashion,5016.0,209.0,1310.0,6556,24058,2022-05-13,738104,False,mobile,positive,#fitness,0.271635215,1,6535.0,2022,5,May,Friday,51119.39350912779,56+
17083,37.0,other,usa,894473,image,music,6302.0,1963.0,1979.0,1945,62921,2023-08-05,607856,False,tablet,negative,#music #lifestyle,0.16280733,2,10244.0,2023,8,August,Saturday,51263.87225548902,36–45
27771,62.0,female,france,837411,reel,education,6382.0,2090.0,747.0,1861,48093,2022-04-29,468448,False,mobile,neutral,#love #lifestyle,0.191691098,2,9219.0,2022,4,April,Friday,51727.67338709677,56+
39975,24.0,female,uk,602827,image,lifestyle,12607.0,2185.0,1990.0,5627,21755,2023-10-13,559709,False,desktop,neutral,#foodie,0.771408872,1,16782.0,2023,10,October,Friday,51119.39350912779,18–25
55648,37.0,male,uae,140058,text,music,11452.0,1644.0,78.0,3722,21928,2023-11-24,785708,False,tablet,neutral,#fun,0.600784385,1,13174.0,2023,11,November,Friday,48928.41351888668,36–45
58285,29.0,other,germany,672551,reel,lifestyle,15865.0,1583.0,242.0,3683,50090,2023-05-01,2530,False,mobile,negative,#music #reels #tech,0.353164304,3,17690.0,2023,5,May,Monday,48605.40612244898,26–35
29063,38.0,female,germany,322574,image,food,18825.0,2685.0,1846.0,403,56665,2022-07-02,9088,False,tablet,positive,#fashion,0.412176829,1,23356.0,2022,7,July,Saturday,48605.40612244898,36–45
77642,58.0,male,canada,204820,image,fitness,1017.0,2516.0,500.0,4331,59293,2023-04-03,549120,False,desktop,positive,#fun,0.068018147,1,4033.0,2023,4,April,Monday,48703.150097465885,56+
96143,60.0,female,germany,731933,image,travel,3047.0,725.0,204.0,1619,41059,2022-12-01,325638,False,desktop,neutral,#love,0.09683626,1,3976.0,2022,12,December,Thursday,48605.40612244898,56+
47599,26.0,male,uae,799830,video,travel,13492.0,1412.0,1483.0,2906,46073,2023-07-16,85100,False,desktop,positive,#lifestyle #reels #fitness,0.35567469,3,16387.0,2023,7,July,Sunday,48928.41351888668,26–35
61920,53.0,male,canada,843186,reel,fashion,10260.0,1221.0,1406.0,3013,28062,2023-11-24,180220,False,mobile,neutral,#travel,0.459233127,1,12887.0,2023,11,November,Friday,48703.150097465885,46–55
38529,48.0,female,brazil,589454,reel,travel,13894.0,2249.0,722.0,3616,76680,2023-09-29,86661,False,mobile,neutral,#tech,0.21994001,1,16865.0,2023,9,September,Friday,49193.1746031746,46–55
45954,35.0,other,japan,390367,image,food,11857.0,2239.0,332.0,4728,2309,2022-08-19,23102,False,tablet,neutral,#love #foodie #reels,6.248592464,3,14428.0,2022,8,August,Friday,49616.13559322034,26–35
37856,55.0,other,india,920007,reel,tech,4250.0,106.0,602.0,7709,64199,2022-11-07,592670,True,mobile,positive,#love,0.077228617,1,4958.0,2022,11,November,Monday,52462.38691588785,46–55
12573,18.0,male,france,865064,text,music,7391.0,326.0,165.0,7601,75220,2022-01-03,388303,True,tablet,negative,#reels #lifestyle,0.104785961,2,7882.0,2022,1,January,Monday,51727.67338709677,Under 18
88344,59.0,other,japan,383805,text,lifestyle,2446.0,2797.0,160.0,1569,11548,2023-11-16,427161,False,mobile,neutral,#love #foodie #fun,0.467873225,3,5403.0,2023,11,November,Thursday,49616.13559322034,56+
45367,17.0,male,japan,922864,image,fashion,17783.0,643.0,5.0,3716,67595,2022-03-22,727448,False,desktop,negative,#fashion,0.272668097,1,18431.0,2022,3,March,Tuesday,49616.13559322034,Under 18
70774,55.0,other,australia,330119,text,music,10711.0,356.0,1676.0,6351,375,2022-10-02,245150,False,mobile,neutral,#fashion #tech,33.98133333,2,12743.0,2022,10,October,Sunday,48346.38336713996,46–55
33752,37.0,female,usa,524363,image,lifestyle,12119.0,2642.0,204.0,139,21108,2023-01-23,307804,False,mobile,neutral,#travel #love,0.708972901,2,14965.0,2023,1,January,Monday,51263.87225548902,36–45
65029,30.0,other,germany,653402,text,lifestyle,3687.0,2548.0,1996.0,4683,91671,2022-12-11,648420,False,mobile,positive,#reels #love,0.089788483,2,8231.0,2022,12,December,Sunday,48605.40612244898,26–35
27685,25.0,male,brazil,630318,image,lifestyle,16367.0,1307.0,531.0,6730,60775,2022-08-07,240023,False,desktop,positive,#love,0.299547511,1,18205.0,2022,8,August,Sunday,49193.1746031746,18–25
61693,55.0,male,usa,452195,image,tech,7864.0,2515.0,1123.0,1843,58402,2023-10-14,263481,True,tablet,positive,#travel #tech #foodie,0.19694531,3,11502.0,2023,10,October,Saturday,51263.87225548902,46–55
65961,26.0,other,india,802789,reel,music,6127.0,507.0,1700.0,3378,77887,2022-03-04,86820,False,mobile,neutral,#fashion,0.107001168,1,8334.0,2022,3,March,Friday,52462.38691588785,26–35
86908,40.0,female,usa,934175,reel,travel,16936.0,1497.0,44.0,2964,20629,2023-03-16,287318,False,desktop,positive,#fun #fitness #travel,0.927480731,3,18477.0,2023,3,March,Thursday,51263.87225548902,36–45
84532,30.0,male,australia,326941,image,fitness,13834.0,1089.0,456.0,5062,15731,2022-01-27,544667,False,mobile,neutral,#music #fun,0.9776238,2,15379.0,2022,1,January,Thursday,48346.38336713996,26–35
91994,38.0,male,india,487900,reel,lifestyle,8921.0,194.0,1872.0,4665,79182,2023-12-09,243090,False,mobile,negative,#reels #fitness #lifestyle,0.138756283,3,10987.0,2023,12,December,Saturday,52462.38691588785,36–45
66133,63.0,male,uae,427759,reel,food,18944.0,1211.0,226.0,3169,47787,2023-01-16,692107,False,desktop,negative,#foodie #fun,0.426496746,2,20381.0,2023,1,January,Monday,48928.41351888668,56+
71268,39.0,male,uae,147577,video,lifestyle,5108.0,46.0,1338.0,2172,96160,2023-10-26,378269,False,mobile,positive,#travel #music #tech,0.067512479,3,6492.0,2023,10,October,Thursday,48928.41351888668,36–45
48243,44.0,male,canada,587800,text,lifestyle,4266.0,1385.0,51.0,6079,71311,2022-09-05,455849,False,mobile,positive,#reels,0.079959614,1,5702.0,2022,9,September,Monday,48703.150097465885,36–45
67384,59.0,female,usa,472580,reel,music,4945.0,2584.0,1169.0,3420,56309,2022-06-03,625905,False,mobile,neutral,#tech,0.15446909,1,8698.0,2022,6,June,Friday,51263.87225548902,56+
41653,21.0,other,france,627254,image,travel,8985.0,1497.0,1304.0,6277,11669,2022-07-29,418648,False,mobile,neutral,#fitness,1.018939069,1,11786.0,2022,7,July,Friday,51727.67338709677,18–25
36657,52.0,female,brazil,475982,video,education,8366.0,1510.0,1146.0,3043,49739,2022-01-22,198585,True,mobile,negative,#travel,0.221596735,1,11022.0,2022,1,January,Saturday,49193.1746031746,46–55
49952,44.0,female,australia,628016,video,food,2551.0,846.0,1742.0,1249,38273,2023-08-05,745304,False,desktop,neutral,#foodie #fun,0.134272202,2,5139.0,2023,8,August,Saturday,48346.38336713996,36–45
32180,32.0,male,india,792664,reel,travel,3848.0,1602.0,470.0,6064,55956,2022-01-19,675775,False,desktop,positive,#tech,0.105797412,1,5920.0,2022,1,January,Wednesday,52462.38691588785,26–35
88411,40.0,female,brazil,542493,image,lifestyle,3456.0,708.0,896.0,7879,40133,2023-05-24,673539,False,mobile,positive,#love #fashion #foodie,0.126080781,3,5060.0,2023,5,May,Wednesday,49193.1746031746,36–45
11622,45.0,male,usa,335189,image,music,19142.0,807.0,1320.0,5668,38465,2023-09-05,553322,False,mobile,neutral,#fun,0.552944235,1,21269.0,2023,9,September,Tuesday,51263.87225548902,36–45
58756,16.0,female,france,583546,image,education,12031.0,2659.0,613.0,2697,34808,2023-11-05,380870,False,tablet,positive,#fun #music #fashion,0.439640313,3,15303.0,2023,11,November,Sunday,51727.67338709677,Under 18
50809,58.0,male,usa,756307,image,travel,8119.0,114.0,511.0,5839,28690,2023-10-13,308552,False,desktop,negative,#music #reels,0.304775183,2,8744.0,2023,10,October,Friday,51263.87225548902,56+
26725,46.0,male,germany,967812,image,travel,10162.0,2727.0,1012.0,2753,64124,2023-08-23,471477,False,mobile,neutral,#lifestyle,0.213243092,1,13901.0,2023,8,August,Wednesday,48605.40612244898,46–55
71396,60.0,female,germany,428274,text,fashion,1660.0,630.0,1664.0,6711,12089,2023-03-05,509179,False,tablet,positive,#music #fun #foodie,0.3270742,3,3954.0,2023,3,March,Sunday,48605.40612244898,56+
61226,15.0,female,australia,645702,image,tech,13208.0,2266.0,1525.0,4434,33827,2022-02-06,55484,False,desktop,positive,#tech #lifestyle,0.502527567,2,16999.0,2022,2,February,Sunday,48346.38336713996,Under 18
91182,38.0,other,india,193005,image,education,10716.0,196.0,1702.0,4934,39498,2023-02-11,268165,True,tablet,positive,#lifestyle #foodie #music,0.319357942,3,12614.0,2023,2,February,Saturday,52462.38691588785,36–45
92565,20.0,other,india,512655,text,fitness,13009.0,400.0,1225.0,6465,38660,2023-02-28,149572,False,tablet,neutral,#foodie #love #fashion,0.378530781,3,14634.0,2023,2,February,Tuesday,52462.38691588785,18–25
39402,18.0,other,japan,978174,reel,education,19960.0,2796.0,414.0,3884,97573,2023-11-14,14706,False,mobile,neutral,#love #fun,0.237463233,2,23170.0,2023,11,November,Tuesday,49616.13559322034,Under 18
14263,28.0,female,australia,551436,video,tech,11727.0,2728.0,613.0,7254,35431,2022-12-04,303248,False,mobile,positive,#reels #lifestyle #travel,0.4252773,3,15068.0,2022,12,December,Sunday,48346.38336713996,26–35
56828,36.0,female,australia,802145,text,tech,13921.0,2039.0,1606.0,94,33331,2022-09-28,491699,False,desktop,neutral,#love,0.527016891,1,17566.0,2022,9,September,Wednesday,48346.38336713996,36–45
57924,60.0,male,france,399117,video,food,13021.0,75.0,1445.0,4291,64367,2023-10-14,7322,False,tablet,neutral,#tech #fun,0.225907686,2,14541.0,2023,10,October,Saturday,51727.67338709677,56+
84182,51.0,other,germany,973523,video,fashion,19307.0,1449.0,519.0,4287,10228,2023-08-03,302050,False,tablet,positive,#fun,2.080074306,1,21275.0,2023,8,August,Thursday,48605.40612244898,46–55
69052,42.0,male,india,304390,text,fashion,11233.0,286.0,1012.0,6799,24155,2023-08-03,550867,False,mobile,positive,#fitness #travel,0.504740219,2,12531.0,2023,8,August,Thursday,52462.38691588785,36–45
21664,57.0,male,usa,823556,image,travel,19092.0,1568.0,1096.0,4617,94343,2023-11-12,502069,False,desktop,positive,#reels #love #fashion,0.230605344,3,21756.0,2023,11,November,Sunday,51263.87225548902,56+
45737,25.0,male,australia,345389,video,tech,12600.0,1497.0,1012.0,4848,57459,2023-09-09,689164,False,mobile,positive,#fashion,0.248281383,1,15109.0,2023,9,September,Saturday,48346.38336713996,18–25
99563,17.0,male,canada,860520,image,education,10501.0,860.0,1050.0,5780,28746,2023-04-07,20006,False,desktop,negative,#love #lifestyle,0.431747026,2,12411.0,2023,4,April,Friday,48703.150097465885,Under 18
39373,37.0,other,uk,761449,reel,fitness,8422.0,741.0,1192.0,5083,99322,2022-11-11,582498,True,tablet,positive,#foodie #fitness,0.104256862,2,10355.0,2022,11,November,Friday,51119.39350912779,36–45
46397,32.0,male,india,301926,text,food,19134.0,1730.0,774.0,7149,96220,2022-02-27,416948,False,desktop,neutral,#love,0.224880482,1,21638.0,2022,2,February,Sunday,52462.38691588785,26–35
96145,30.0,female,uae,948667,video,education,15739.0,2341.0,1012.0,1675,97004,2023-01-11,227531,False,tablet,positive,#reels #fashion #love,0.205177106,3,19092.0,2023,1,January,Wednesday,48928.41351888668,26–35
48709,59.0,female,india,585357,image,fashion,10885.0,808.0,584.0,12,67249,2023-11-30,559706,False,desktop,neutral,#fun #foodie #fitness,0.182560335,3,12277.0,2023,11,November,Thursday,52462.38691588785,56+
71120,30.0,female,canada,129400,video,travel,7476.0,2933.0,1232.0,2301,74650,2023-04-01,441714,False,mobile,positive,#fitness #fun,0.155941058,2,11641.0,2023,4,April,Saturday,48703.150097465885,26–35
29250,14.0,other,india,246477,reel,fitness,7931.0,1959.0,1634.0,4083,2220,2023-02-11,559275,False,mobile,positive,#reels #music #fashion,5.190990991,3,11524.0,2023,2,February,Saturday,52462.38691588785,Under 18
31172,22.0,male,canada,479384,reel,tech,13699.0,413.0,879.0,6119,3491,2023-01-20,673573,False,mobile,neutral,#music,4.294185047,1,14991.0,2023,1,January,Friday,48703.150097465885,18–25
21555,57.0,other,uk,152763,video,music,2804.0,430.0,1935.0,6224,10258,2022-02-25,148262,False,desktop,positive,#foodie,0.503899396,1,5169.0,2022,2,February,Friday,51119.39350912779,56+
97410,62.0,male,japan,523425,text,music,16136.0,1813.0,897.0,7889,97624,2023-04-04,427201,False,tablet,neutral,#music #fun,0.193046792,2,18846.0,2023,4,April,Tuesday,49616.13559322034,56+
88617,59.0,other,france,304670,reel,education,17225.0,1253.0,1962.0,372,41799,2023-04-20,285931,False,mobile,neutral,#music,0.489006914,1,20440.0,2023,4,April,Thursday,51727.67338709677,56+
63276,24.0,other,uk,772784,image,fitness,5575.0,1918.0,1566.0,4489,23846,2023-05-31,166484,False,desktop,neutral,#travel #tech #fitness,0.379895999,3,9059.0,2023,5,May,Wednesday,51119.39350912779,18–25
67492,59.0,male,brazil,993242,reel,music,11775.0,2218.0,847.0,6009,13145,2022-01-17,244161,False,desktop,positive,#travel,1.128946367,1,14840.0,2022,1,January,Monday,49193.1746031746,56+
63002,25.0,other,japan,975955,image,fashion,10681.0,1340.0,1966.0,5851,54253,2023-03-09,658514,True,mobile,neutral,#travel,0.257810628,1,13987.0,2023,3,March,Thursday,49616.13559322034,18–25
99599,62.0,male,france,209955,video,music,14918.0,543.0,1568.0,6028,40124,2022-08-25,236752,True,mobile,positive,#travel #fashion,0.424409331,2,17029.0,2022,8,August,Thursday,51727.67338709677,56+
82355,59.0,female,germany,251628,image,food,13106.0,1514.0,724.0,417,69479,2022-11-03,426439,False,mobile,neutral,#fitness #love #fashion,0.220843708,3,15344.0,2022,11,November,Thursday,48605.40612244898,56+
34762,23.0,female,canada,455281,video,education,10105.5,1411.0,656.0,5178,58241,2023-03-09,517998,False,mobile,negative,#music #fun,0.377483216,2,12172.5,2023,3,March,Thursday,48703.150097465885,18–25
21046,31.0,female,australia,836626,reel,music,607.0,71.0,610.0,6271,6229,2022-01-24,551941,False,desktop,positive,#foodie #travel #fitness,0.206774763,3,1288.0,2022,1,January,Monday,48346.38336713996,26–35
38769,47.0,other,brazil,758596,text,tech,4618.0,1022.0,1845.0,816,68846,2022-10-27,622321,True,tablet,neutral,#reels #lifestyle,0.108720913,2,7485.0,2022,10,October,Thursday,49193.1746031746,46–55
63302,51.0,female,uk,824576,reel,food,10105.5,531.0,1333.0,4869,91798,2023-09-20,192553,False,tablet,negative,#reels,0.173783743,1,11969.5,2023,9,September,Wednesday,51119.39350912779,46–55
33150,38.0,male,india,916744,reel,lifestyle,15568.0,2286.0,1023.0,1803,75605,2022-08-26,522231,False,desktop,neutral,#music #fashion #lifestyle,0.249679254,3,18877.0,2022,8,August,Friday,52462.38691588785,36–45
78247,58.0,female,uk,514407,reel,music,4257.0,2758.0,946.0,3612,38384,2023-11-12,483540,False,tablet,negative,#love,0.207404127,1,7961.0,2023,11,November,Sunday,51119.39350912779,56+
14853,26.0,female,france,209602,reel,music,15931.0,576.0,179.0,3404,48156,2023-05-07,275032,False,desktop,positive,#foodie #love #travel,0.346498879,3,16686.0,2023,5,May,Sunday,51727.67338709677,26–35
99399,57.0,other,brazil,314529,text,fitness,10105.5,1112.0,646.0,2939,10726,2022-10-15,729268,False,desktop,positive,#travel #tech,1.636397539,2,11863.5,2022,10,October,Saturday,49193.1746031746,56+
31792,56.0,male,usa,923072,reel,music,10223.0,1497.0,437.0,6425,54739,2023-02-19,478353,False,desktop,positive,#fitness #lifestyle #music,0.230274576,3,12157.0,2023,2,February,Sunday,51263.87225548902,56+
69129,36.0,other,france,462315,image,music,16585.0,712.0,1500.0,7747,94129,2023-02-04,371745,False,tablet,positive,#fitness #love #fun,0.199694037,3,18797.0,2023,2,February,Saturday,51727.67338709677,36–45
84478,53.0,other,japan,424437,text,fitness,1364.0,1558.0,394.0,6350,21037,2023-02-20,469311,False,desktop,positive,#travel #lifestyle #reels,0.157627038,3,3316.0,2023,2,February,Monday,49616.13559322034,46–55
77298,13.0,male,uk,738412,text,travel,751.0,641.0,1725.0,7439,18763,2023-04-28,759514,False,desktop,negative,#tech,0.16612482,1,3117.0,2023,4,April,Friday,51119.39350912779,Under 18
41987,63.0,other,uk,346921,image,tech,13237.0,2637.0,1012.0,1332,96894,2022-09-08,43961,False,mobile,positive,#travel #fitness #love,0.179980185,3,16886.0,2022,9,September,Thursday,51119.39350912779,56+
25850,55.0,male,brazil,826589,video,fitness,14708.0,2237.0,593.0,6546,75195,2023-11-08,37700,False,mobile,negative,#love #lifestyle #fun,0.233233593,3,17538.0,2023,11,November,Wednesday,49193.1746031746,46–55
22112,34.0,female,canada,710090,reel,fashion,7545.0,811.0,56.0,3246,43827,2023-02-04,92574,True,tablet,negative,#fashion #reels,0.191936478,2,8412.0,2023,2,February,Saturday,48703.150097465885,26–35
34058,35.0,male,brazil,340324,text,lifestyle,5344.0,1014.0,1197.0,6361,7405,2022-05-21,516092,False,mobile,neutral,#fitness #reels,1.020256583,2,7555.0,2022,5,May,Saturday,49193.1746031746,26–35
55420,31.0,male,australia,454168,reel,fashion,1205.0,2672.0,1743.0,7839,91609,2023-01-13,609763,False,mobile,neutral,#music #fun,0.061347684,2,5620.0,2023,1,January,Friday,48346.38336713996,26–35
48890,30.0,male,uk,255194,reel,food,9512.0,1362.0,325.0,6469,22040,2022-04-30,518804,False,mobile,neutral,#foodie #travel #fashion,0.508121597,3,11199.0,2022,4,April,Saturday,51119.39350912779,26–35
76017,24.0,other,canada,796584,image,lifestyle,3887.0,2021.0,321.0,755,98558,2022-12-04,601866,False,desktop,positive,#lifestyle #love #music,0.063201364,3,6229.0,2022,12,December,Sunday,48703.150097465885,18–25
57304,40.0,male,canada,325612,image,music,1330.0,2676.0,182.0,5372,64106,2023-03-26,588173,False,mobile,positive,#foodie #reels #lifestyle,0.065329298,3,4188.0,2023,3,March,Sunday,48703.150097465885,36–45
42921,40.0,male,brazil,499547,image,lifestyle,8622.0,1540.0,234.0,3525,44246,2022-06-10,176891,False,tablet,positive,#love #fashion,0.234959092,2,10396.0,2022,6,June,Friday,49193.1746031746,36–45
11524,45.0,male,germany,842462,reel,fashion,4683.0,2936.0,618.0,5308,13757,2022-04-15,282371,False,desktop,neutral,#love #lifestyle,0.598749727,2,8237.0,2022,4,April,Friday,48605.40612244898,36–45
25048,31.0,female,france,473555,text,music,18658.0,1861.0,1012.0,1796,83134,2022-04-02,540537,False,tablet,negative,#tech,0.261361176,1,21531.0,2022,4,April,Saturday,51727.67338709677,26–35
45111,40.0,male,japan,142262,text,fitness,3365.0,783.0,265.0,5562,799,2023-04-30,799416,False,tablet,positive,#fitness #travel #fun,5.523153942,3,4413.0,2023,4,April,Sunday,49616.13559322034,36–45
47904,64.0,other,germany,478358,video,fashion,17647.0,670.0,1667.0,3969,73201,2023-02-23,457287,False,tablet,neutral,#fashion #tech #travel,0.273001735,3,19984.0,2023,2,February,Thursday,48605.40612244898,56+
64912,61.0,male,uk,206435,reel,tech,4299.0,2769.0,1008.0,3059,7209,2023-02-25,29079,False,tablet,positive,#reels #love #music,1.120266334,3,8076.0,2023,2,February,Saturday,51119.39350912779,56+
44008,49.0,male,uk,710602,video,food,3733.0,2573.0,841.0,2177,74423,2023-12-17,379424,False,tablet,neutral,#fun #lifestyle,0.096032141,2,7147.0,2023,12,December,Sunday,51119.39350912779,46–55
10060,38.0,female,uk,814952,video,education,10105.5,2584.0,328.0,3556,50265,2023-07-06,565357,False,mobile,negative,#travel #fitness #fashion,0.091057396,3,13017.5,2023,7,July,Thursday,51119.39350912779,36–45
84666,47.0,male,uae,789286,video,lifestyle,860.0,846.0,1853.0,2050,25215,2022-02-23,674139,False,mobile,negative,#fitness #music #reels,0.141146143,3,3559.0,2022,2,February,Wednesday,48928.41351888668,46–55
93559,46.0,other,india,972719,video,music,17228.0,1241.0,1388.0,1989,81274,2023-08-24,243820,True,tablet,negative,#fashion #music #love,0.244321677,3,19857.0,2023,8,August,Thursday,52462.38691588785,46–55
65337,47.0,male,usa,743606,video,tech,11681.0,1277.0,682.0,7518,65647,2023-10-09,343513,False,tablet,negative,#music,0.207777964,1,13640.0,2023,10,October,Monday,51263.87225548902,46–55
23350,52.0,other,uae,492278,reel,fitness,16520.0,1384.0,1833.0,554,10235,2023-05-29,495896,False,mobile,positive,#love,1.928383,1,19737.0,2023,5,May,Monday,48928.41351888668,46–55
34354,28.0,female,usa,641816,image,fitness,11424.0,1497.0,23.0,7300,20943,2022-04-07,379726,False,tablet,positive,#reels,0.63080743,1,12944.0,2022,4,April,Thursday,51263.87225548902,26–35
55186,50.0,male,canada,100068,video,fashion,5786.0,2961.0,1284.0,5809,761,2023-07-22,200424,False,mobile,positive,#love,13.18134034,1,10031.0,2023,7,July,Saturday,48703.150097465885,46–55
38145,25.0,female,uk,955685,text,travel,9345.0,177.0,1378.0,5613,73017,2023-09-28,754161,False,tablet,neutral,#music #tech #fashion,0.149280305,3,10900.0,2023,9,September,Thursday,51119.39350912779,18–25
44020,35.0,male,australia,967186,reel,lifestyle,11598.0,275.0,195.0,265,61853,2022-07-04,630435,False,tablet,positive,#foodie #fitness #fashion,0.195107755,3,12068.0,2022,7,July,Monday,48346.38336713996,26–35
96123,34.0,other,japan,799328,video,lifestyle,8325.0,2359.0,610.0,922,22058,2023-03-09,559521,False,desktop,neutral,#love,0.512013782,1,11294.0,2023,3,March,Thursday,49616.13559322034,26–35
85186,28.0,female,brazil,453082,text,travel,18445.0,1665.0,1513.0,2071,9714,2023-04-16,102432,True,tablet,neutral,#fashion #lifestyle,2.225962528,2,21623.0,2023,4,April,Sunday,49193.1746031746,26–35
95469,40.0,male,japan,590395,video,fitness,4378.0,790.0,1911.0,533,71507,2022-05-05,45659,False,desktop,neutral,#lifestyle #love,0.098997301,2,7079.0,2022,5,May,Thursday,49616.13559322034,36–45
30581,60.0,other,australia,666417,image,fitness,11045.0,1676.0,1356.0,5976,66215,2022-11-30,300110,False,tablet,positive,#foodie #reels,0.212595333,2,14077.0,2022,11,November,Wednesday,48346.38336713996,56+
98929,47.0,female,brazil,354935,reel,education,3730.0,1424.0,612.0,6146,90473,2022-09-21,265229,False,desktop,positive,#lifestyle,0.063731721,1,5766.0,2022,9,September,Wednesday,49193.1746031746,46–55
33051,57.0,male,canada,476140,image,education,11684.0,1240.0,1012.0,3983,49747,2022-07-10,461126,False,mobile,positive,#lifestyle #foodie #reels,0.297726496,3,13936.0,2022,7,July,Sunday,48703.150097465885,56+
61474,58.0,female,australia,325760,text,lifestyle,6122.0,2745.0,1964.0,1693,79106,2023-12-28,350866,True,tablet,negative,#music,0.136917554,1,10831.0,2023,12,December,Thursday,48346.38336713996,56+
79626,38.0,male,uk,161321,video,education,1795.0,26.0,1978.0,4975,78715,2022-08-09,490224,False,mobile,positive,#fun,0.04826272,1,3799.0,2022,8,August,Tuesday,51119.39350912779,36–45
16960,56.0,other,australia,635814,image,education,10041.0,2960.0,631.0,6570,15750,2022-07-18,685484,False,desktop,positive,#love #fun #travel,0.86552381,3,13632.0,2022,7,July,Monday,48346.38336713996,56+
45772,34.0,other,uk,847812,image,music,8187.0,2469.0,320.0,2051,87954,2022-12-10,480112,True,desktop,neutral,#tech,0.124792505,1,10976.0,2022,12,December,Saturday,51119.39350912779,26–35
31520,33.0,female,australia,863871,video,food,4840.0,2548.0,1470.0,3690,13954,2022-06-23,548951,False,desktop,negative,#fashion,0.634800057,1,8858.0,2022,6,June,Thursday,48346.38336713996,26–35
59481,38.0,female,australia,584780,reel,lifestyle,10919.0,2955.0,1400.0,4903,67772,2022-08-05,5875,False,desktop,neutral,#lifestyle #reels,0.225373311,2,15274.0,2022,8,August,Friday,48346.38336713996,36–45
46408,52.0,male,germany,782069,text,fitness,3726.0,2372.0,202.0,2831,70699,2022-07-25,433853,False,mobile,neutral,#fashion,0.089110171,1,6300.0,2022,7,July,Monday,48605.40612244898,46–55
67134,33.0,other,japan,207535,reel,music,259.0,1347.0,1113.0,6646,54703,2023-08-02,696658,False,desktop,neutral,#tech #foodie #reels,0.049704769,3,2719.0,2023,8,August,Wednesday,49616.13559322034,26–35
30491,37.0,male,usa,115063,text,fitness,17625.0,1590.0,1730.0,4327,90717,2023-01-08,587026,False,tablet,positive,#tech #fashion,0.230882855,2,20945.0,2023,1,January,Sunday,51263.87225548902,36–45
11341,38.0,other,uae,760083,text,education,1843.0,1726.0,176.0,2920,89317,2022-06-23,538701,True,desktop,positive,#travel #lifestyle #reels,0.041929308,3,3745.0,2022,6,June,Thursday,48928.41351888668,36–45
54623,13.0,female,germany,628501,image,food,13754.0,284.0,626.0,4845,16690,2022-03-19,144111,False,mobile,positive,#fitness #tech,0.878609946,2,14664.0,2022,3,March,Saturday,48605.40612244898,Under 18
10338,18.0,male,usa,909229,video,education,2280.0,1112.0,1868.0,4167,44491,2022-11-19,452991,False,mobile,positive,#tech #reels #foodie,0.118226158,3,5260.0,2022,11,November,Saturday,51263.87225548902,Under 18
81431,35.0,male,germany,332842,reel,education,7796.0,1068.0,31.0,6231,35998,2023-07-08,669548,False,tablet,positive,#lifestyle,0.247097061,1,8895.0,2023,7,July,Saturday,48605.40612244898,26–35
22254,63.0,other,india,184946,image,tech,4567.0,2545.0,1903.0,4623,81091,2023-07-30,432738,False,mobile,neutral,#fun #lifestyle,0.1111714,2,9015.0,2023,7,July,Sunday,52462.38691588785,56+
61860,35.0,other,brazil,713206,image,tech,9300.0,911.0,945.0,885,18338,2023-01-19,753917,False,desktop,neutral,#reels #fun,0.608354237,2,11156.0,2023,1,January,Thursday,49193.1746031746,26–35
21344,55.0,other,uk,800577,image,food,1255.0,1814.0,726.0,6746,54830,2023-03-13,104876,True,tablet,positive,#travel,0.069213934,1,3795.0,2023,3,March,Monday,51119.39350912779,46–55
11750,55.0,female,uae,123655,reel,food,6462.0,2192.0,953.0,6593,38132,2022-07-18,359351,False,tablet,neutral,#fitness #fashion #travel,0.251940627,3,9607.0,2022,7,July,Monday,48928.41351888668,46–55
64756,35.0,male,germany,589100,image,tech,10432.0,2995.0,819.0,6139,18144,2023-08-25,414884,False,mobile,positive,#music #fitness,0.785163139,2,14246.0,2023,8,August,Friday,48605.40612244898,26–35
77957,44.0,other,germany,833350,video,tech,18042.0,81.0,790.0,6582,92793,2022-01-07,222277,False,tablet,positive,#travel,0.203819254,1,18913.0,2022,1,January,Friday,48605.40612244898,36–45
68053,42.0,female,canada,243659,image,tech,19032.0,979.0,242.0,7699,15812,2022-09-20,701473,True,desktop,neutral,#fitness #lifestyle #fashion,1.280862636,3,20253.0,2022,9,September,Tuesday,48703.150097465885,36–45
80855,25.0,other,australia,908987,image,tech,14942.0,1190.0,1821.0,1458,5079,2023-09-26,411270,False,desktop,negative,#tech #foodie,3.534750935,2,17953.0,2023,9,September,Tuesday,48346.38336713996,18–25
25896,55.0,male,india,652359,text,lifestyle,12150.0,1772.0,69.0,3795,74112,2023-11-07,125889,False,mobile,neutral,#music #love,0.188781844,2,13991.0,2023,11,November,Tuesday,52462.38691588785,46–55
65761,30.0,other,uae,906671,image,lifestyle,10105.5,1825.0,1014.0,3155,99122,2023-09-20,444861,False,desktop,neutral,#foodie,0.062650068,1,12944.5,2023,9,September,Wednesday,48928.41351888668,26–35
72552,35.0,male,uae,223441,reel,education,19813.0,2535.0,1094.0,3410,61432,2023-06-09,675630,False,desktop,positive,#love,0.381592655,1,23442.0,2023,6,June,Friday,48928.41351888668,26–35
87454,27.0,female,brazil,459282,reel,fashion,7620.0,1773.0,1646.0,4024,16741,2022-01-20,117861,False,mobile,neutral,#reels #music,0.65939908,2,11039.0,2022,1,January,Thursday,49193.1746031746,26–35
37935,45.0,female,uae,411295,video,education,2932.0,1333.0,157.0,6269,30811,2023-12-14,446149,False,desktop,positive,#music #fashion #fun,0.143520171,3,4422.0,2023,12,December,Thursday,48928.41351888668,36–45
47641,33.0,other,france,626491,reel,food,9778.0,2007.0,548.0,562,84617,2022-09-11,160146,False,mobile,positive,#tech #fashion #reels,0.145750854,3,12333.0,2022,9,September,Sunday,51727.67338709677,26–35
39711,51.0,male,uae,244707,reel,travel,10304.0,81.0,1839.0,7185,42982,2023-08-21,672931,False,mobile,positive,#fitness #tech,0.28439812,2,12224.0,2023,8,August,Monday,48928.41351888668,46–55
80342,35.0,male,germany,283643,image,fashion,8119.0,93.0,1951.0,6092,64252,2022-06-29,666163,False,mobile,neutral,#travel #fitness,0.158174065,2,10163.0,2022,6,June,Wednesday,48605.40612244898,26–35
22182,39.0,male,france,756504,video,travel,14557.0,1344.0,325.0,6992,40880,2022-12-19,438603,False,tablet,neutral,#tech,0.396917808,1,16226.0,2022,12,December,Monday,51727.67338709677,36–45
97833,57.0,other,usa,525915,reel,travel,14407.0,342.0,1058.0,4026,58683,2023-07-27,746194,True,desktop,neutral,#travel,0.269362507,1,15807.0,2023,7,July,Thursday,51263.87225548902,56+
66276,56.0,male,australia,839979,video,fitness,4983.0,2844.0,1503.0,7008,48673,2023-12-28,777435,False,desktop,positive,#music #tech #foodie,0.191687383,3,9330.0,2023,12,December,Thursday,48346.38336713996,56+
29541,30.0,male,france,453807,video,music,2521.0,2408.0,459.0,7796,27970,2022-08-03,31375,False,desktop,positive,#travel #fun,0.192634966,2,5388.0,2022,8,August,Wednesday,51727.67338709677,26–35
92310,36.0,male,usa,491988,text,food,19086.0,1854.0,1859.0,5755,88818,2022-12-24,156457,False,mobile,positive,#love #music #travel,0.256693463,3,22799.0,2022,12,December,Saturday,51263.87225548902,36–45
54813,63.0,male,india,374357,text,lifestyle,16402.0,1089.0,415.0,5659,35881,2023-08-25,664946,False,mobile,negative,#travel #foodie #lifestyle,0.499038488,3,17906.0,2023,8,August,Friday,52462.38691588785,56+
47198,38.0,other,japan,116944,image,fashion,18953.0,623.0,570.0,6084,54476,2023-08-31,293279,False,desktop,positive,#foodie,0.36981423,1,20146.0,2023,8,August,Thursday,49616.13559322034,36–45
18820,52.0,other,uk,691011,reel,education,16343.0,867.0,885.0,2971,21101,2023-07-27,426553,False,desktop,positive,#reels #fun,0.857542297,2,18095.0,2023,7,July,Thursday,51119.39350912779,46–55
34070,63.0,male,germany,299741,image,food,783.0,2476.0,1442.0,344,79701,2023-07-22,270194,False,desktop,positive,#music,0.058982949,1,4701.0,2023,7,July,Saturday,48605.40612244898,56+
79768,54.0,male,france,168947,image,tech,9898.0,170.0,510.0,6611,95308,2022-08-08,342971,False,desktop,positive,#reels #tech,0.110987535,2,10578.0,2022,8,August,Monday,51727.67338709677,46–55
21122,19.0,female,japan,265529,video,food,16798.0,1782.0,367.0,7124,987,2023-08-29,683601,False,tablet,positive,#travel,19.19655522,1,18947.0,2023,8,August,Tuesday,49616.13559322034,18–25
90559,62.0,female,australia,595927,video,travel,8555.0,577.0,911.0,6284,89301,2023-07-06,228964,False,mobile,positive,#fun #foodie,0.112462346,2,10043.0,2023,7,July,Thursday,48346.38336713996,56+
83543,60.0,male,canada,135191,video,lifestyle,10767.0,67.0,1910.0,5125,66380,2022-12-03,95210,False,tablet,neutral,#music #love #tech,0.191985538,3,12744.0,2022,12,December,Saturday,48703.150097465885,56+
93441,32.0,male,india,347129,image,tech,1103.0,1515.0,882.0,2716,89256,2022-11-15,13017,False,desktop,neutral,#foodie #music,0.03921305,2,3500.0,2022,11,November,Tuesday,52462.38691588785,26–35
51786,39.0,female,uk,622389,reel,food,5309.0,1057.0,206.0,7785,19920,2023-04-11,124531,False,mobile,neutral,#lifestyle #foodie #love,0.329919679,3,6572.0,2023,4,April,Tuesday,51119.39350912779,36–45
16737,18.0,female,australia,351767,image,food,1171.0,0.0,1384.0,2678,21647,2023-12-30,437840,False,tablet,neutral,#foodie,0.118030212,1,2555.0,2023,12,December,Saturday,48346.38336713996,Under 18
46062,39.0,male,india,172264,image,lifestyle,8634.0,2198.0,1459.0,1672,67340,2022-06-03,406512,False,tablet,positive,#fitness #lifestyle,0.182521533,2,12291.0,2022,6,June,Friday,52462.38691588785,36–45
64237,21.0,other,canada,288996,image,travel,6408.0,901.0,577.0,5660,57654,2022-12-17,203125,False,mobile,positive,#music #fitness,0.13678149,2,7886.0,2022,12,December,Saturday,48703.150097465885,18–25
61571,57.0,other,usa,526960,text,education,12135.0,1807.0,1797.0,5797,69700,2022-03-03,497641,False,tablet,positive,#fun #love,0.225810617,2,15739.0,2022,3,March,Thursday,51263.87225548902,56+
35510,43.0,male,canada,546640,text,tech,13710.0,2305.0,1293.0,7232,51208,2023-04-05,538685,True,desktop,positive,#travel,0.337994063,1,17308.0,2023,4,April,Wednesday,48703.150097465885,36–45
29426,33.0,male,france,581633,reel,travel,6636.0,749.0,1256.0,3127,10818,2022-08-28,524334,False,tablet,neutral,#reels #fitness #lifestyle,0.798761324,3,8641.0,2022,8,August,Sunday,51727.67338709677,26–35
47265,38.0,female,uk,309409,text,lifestyle,2589.0,2675.0,668.0,4893,50954,2022-07-09,329552,False,tablet,neutral,#fitness #travel,0.116418731,2,5932.0,2022,7,July,Saturday,51119.39350912779,36–45
27850,52.0,female,uae,569300,image,food,10031.0,1497.0,105.0,3953,4314,2022-05-26,477210,False,desktop,positive,#foodie,2.533611497,1,11633.0,2022,5,May,Thursday,48928.41351888668,46–55
76150,60.0,other,brazil,526102,text,education,10105.5,2066.0,665.0,1119,90697,2023-06-06,670792,False,desktop,positive,#lifestyle,0.137005634,1,12836.5,2023,6,June,Tuesday,49193.1746031746,56+
97312,57.0,male,germany,461990,text,fashion,15527.0,1819.0,1041.0,1912,59600,2022-10-19,211257,False,tablet,negative,#reels #tech #foodie,0.308506711,3,18387.0,2022,10,October,Wednesday,48605.40612244898,56+
99613,25.0,female,germany,709251,image,fashion,5722.0,2082.0,1518.0,3002,77138,2023-10-04,344493,False,desktop,positive,#foodie #lifestyle #love,0.12084835,3,9322.0,2023,10,October,Wednesday,48605.40612244898,18–25
84910,61.0,other,usa,887404,reel,fitness,13402.0,370.0,259.0,2262,42126,2022-03-01,98082,False,mobile,neutral,#fitness #reels #love,0.333072212,3,14031.0,2022,3,March,Tuesday,51263.87225548902,56+
62375,35.0,other,australia,461363,text,music,17106.0,2538.0,1508.0,742,97773,2023-04-18,116865,False,mobile,neutral,#reels #travel,0.216337844,2,21152.0,2023,4,April,Tuesday,48346.38336713996,26–35
45435,32.0,other,uk,237693,image,fashion,841.0,2864.0,312.0,4153,10107,2023-11-18,342490,False,desktop,negative,#tech,0.397447314,1,4017.0,2023,11,November,Saturday,51119.39350912779,26–35
67132,49.0,female,uae,322621,image,lifestyle,18731.0,2054.0,630.0,5001,49016,2022-03-14,664217,False,desktop,neutral,#love,0.436898156,1,21415.0,2022,3,March,Monday,48928.41351888668,46–55
88945,40.0,female,usa,149738,image,music,645.0,2596.0,1844.0,7659,39405,2022-08-27,164325,False,mobile,positive,#fashion #fun,0.129044537,2,5085.0,2022,8,August,Saturday,51263.87225548902,36–45
92050,29.0,male,brazil,288766,video,lifestyle,8215.0,370.0,1125.0,2452,28305,2023-02-20,431051,False,mobile,positive,#foodie #lifestyle #travel,0.343048931,3,9710.0,2023,2,February,Monday,49193.1746031746,26–35
12983,40.0,male,france,941209,image,lifestyle,19656.0,1688.0,536.0,5303,49449,2022-06-28,707711,False,tablet,neutral,#tech,0.442476086,1,21880.0,2022,6,June,Tuesday,51727.67338709677,36–45
30662,53.0,other,france,376674,text,tech,16390.0,756.0,1966.0,7449,40499,2022-03-08,460349,False,tablet,neutral,#tech #fashion #music,0.471912887,3,19112.0,2022,3,March,Tuesday,51727.67338709677,46–55
33510,14.0,other,uae,238426,text,fitness,3701.0,1138.0,1203.0,7950,97500,2023-08-16,550048,False,tablet,neutral,#lifestyle #love,0.061969231,2,6042.0,2023,8,August,Wednesday,48928.41351888668,Under 18
88187,37.0,female,uae,932961,image,tech,13908.0,1497.0,1533.0,2768,28047,2022-03-18,565749,False,tablet,positive,#foodie #fashion #music,0.599030199,3,16938.0,2022,3,March,Friday,48928.41351888668,36–45
50998,62.0,female,uae,989327,video,education,9463.0,2621.0,1500.0,7330,45375,2022-09-05,277967,False,mobile,negative,#foodie,0.299371901,1,13584.0,2022,9,September,Monday,48928.41351888668,56+
66846,53.0,male,canada,938146,video,music,12453.0,2728.0,673.0,7256,5063,2023-12-08,605031,False,mobile,positive,#fun #reels,3.131345052,2,15854.0,2023,12,December,Friday,48703.150097465885,46–55
16640,18.0,male,germany,319831,video,fashion,12715.0,1165.0,1423.0,782,47297,2022-03-09,15760,False,mobile,neutral,#fun #reels,0.323551177,2,15303.0,2022,3,March,Wednesday,48605.40612244898,Under 18
54547,23.0,male,japan,224750,text,education,5630.0,1497.0,349.0,96,22780,2023-07-22,647123,False,desktop,neutral,#tech #foodie,0.328665496,2,7476.0,2023,7,July,Saturday,49616.13559322034,18–25
64620,50.0,female,uk,545295,video,music,15902.0,1461.0,214.0,586,60016,2022-04-09,424837,False,mobile,neutral,#travel,0.292871901,1,17577.0,2022,4,April,Saturday,51119.39350912779,46–55
25317,18.0,other,japan,745171,reel,music,2556.0,2135.0,1406.0,5207,90122,2023-08-11,649923,True,desktop,negative,#foodie,0.067652737,1,6097.0,2023,8,August,Friday,49616.13559322034,Under 18
17564,57.0,male,canada,243622,reel,fashion,19338.0,462.0,1147.0,6661,97074,2023-08-01,743648,False,desktop,positive,#lifestyle #reels,0.215783835,2,20947.0,2023,8,August,Tuesday,48703.150097465885,56+
37345,23.0,male,australia,357391,video,food,7387.0,480.0,1315.0,6811,21346,2023-06-29,393977,False,desktop,neutral,#reels #tech #fun,0.430150848,3,9182.0,2023,6,June,Thursday,48346.38336713996,18–25
89273,26.0,female,france,450340,reel,tech,9858.0,822.0,1691.0,5182,62985,2023-06-26,382701,False,tablet,positive,#lifestyle #travel,0.196411844,2,12371.0,2023,6,June,Monday,51727.67338709677,26–35
84859,14.0,male,germany,422529,image,travel,13630.0,523.0,1728.0,4636,3441,2023-06-22,700059,False,desktop,negative,#tech #reels #music,4.615228131,3,15881.0,2023,6,June,Thursday,48605.40612244898,Under 18
90765,52.0,other,uae,951168,video,education,4661.0,2258.0,327.0,4911,7847,2023-12-23,387052,False,mobile,negative,#fun,0.92341022,1,7246.0,2023,12,December,Saturday,48928.41351888668,46–55
84038,15.0,female,brazil,916700,video,food,3801.0,243.0,1588.0,2238,74084,2022-11-20,520106,False,mobile,negative,#travel #foodie,0.076021813,2,5632.0,2022,11,November,Sunday,49193.1746031746,Under 18
62393,47.0,male,brazil,605871,video,tech,7413.0,238.0,1705.0,916,76576,2022-05-03,269633,False,mobile,positive,#fashion #travel,0.122179273,2,9356.0,2022,5,May,Tuesday,49193.1746031746,46–55
76081,45.0,male,brazil,759650,image,music,17547.0,1220.0,846.0,6859,81232,2022-02-02,243947,False,mobile,positive,#music #fitness #fashion,0.241444258,3,19613.0,2022,2,February,Wednesday,49193.1746031746,36–45
39430,36.0,female,uk,548250,image,lifestyle,12071.0,768.0,97.0,3349,63509,2023-10-17,223933,True,mobile,positive,#music #foodie #fun,0.203687666,3,12936.0,2023,10,October,Tuesday,51119.39350912779,36–45
85532,31.0,female,uae,916570,video,fitness,17665.0,234.0,658.0,2586,30727,2022-05-25,694464,False,mobile,negative,#fitness #reels #fashion,0.603931396,3,18557.0,2022,5,May,Wednesday,48928.41351888668,26–35
37788,30.0,male,germany,350927,text,education,10105.5,2234.0,299.0,4180,83687,2023-06-01,791070,False,desktop,positive,#fun #tech #travel,0.159989007,3,12638.5,2023,6,June,Thursday,48605.40612244898,26–35
58543,61.0,other,france,486794,text,tech,11087.0,2760.0,29.0,5454,88334,2023-11-04,531849,False,mobile,negative,#tech,0.157085607,1,13876.0,2023,11,November,Saturday,51727.67338709677,56+
23919,64.0,female,japan,899864,reel,fitness,8187.0,496.0,1097.0,2488,72049,2022-11-06,453156,False,desktop,positive,#reels #lifestyle #tech,0.135740954,3,9780.0,2022,11,November,Sunday,49616.13559322034,56+
79346,36.0,other,uae,691346,image,education,16686.0,1519.0,171.0,3793,84668,2022-05-24,22724,False,tablet,neutral,#reels,0.217035952,1,18376.0,2022,5,May,Tuesday,48928.41351888668,36–45
49974,57.0,male,uae,158175,reel,fitness,13805.0,1903.0,1017.0,7817,71370,2023-10-26,581158,True,mobile,positive,#fitness #fashion,0.234342161,2,16725.0,2023,10,October,Thursday,48928.41351888668,56+
26371,47.0,other,canada,133329,reel,education,8947.0,2234.0,1908.0,2837,41696,2023-06-01,103811,False,tablet,neutral,#travel #music,0.313915004,2,13089.0,2023,6,June,Thursday,48703.150097465885,46–55
55084,38.0,male,australia,505544,video,fashion,9418.0,1634.0,922.0,7339,30886,2022-07-14,361606,False,tablet,positive,#music,0.38768374,1,11974.0,2022,7,July,Thursday,48346.38336713996,36–45
39629,48.0,male,brazil,527463,text,travel,7575.0,935.0,83.0,5971,83599,2023-04-28,601004,True,tablet,negative,#fun #lifestyle #fitness,0.102788311,3,8593.0,2023,4,April,Friday,49193.1746031746,46–55
61184,37.0,male,usa,368821,reel,education,9425.0,1268.0,984.0,2386,24099,2023-09-29,543576,True,mobile,positive,#reels,0.484542927,1,11677.0,2023,9,September,Friday,51263.87225548902,36–45
71916,57.0,male,germany,150357,video,music,5978.0,2360.0,1608.0,5787,16618,2023-04-20,64383,False,desktop,negative,#lifestyle #reels,0.598507642,2,9946.0,2023,4,April,Thursday,48605.40612244898,56+
83972,61.0,other,canada,155812,image,tech,14436.0,818.0,1767.0,7396,28507,2023-08-11,347328,False,tablet,negative,#reels,0.597081419,1,17021.0,2023,8,August,Friday,48703.150097465885,56+
72187,55.0,male,australia,665904,reel,travel,9089.0,21.0,1313.0,1841,64403,2022-06-18,189356,False,mobile,positive,#fashion #foodie,0.161840287,2,10423.0,2022,6,June,Saturday,48346.38336713996,46–55
22984,46.0,male,australia,554500,text,fitness,8154.0,2115.0,638.0,1202,29601,2023-12-30,42344,False,desktop,positive,#travel #foodie,0.368467282,2,10907.0,2023,12,December,Saturday,48346.38336713996,46–55
43039,37.0,other,india,542957,image,fashion,8183.0,2439.0,84.0,5366,35380,2022-07-02,478626,False,tablet,positive,#fun #travel,0.302600339,2,10706.0,2022,7,July,Saturday,52462.38691588785,36–45
95431,28.0,female,brazil,546694,video,education,3362.0,1088.0,1277.0,5099,55357,2022-04-23,333556,False,mobile,positive,#music #travel #foodie,0.103455751,3,5727.0,2022,4,April,Saturday,49193.1746031746,26–35
93691,46.0,other,india,285128,image,travel,11101.0,1827.0,663.0,4769,29145,2022-10-03,689897,True,desktop,positive,#lifestyle #love #fitness,0.466323555,3,13591.0,2022,10,October,Monday,52462.38691588785,46–55
68606,41.0,other,canada,584699,reel,food,9646.0,1990.0,1847.0,5794,92455,2023-04-21,68446,False,desktop,positive,#reels #fashion #music,0.145833108,3,13483.0,2023,4,April,Friday,48703.150097465885,36–45
20616,31.0,other,australia,407678,image,fitness,18396.0,728.0,518.0,729,88867,2022-06-27,175594,False,mobile,neutral,#fitness,0.221026928,1,19642.0,2022,6,June,Monday,48346.38336713996,26–35
60072,35.0,male,usa,310128,image,food,17484.0,2588.0,1475.0,316,24532,2023-09-29,24335,False,tablet,positive,#fashion #music,0.878322191,2,21547.0,2023,9,September,Friday,51263.87225548902,26–35
34574,31.0,male,germany,688450,image,lifestyle,10105.5,2615.0,1330.0,7453,55797,2022-10-18,151351,True,mobile,negative,#lifestyle #reels #fashion,0.353065577,3,14050.5,2022,10,October,Tuesday,48605.40612244898,26–35
13430,37.0,male,india,931143,text,travel,5104.0,1873.0,1671.0,75,26845,2023-03-10,549751,True,tablet,positive,#reels #foodie #music,0.322145651,3,8648.0,2023,3,March,Friday,52462.38691588785,36–45
22676,28.0,female,australia,253877,reel,travel,9512.0,2947.0,183.0,5069,29543,2023-04-08,148432,False,mobile,neutral,#fitness #travel #fashion,0.427918627,3,12642.0,2023,4,April,Saturday,48346.38336713996,26–35
20816,63.0,male,germany,982412,video,travel,16069.0,211.0,972.0,3046,45017,2023-02-21,69191,False,desktop,negative,#love #music,0.383233001,2,17252.0,2023,2,February,Tuesday,48605.40612244898,56+
42733,21.0,female,brazil,906575,text,lifestyle,16306.0,1773.0,1337.0,7619,34100,2023-12-12,377222,True,desktop,positive,#fashion #foodie #travel,0.569384164,3,19416.0,2023,12,December,Tuesday,49193.1746031746,18–25
95680,13.0,male,japan,208380,reel,music,16255.0,199.0,340.0,203,44432,2022-05-18,77163,False,desktop,neutral,#reels,0.377970832,1,16794.0,2022,5,May,Wednesday,49616.13559322034,Under 18
12050,54.0,other,germany,817833,video,tech,4502.0,986.0,226.0,7895,95932,2023-05-04,548855,False,desktop,neutral,#fun,0.059563024,1,5714.0,2023,5,May,Thursday,48605.40612244898,46–55
43933,31.0,male,australia,247089,video,fitness,15252.0,177.0,836.0,6567,59124,2023-12-31,769998,False,desktop,positive,#love,0.27509979,1,16265.0,2023,12,December,Sunday,48346.38336713996,26–35
34951,45.0,female,canada,556418,video,fitness,6037.0,1446.0,1779.0,5854,92121,2022-06-17,209897,False,mobile,negative,#fitness #lifestyle #foodie,0.100541679,3,9262.0,2022,6,June,Friday,48703.150097465885,36–45
42413,46.0,female,india,584075,reel,education,17539.0,930.0,263.0,4288,5753,2022-05-14,492703,False,mobile,neutral,#fitness #reels,3.256040327,2,18732.0,2022,5,May,Saturday,52462.38691588785,46–55
44801,28.0,male,india,141423,video,education,9292.0,2036.0,449.0,7460,55178,2022-06-10,676796,False,mobile,positive,#fashion,0.213436515,1,11777.0,2022,6,June,Friday,52462.38691588785,26–35
65619,56.0,other,france,141713,video,education,14466.0,1485.0,1274.0,3775,69725,2023-01-12,636385,False,tablet,negative,#fun,0.247041951,1,17225.0,2023,1,January,Thursday,51727.67338709677,56+
42913,52.0,male,australia,581072,text,fitness,996.0,2091.0,1431.0,2944,25294,2022-11-26,158087,False,tablet,neutral,#lifestyle,0.178619435,1,4518.0,2022,11,November,Saturday,48346.38336713996,46–55
50600,30.0,male,france,698598,video,tech,9627.0,1454.0,169.0,6924,65619,2023-01-30,672621,False,desktop,neutral,#reels,0.171444246,1,11250.0,2023,1,January,Monday,51727.67338709677,26–35
67775,46.0,male,usa,888637,image,music,18929.0,167.0,565.0,7580,43848,2022-06-21,731864,False,desktop,negative,#lifestyle #music,0.448389892,2,19661.0,2022,6,June,Tuesday,51263.87225548902,46–55
45400,37.0,other,usa,415410,text,travel,4984.0,2334.0,1935.0,5558,92121,2023-04-15,321719,False,desktop,positive,#reels,0.100443981,1,9253.0,2023,4,April,Saturday,51263.87225548902,36–45
14494,57.0,female,australia,767702,text,travel,16737.0,2756.0,131.0,6444,52096,2023-02-26,103503,False,tablet,negative,#music,0.376689189,1,19624.0,2023,2,February,Sunday,48346.38336713996,56+
90688,18.0,other,india,818550,reel,lifestyle,2318.0,2384.0,826.0,4355,45738,2022-09-13,580508,True,tablet,positive,#travel #music #fun,0.120862303,3,5528.0,2022,9,September,Tuesday,52462.38691588785,Under 18
99431,33.0,female,brazil,706151,video,food,13703.0,585.0,605.0,7359,63244,2023-11-11,201749,False,mobile,positive,#reels #music #tech,0.235484789,3,14893.0,2023,11,November,Saturday,49193.1746031746,26–35
84691,18.0,female,uk,776560,image,tech,12719.0,1915.0,1069.0,7438,58140,2022-04-30,377266,False,tablet,neutral,#lifestyle #tech #music,0.270089439,3,15703.0,2022,4,April,Saturday,51119.39350912779,Under 18
53001,44.0,female,usa,238260,image,fashion,2519.0,2230.0,349.0,3051,80383,2022-01-19,320135,False,desktop,positive,#fun,0.06342137,1,5098.0,2022,1,January,Wednesday,51263.87225548902,36–45
77364,53.0,other,india,488377,video,tech,5427.0,15.0,98.0,2663,28080,2022-09-04,360506,False,mobile,negative,#lifestyle #fashion #fun,0.197293447,3,5540.0,2022,9,September,Sunday,52462.38691588785,46–55
55028,60.0,male,uae,364952,video,lifestyle,4603.0,1603.0,1769.0,431,27111,2022-07-24,589790,False,tablet,negative,#lifestyle #fitness,0.294161042,2,7975.0,2022,7,July,Sunday,48928.41351888668,56+
47573,55.0,male,uae,375995,reel,music,18468.0,2934.0,1804.0,2763,26186,2023-02-24,258233,False,mobile,positive,#fun #fashion,0.886198732,2,23206.0,2023,2,February,Friday,48928.41351888668,46–55
10806,51.0,male,france,574106,image,food,899.0,836.0,1060.0,4791,89569,2022-03-08,574803,False,tablet,negative,#reels #tech,0.031204993,2,2795.0,2022,3,March,Tuesday,51727.67338709677,46–55
66638,43.0,male,germany,296000,text,food,16846.0,2157.0,1461.0,7384,70598,2022-12-08,406529,False,tablet,positive,#fun,0.289866568,1,20464.0,2022,12,December,Thursday,48605.40612244898,36–45
39757,54.0,male,brazil,623047,reel,education,17885.0,1576.0,1968.0,3162,43378,2022-12-11,721924,False,tablet,positive,#music #love #fashion,0.494006178,3,21429.0,2022,12,December,Sunday,49193.1746031746,46–55
44636,22.0,other,france,508274,reel,education,12068.0,305.0,1008.0,197,66493,2023-11-28,194233,False,desktop,positive,#music #fitness #lifestyle,0.201239228,3,13381.0,2023,11,November,Tuesday,51727.67338709677,18–25
90097,42.0,other,uae,638908,text,food,17099.0,2053.0,74.0,5078,65258,2023-01-22,282301,False,tablet,neutral,#lifestyle,0.29461522,1,19226.0,2023,1,January,Sunday,48928.41351888668,36–45
58280,64.0,other,brazil,687283,reel,travel,5330.0,2890.0,57.0,7566,93941,2022-12-08,477276,False,desktop,positive,#love #fashion #tech,0.088108494,3,8277.0,2022,12,December,Thursday,49193.1746031746,56+
34262,30.0,other,uk,589982,video,fashion,19995.0,1716.0,1042.0,38,63736,2022-04-18,666778,False,mobile,neutral,#tech #music #fashion,0.356988201,3,22753.0,2022,4,April,Monday,51119.39350912779,26–35
90435,36.0,other,germany,660969,text,food,9180.0,360.0,401.0,6852,53534,2023-11-08,223081,False,tablet,positive,#foodie #fashion #reels,0.185695072,3,9941.0,2023,11,November,Wednesday,48605.40612244898,36–45
72211,64.0,other,france,950941,text,fitness,16595.0,1208.0,187.0,2518,16503,2023-09-25,478288,False,desktop,positive,#lifestyle #fun #love,1.090104829,3,17990.0,2023,9,September,Monday,51727.67338709677,56+
64842,21.0,other,uae,576555,image,travel,17137.0,1858.0,1936.0,2126,54709,2023-02-06,757458,False,desktop,positive,#travel #music,0.382587874,2,20931.0,2023,2,February,Monday,48928.41351888668,18–25
66979,43.0,male,usa,167703,text,music,15473.0,2703.0,138.0,728,2520,2023-08-19,269124,False,mobile,positive,#travel,7.267460317,1,18314.0,2023,8,August,Saturday,51263.87225548902,36–45
91470,27.0,female,usa,823040,reel,music,3750.0,1971.0,142.0,3899,11318,2022-10-29,296750,False,mobile,positive,#tech #travel,0.518024386,2,5863.0,2022,10,October,Saturday,51263.87225548902,26–35
48197,16.0,male,france,863416,image,fashion,10105.5,1123.0,1991.0,3165,40791,2022-04-17,738572,False,mobile,negative,#travel #fitness #love,0.367605599,3,13219.5,2022,4,April,Sunday,51727.67338709677,Under 18
51844,52.0,female,uk,404280,reel,fitness,19606.0,1113.0,107.0,4779,82086,2023-09-27,796681,False,tablet,negative,#love,0.253709524,1,20826.0,2023,9,September,Wednesday,51119.39350912779,46–55
74754,21.0,other,uk,322452,video,fashion,16819.0,983.0,220.0,6186,30234,2023-08-08,565410,False,tablet,negative,#love #tech #travel,0.596083879,3,18022.0,2023,8,August,Tuesday,51119.39350912779,18–25
44157,57.0,other,australia,613795,video,lifestyle,4929.0,1269.0,144.0,4227,3233,2023-04-22,703245,False,mobile,neutral,#love #fitness #travel,1.96164553,3,6342.0,2023,4,April,Saturday,48346.38336713996,56+
87129,21.0,male,germany,980131,image,fashion,14796.0,2771.0,857.0,2124,61001,2022-12-03,36584,False,tablet,positive,#reels #foodie,0.302027836,2,18424.0,2022,12,December,Saturday,48605.40612244898,18–25
50042,38.0,female,india,450600,image,fitness,18344.0,2162.0,509.0,6065,99189,2023-04-05,576821,False,desktop,neutral,#music #fitness #fun,0.211868252,3,21015.0,2023,4,April,Wednesday,52462.38691588785,36–45
71665,16.0,male,uk,183086,reel,tech,5813.0,2323.0,375.0,7399,65470,2022-11-09,405000,False,desktop,neutral,#music,0.129998473,1,8511.0,2022,11,November,Wednesday,51119.39350912779,Under 18
92856,29.0,male,germany,791703,video,fashion,1724.0,2127.0,4.0,4134,47154,2022-06-03,591237,False,tablet,positive,#love #travel #fun,0.081753404,3,3855.0,2022,6,June,Friday,48605.40612244898,26–35
37376,28.0,female,uk,479673,image,tech,1494.0,178.0,1980.0,7733,40603,2023-09-01,11161,False,tablet,negative,#fun #fashion,0.089944093,2,3652.0,2023,9,September,Friday,51119.39350912779,26–35
65554,27.0,male,australia,380398,video,fashion,18363.0,560.0,387.0,6294,81771,2022-12-15,436519,True,desktop,positive,#travel #lifestyle #love,0.236147289,3,19310.0,2022,12,December,Thursday,48346.38336713996,26–35
24199,47.0,other,japan,423417,video,lifestyle,8437.0,2556.0,567.0,3771,50670,2023-08-17,261739,True,desktop,neutral,#lifestyle,0.228142885,1,11560.0,2023,8,August,Thursday,49616.13559322034,46–55
91412,64.0,other,uk,552827,video,fitness,7160.0,2307.0,1790.0,7119,69326,2023-06-13,563758,False,tablet,positive,#fitness #fashion,0.162377751,2,11257.0,2023,6,June,Tuesday,51119.39350912779,56+
60948,17.0,other,germany,217574,reel,fashion,8575.0,1809.0,983.0,5538,99951,2022-10-27,626017,False,tablet,positive,#music #fitness #lifestyle,0.113725726,3,11367.0,2022,10,October,Thursday,48605.40612244898,Under 18
83781,17.0,other,australia,739135,reel,food,284.0,291.0,1994.0,7989,45331,2023-11-23,667561,False,mobile,negative,#reels #tech,0.056672035,2,2569.0,2023,11,November,Thursday,48346.38336713996,Under 18
82750,32.0,other,australia,205547,video,lifestyle,15315.0,2932.0,1757.0,3257,82378,2023-12-29,147373,False,mobile,neutral,#foodie #tech #music,0.242831824,3,20004.0,2023,12,December,Friday,48346.38336713996,26–35
76262,27.0,male,germany,553218,video,food,5083.0,290.0,1895.0,6461,48034,2023-06-18,134554,False,tablet,negative,#music #foodie #fun,0.151309489,3,7268.0,2023,6,June,Sunday,48605.40612244898,26–35
56600,30.0,male,germany,637214,video,music,8491.0,541.0,559.0,5583,1662,2022-08-24,671484,False,desktop,positive,#fun,5.770758123,1,9591.0,2022,8,August,Wednesday,48605.40612244898,26–35
86898,59.0,other,usa,854719,text,music,900.0,1497.0,1839.0,5551,70022,2022-07-30,620637,False,tablet,neutral,#music #love,0.066379138,2,4236.0,2022,7,July,Saturday,51263.87225548902,56+
72483,14.0,other,japan,557480,text,lifestyle,1459.0,2811.0,1186.0,3206,18661,2022-10-13,38256,False,desktop,neutral,#tech,0.292374471,1,5456.0,2022,10,October,Thursday,49616.13559322034,Under 18
28297,41.0,male,australia,608237,reel,lifestyle,13680.0,593.0,1771.0,5622,53062,2023-02-27,14992,True,tablet,neutral,#love #travel #fashion,0.302363273,3,16044.0,2023,2,February,Monday,48346.38336713996,36–45
40448,25.0,female,usa,611500,video,education,19305.0,1428.0,1783.0,7852,33346,2023-12-20,521754,False,tablet,negative,#tech #travel,0.675223415,2,22516.0,2023,12,December,Wednesday,51263.87225548902,18–25
36172,16.0,male,brazil,451671,text,fashion,2533.0,947.0,364.0,5388,82667,2023-05-09,678446,False,desktop,neutral,#fashion,0.046499813,1,3844.0,2023,5,May,Tuesday,49193.1746031746,Under 18
52874,54.0,male,france,469531,image,fitness,6579.0,2527.0,416.0,6580,363,2023-02-23,106042,False,desktop,neutral,#travel #love #reels,26.23140496,3,9522.0,2023,2,February,Thursday,51727.67338709677,46–55
17657,57.0,male,france,389707,image,education,17189.0,1348.0,1532.0,6770,89122,2022-12-11,65893,False,tablet,positive,#music #fashion #foodie,0.225185701,3,20069.0,2022,12,December,Sunday,51727.67338709677,56+
94386,22.0,male,australia,265202,video,fitness,7595.0,380.0,1635.0,7665,6746,2023-06-07,664948,True,desktop,positive,#fashion #music #fitness,1.42454788,3,9610.0,2023,6,June,Wednesday,48346.38336713996,18–25
35425,43.0,male,usa,887357,text,travel,18612.0,1497.0,20.0,7900,97539,2022-11-15,484244,True,desktop,positive,#music,0.208490963,1,20129.0,2022,11,November,Tuesday,51263.87225548902,36–45
36685,53.0,female,japan,675883,image,fitness,1921.0,309.0,613.0,2598,76784,2022-12-08,318401,False,tablet,positive,#music,0.037025943,1,2843.0,2022,12,December,Thursday,49616.13559322034,46–55
34578,20.0,other,japan,230249,reel,tech,4972.0,1693.0,516.0,4435,91773,2023-01-14,138931,False,mobile,neutral,#fun,0.078247415,1,7181.0,2023,1,January,Saturday,49616.13559322034,18–25
38831,15.0,other,brazil,640609,image,fashion,2387.0,1498.0,1983.0,3313,26112,2023-06-30,587861,False,mobile,neutral,#music #fun #foodie,0.224724265,3,5868.0,2023,6,June,Friday,49193.1746031746,Under 18
17906,60.0,female,australia,267820,reel,food,10730.0,2894.0,1220.0,1244,47678,2023-09-25,235162,False,desktop,neutral,#fitness #lifestyle,0.311338563,2,14844.0,2023,9,September,Monday,48346.38336713996,56+
71413,58.0,other,uk,795388,image,fitness,14830.0,2472.0,660.0,4087,80859,2023-11-26,701176,False,tablet,positive,#fashion #lifestyle #music,0.222139774,3,17962.0,2023,11,November,Sunday,51119.39350912779,56+
64028,21.0,other,brazil,378295,image,food,1996.0,1165.0,1368.0,657,18489,2023-08-13,423252,False,desktop,neutral,#fitness #music,0.244956461,2,4529.0,2023,8,August,Sunday,49193.1746031746,18–25
17287,42.0,male,usa,176133,text,travel,4825.0,660.0,329.0,2965,79989,2023-09-27,237481,False,tablet,neutral,#music #travel,0.072684994,2,5814.0,2023,9,September,Wednesday,51263.87225548902,36–45
43660,23.0,female,uk,134187,image,fashion,5282.0,2273.0,377.0,1699,52392,2022-07-27,548431,False,mobile,negative,#fashion,0.15139716,1,7932.0,2022,7,July,Wednesday,51119.39350912779,18–25
85758,47.0,female,france,143835,image,fitness,13869.0,1497.0,1234.0,4456,25583,2022-07-05,555998,False,mobile,neutral,#fitness #lifestyle,0.648868389,2,16600.0,2022,7,July,Tuesday,51727.67338709677,46–55
70504,49.0,other,canada,362203,reel,education,18887.0,2072.0,159.0,6068,32997,2022-01-17,605170,False,mobile,neutral,#fashion,0.639997576,1,21118.0,2022,1,January,Monday,48703.150097465885,46–55
69720,38.0,other,france,594044,reel,food,15451.0,2142.0,657.0,3043,41997,2022-10-17,657693,False,desktop,neutral,#foodie #fun,0.434554849,2,18250.0,2022,10,October,Monday,51727.67338709677,36–45
44701,25.0,other,australia,316789,image,education,104.0,2555.0,1593.0,6914,20202,2022-09-11,368050,False,mobile,positive,#music #love,0.21047421,2,4252.0,2022,9,September,Sunday,48346.38336713996,18–25
93300,48.0,male,germany,127235,video,lifestyle,8630.0,564.0,353.0,6333,82834,2023-09-03,424346,False,mobile,positive,#music,0.115254606,1,9547.0,2023,9,September,Sunday,48605.40612244898,46–55
27674,25.0,male,france,718496,image,education,17905.0,1605.0,1263.0,6556,94174,2023-03-22,110570,False,desktop,neutral,#music #lifestyle,0.220581052,2,20773.0,2023,3,March,Wednesday,51727.67338709677,18–25
93560,24.0,male,uae,167114,image,fitness,1351.0,1199.0,78.0,4424,71485,2023-04-01,513329,False,tablet,positive,#reels #travel,0.036762957,2,2628.0,2023,4,April,Saturday,48928.41351888668,18–25
33874,49.0,female,france,800726,text,travel,2698.0,643.0,151.0,1799,93593,2022-05-27,25493,False,mobile,positive,#fitness #fashion,0.037310483,2,3492.0,2022,5,May,Friday,51727.67338709677,46–55
53642,22.0,other,france,753479,image,education,19996.0,1431.0,1012.0,5341,65650,2022-04-24,132504,False,tablet,positive,#foodie #lifestyle #tech,0.334242193,3,22439.0,2022,4,April,Sunday,51727.67338709677,18–25
75160,21.0,female,france,999263,image,lifestyle,16892.0,2537.0,382.0,5963,13907,2022-04-07,609872,False,tablet,negative,#music #travel #foodie,1.424534407,3,19811.0,2022,4,April,Thursday,51727.67338709677,18–25
27602,64.0,female,france,484033,reel,food,15300.0,1950.0,692.0,5805,75865,2023-01-17,518218,True,desktop,positive,#fitness,0.236499044,1,17942.0,2023,1,January,Tuesday,51727.67338709677,56+
98801,19.0,female,uk,881345,reel,food,5310.0,458.0,351.0,6235,69124,2023-01-11,486240,False,tablet,neutral,#fun #foodie #fitness,0.088522076,3,6119.0,2023,1,January,Wednesday,51119.39350912779,18–25
35931,14.0,other,uk,705871,reel,fashion,6190.0,2948.0,1224.0,4535,46162,2023-05-21,89065,False,tablet,negative,#fun #foodie #tech,0.224470344,3,10362.0,2023,5,May,Sunday,51119.39350912779,Under 18
39192,35.0,male,france,132160,reel,education,10105.5,337.0,950.0,7273,25382,2022-11-18,467977,False,desktop,positive,#reels,0.569419274,1,11392.5,2022,11,November,Friday,51727.67338709677,26–35
56542,51.0,other,india,985443,image,education,17658.0,1354.0,132.0,6388,99106,2022-11-24,771122,False,tablet,neutral,#fashion #travel #foodie,0.193166912,3,19144.0,2022,11,November,Thursday,52462.38691588785,46–55
52520,52.0,other,india,891709,video,fashion,2822.0,1497.0,1988.0,7472,72211,2022-12-15,190871,True,mobile,neutral,#travel,0.09448699,1,6307.0,2022,12,December,Thursday,52462.38691588785,46–55
74772,51.0,male,uk,866809,text,food,16447.0,344.0,633.0,3626,14372,2022-06-19,549031,True,desktop,neutral,#love,1.212357362,1,17424.0,2022,6,June,Sunday,51119.39350912779,46–55
68762,33.0,female,canada,947182,text,lifestyle,3921.0,575.0,168.0,3977,53383,2022-11-03,35344,False,desktop,negative,#foodie #fitness #love,0.087368638,3,4664.0,2022,11,November,Thursday,48703.150097465885,26–35
60106,38.0,female,germany,681190,video,music,10105.5,1570.0,865.0,7052,54094,2022-07-18,514556,False,desktop,neutral,#fun #reels,0.363774171,2,12540.5,2022,7,July,Monday,48605.40612244898,36–45
91121,41.0,male,brazil,311270,video,education,11019.0,1547.0,390.0,1976,88180,2022-06-26,190626,False,mobile,positive,#fun #lifestyle #fashion,0.146926741,3,12956.0,2022,6,June,Sunday,49193.1746031746,36–45
35559,26.0,male,uae,741137,text,music,1547.0,942.0,1881.0,7937,55909,2022-05-04,615668,False,tablet,positive,#fun,0.078162729,1,4370.0,2022,5,May,Wednesday,48928.41351888668,26–35
43742,38.0,male,uae,197052,image,fashion,2076.0,345.0,1408.0,4928,80004,2022-06-06,476229,True,tablet,neutral,#foodie #music #travel,0.047860107,3,3829.0,2022,6,June,Monday,48928.41351888668,36–45
79669,63.0,other,france,752182,text,music,13962.0,324.0,819.0,3669,39360,2023-08-30,32079,False,tablet,negative,#lifestyle #foodie #travel,0.383765244,3,15105.0,2023,8,August,Wednesday,51727.67338709677,56+
90199,17.0,female,canada,263233,video,food,16820.0,2514.0,97.0,4192,5599,2022-10-13,739835,False,mobile,positive,#foodie #fashion #lifestyle,3.47044115,3,19431.0,2022,10,October,Thursday,48703.150097465885,Under 18
31754,43.0,other,india,537715,image,lifestyle,13908.0,2138.0,1817.0,6095,84575,2023-09-03,306968,False,tablet,neutral,#love #foodie,0.211208986,2,17863.0,2023,9,September,Sunday,52462.38691588785,36–45
13972,37.0,male,india,787246,text,tech,3657.0,293.0,1400.0,937,29417,2022-08-23,679552,False,tablet,positive,#reels #fun,0.181867628,2,5350.0,2022,8,August,Tuesday,52462.38691588785,36–45
80831,43.0,female,canada,502016,image,fitness,17146.0,523.0,991.0,7097,11278,2023-12-03,494257,False,mobile,positive,#travel #reels,1.654548679,2,18660.0,2023,12,December,Sunday,48703.150097465885,36–45
51873,62.0,male,germany,149460,image,education,735.0,2897.0,1982.0,5596,4039,2022-10-21,336174,True,mobile,positive,#music,1.389948007,1,5614.0,2022,10,October,Friday,48605.40612244898,56+
19903,32.0,female,uk,491568,video,tech,7214.0,258.0,779.0,1289,96237,2022-01-18,657039,False,tablet,negative,#tech,0.085736255,1,8251.0,2022,1,January,Tuesday,51119.39350912779,26–35
13020,56.0,female,germany,170975,reel,tech,11856.0,1110.0,1861.0,4670,90696,2022-06-23,756423,False,mobile,negative,#fun #music #love,0.163480198,3,14827.0,2022,6,June,Thursday,48605.40612244898,56+
51755,29.0,male,australia,640856,text,fitness,4094.0,1517.0,339.0,2150,81342,2023-02-07,310686,False,mobile,positive,#tech #love #fashion,0.073147943,3,5950.0,2023,2,February,Tuesday,48346.38336713996,26–35
95956,57.0,other,australia,269164,video,food,4728.0,2233.0,1554.0,7421,69310,2023-01-16,635598,False,mobile,positive,#music,0.122853845,1,8515.0,2023,1,January,Monday,48346.38336713996,56+
96988,14.0,male,india,686967,text,music,3729.0,2391.0,1999.0,7622,27387,2022-04-30,798005,True,desktop,positive,#tech #foodie #travel,0.296454522,3,8119.0,2022,4,April,Saturday,52462.38691588785,Under 18
55648,37.0,other,brazil,165781,reel,food,7241.0,820.0,131.0,4924,58457,2022-04-06,331773,False,desktop,positive,#lifestyle,0.140137195,1,8192.0,2022,4,April,Wednesday,49193.1746031746,36–45
19516,25.0,other,australia,370574,reel,fashion,17460.0,1892.0,1631.0,512,9254,2022-01-31,166549,False,tablet,neutral,#fun #music #foodie,2.267451913,3,20983.0,2022,1,January,Monday,48346.38336713996,18–25
12396,51.0,other,india,566935,reel,travel,10472.0,2788.0,209.0,4761,58016,2022-04-07,464043,False,tablet,positive,#fitness #fashion,0.232160094,2,13469.0,2022,4,April,Thursday,52462.38691588785,46–55
94082,40.0,female,france,662980,reel,food,1830.0,1539.0,1028.0,1516,88701,2023-04-15,16053,True,mobile,negative,#fun,0.049571031,1,4397.0,2023,4,April,Saturday,51727.67338709677,36–45
29129,54.0,other,japan,130086,text,music,10090.0,568.0,376.0,5380,92042,2023-12-06,46646,False,tablet,positive,#music #tech #lifestyle,0.119880055,3,11034.0,2023,12,December,Wednesday,49616.13559322034,46–55
11591,18.0,male,japan,936103,image,fitness,17057.0,2997.0,639.0,2082,12134,2022-02-15,762884,False,desktop,positive,#fitness,1.705373331,1,20693.0,2022,2,February,Tuesday,49616.13559322034,Under 18
21303,15.0,female,usa,329334,image,travel,16932.0,508.0,1077.0,1404,95113,2022-08-24,790298,False,tablet,neutral,#love #fitness #foodie,0.194684218,3,18517.0,2022,8,August,Wednesday,51263.87225548902,Under 18
40561,47.0,female,france,244973,reel,fitness,14432.0,1563.0,1521.0,4492,29837,2023-07-15,659515,True,tablet,neutral,#lifestyle,0.587056339,1,17516.0,2023,7,July,Saturday,51727.67338709677,46–55
81719,30.0,other,japan,366051,reel,fitness,895.0,2063.0,1221.0,6170,915,2022-12-03,110798,False,desktop,positive,#music,4.567213115,1,4179.0,2022,12,December,Saturday,49616.13559322034,26–35
96231,23.0,female,germany,329652,image,fitness,18953.0,524.0,1012.0,1931,65596,2023-11-05,261157,False,desktop,negative,#music #foodie,0.303631319,2,20489.0,2023,11,November,Sunday,48605.40612244898,18–25
17314,32.0,male,usa,128604,video,education,17297.0,2247.0,1741.0,1885,95932,2022-10-12,625414,False,mobile,negative,#foodie #love,0.221875912,2,21285.0,2022,10,October,Wednesday,51263.87225548902,26–35
29623,17.0,male,india,137869,reel,education,17560.0,1207.0,1203.0,2353,39835,2022-05-14,69640,False,mobile,positive,#fitness,0.501317936,1,19970.0,2022,5,May,Saturday,52462.38691588785,Under 18
77675,31.0,female,canada,769897,image,travel,7273.0,308.0,240.0,3807,50462,2023-11-26,614135,False,mobile,positive,#lifestyle #reels #fashion,0.154987912,3,7821.0,2023,11,November,Sunday,48703.150097465885,26–35
75082,34.0,other,canada,767861,video,tech,6696.0,1839.0,1809.0,2746,52386,2023-06-23,20432,True,tablet,positive,#tech #fitness,0.197457336,2,10344.0,2023,6,June,Friday,48703.150097465885,26–35
93624,31.0,other,india,878845,image,music,19657.0,1383.0,1343.0,5790,54707,2023-10-14,98490,False,tablet,positive,#love,0.409143254,1,22383.0,2023,10,October,Saturday,52462.38691588785,26–35
43130,59.0,female,brazil,743549,video,education,15042.0,2306.0,500.0,580,82574,2022-09-17,21220,False,tablet,negative,#foodie #fitness #fashion,0.216145518,3,17848.0,2022,9,September,Saturday,49193.1746031746,56+
61756,28.0,male,india,530587,text,lifestyle,14900.0,1942.0,1673.0,2212,87885,2023-05-18,292489,False,desktop,neutral,#reels #fashion,0.210673039,2,18515.0,2023,5,May,Thursday,52462.38691588785,26–35
36292,36.0,female,uk,476783,video,fitness,12434.0,1180.0,22.0,3329,29596,2023-08-15,752108,False,tablet,positive,#love #tech #fashion,0.460737938,3,13636.0,2023,8,August,Tuesday,51119.39350912779,36–45
96206,53.0,other,canada,998122,reel,music,17906.0,2472.0,631.0,101,79096,2022-06-29,312811,False,desktop,negative,#fun #tech,0.265613937,2,21009.0,2022,6,June,Wednesday,48703.150097465885,46–55
79274,16.0,other,japan,530037,video,education,7477.0,2826.0,1650.0,4550,77890,2022-09-24,561877,False,tablet,negative,#fashion,0.153460008,1,11953.0,2022,9,September,Saturday,49616.13559322034,Under 18
12469,27.0,female,uae,844092,video,fashion,2802.0,1044.0,1016.0,4288,12057,2023-07-18,428358,False,tablet,negative,#fitness,0.403251223,1,4862.0,2023,7,July,Tuesday,48928.41351888668,26–35
63947,37.0,male,usa,487736,reel,food,3122.0,2686.0,1617.0,3842,64280,2022-03-25,503517,False,desktop,negative,#fun #love #fashion,0.115510268,3,7425.0,2022,3,March,Friday,51263.87225548902,36–45
32534,56.0,female,brazil,368217,text,lifestyle,10105.5,2967.0,1731.0,2963,7952,2023-02-14,173461,True,desktop,negative,#fashion,2.198189135,1,14803.5,2023,2,February,Tuesday,49193.1746031746,56+
73620,47.0,male,australia,292077,video,music,2456.0,1011.0,1012.0,4993,66900,2022-06-05,467926,False,desktop,neutral,#reels #lifestyle,0.06980568,2,4479.0,2022,6,June,Sunday,48346.38336713996,46–55
58874,26.0,male,france,569313,text,food,18033.0,349.0,1887.0,4905,23303,2023-05-05,536375,False,mobile,neutral,#love #reels,0.869802171,2,20269.0,2023,5,May,Friday,51727.67338709677,26–35
59708,61.0,female,brazil,380245,image,food,2320.0,960.0,174.0,298,47778,2022-11-24,638655,False,mobile,positive,#foodie #tech #lifestyle,0.072292687,3,3454.0,2022,11,November,Thursday,49193.1746031746,56+
84553,31.0,female,australia,604268,image,travel,10697.0,437.0,197.0,4116,41953,2023-09-08,466062,False,tablet,positive,#tech #music,0.270087956,2,11331.0,2023,9,September,Friday,48346.38336713996,26–35
78344,38.0,male,brazil,524642,reel,fashion,17527.0,455.0,1561.0,44,48462,2022-12-12,761017,False,tablet,negative,#love,0.403264413,1,19543.0,2022,12,December,Monday,49193.1746031746,36–45
59138,48.0,male,uae,719165,text,fashion,11964.0,2671.0,1477.0,7647,10464,2022-04-07,289708,False,tablet,positive,#foodie #lifestyle #travel,1.539755352,3,16112.0,2022,4,April,Thursday,48928.41351888668,46–55
64302,19.0,male,brazil,369457,reel,lifestyle,8237.0,1569.0,98.0,2543,84324,2023-09-29,737540,False,mobile,positive,#travel #fun #fitness,0.117451734,3,9904.0,2023,9,September,Friday,49193.1746031746,18–25
57638,42.0,male,japan,786133,reel,fashion,19698.0,1103.0,744.0,3859,27839,2022-07-02,10632,False,tablet,positive,#music,0.773914293,1,21545.0,2022,7,July,Saturday,49616.13559322034,36–45
88249,31.0,other,india,159668,video,fashion,4406.0,1475.0,1450.0,4778,62276,2022-11-23,449944,False,desktop,neutral,#music #lifestyle,0.117717901,2,7331.0,2022,11,November,Wednesday,52462.38691588785,26–35
12719,61.0,female,uk,454100,image,music,18993.0,1618.0,1012.0,5809,48934,2023-07-20,121292,False,desktop,negative,#tech #fashion,0.430436915,2,21623.0,2023,7,July,Thursday,51119.39350912779,56+
32890,37.0,male,usa,826610,reel,fashion,7591.0,1512.0,1214.0,6366,81202,2023-11-07,242221,False,mobile,positive,#fitness #love,0.127053521,2,10317.0,2023,11,November,Tuesday,51263.87225548902,36–45
87236,28.0,female,canada,739375,video,lifestyle,3119.0,642.0,973.0,4394,38404,2023-10-23,483609,False,desktop,positive,#reels,0.12326841,1,4734.0,2023,10,October,Monday,48703.150097465885,26–35
46509,59.0,male,australia,481595,video,tech,17784.0,391.0,1601.0,3552,94595,2023-01-13,672597,False,desktop,neutral,#music #foodie #fun,0.209059675,3,19776.0,2023,1,January,Friday,48346.38336713996,56+
52534,52.0,female,usa,716963,text,fashion,19981.0,2621.0,1781.0,7191,25914,2022-03-28,123163,False,tablet,positive,#music #travel,0.940919966,2,24383.0,2022,3,March,Monday,51263.87225548902,46–55
28787,63.0,female,brazil,191634,image,education,3511.0,2080.0,498.0,5457,16157,2023-11-05,215609,False,desktop,positive,#fitness #tech #music,0.376864517,3,6089.0,2023,11,November,Sunday,49193.1746031746,56+
58845,20.0,male,india,768942,text,music,3828.0,920.0,1639.0,3155,80609,2023-11-11,452965,False,desktop,positive,#tech #lifestyle,0.079234329,2,6387.0,2023,11,November,Saturday,52462.38691588785,18–25
67932,30.0,male,usa,209119,text,music,16949.0,1623.0,1214.0,3131,18301,2022-05-15,605003,False,mobile,neutral,#lifestyle #tech #reels,1.081143107,3,19786.0,2022,5,May,Sunday,51263.87225548902,26–35
43062,40.0,female,india,769120,reel,fashion,7651.0,1945.0,140.0,287,50018,2022-03-31,67309,False,desktop,neutral,#travel #fitness,0.194649926,2,9736.0,2022,3,March,Thursday,52462.38691588785,36–45
85713,28.0,female,australia,433935,text,travel,10105.5,1497.0,1714.0,3705,49824,2023-05-03,127412,True,desktop,positive,#fitness #foodie,0.266197013,2,13316.5,2023,5,May,Wednesday,48346.38336713996,26–35
97263,64.0,female,japan,444302,reel,travel,10370.0,1114.0,772.0,516,53715,2023-08-16,443564,False,tablet,positive,#fashion #fitness,0.228167179,2,12256.0,2023,8,August,Wednesday,49616.13559322034,56+
70461,31.0,other,japan,533525,text,education,11784.0,412.0,174.0,7041,46580,2022-03-30,630965,False,tablet,negative,#fitness,0.26556462,1,12370.0,2022,3,March,Wednesday,49616.13559322034,26–35
85418,54.0,male,india,129715,video,fashion,2771.0,2346.0,419.0,2201,38188,2022-10-20,474397,False,tablet,neutral,#fashion #fun #reels,0.144967005,3,5536.0,2022,10,October,Thursday,52462.38691588785,46–55
76672,29.0,other,india,318400,image,tech,6777.0,1788.0,675.0,6424,89768,2023-03-22,612622,False,mobile,neutral,#travel #lifestyle,0.102932002,2,9240.0,2023,3,March,Wednesday,52462.38691588785,26–35
44832,57.0,other,uk,601328,image,music,113.0,2120.0,1457.0,6577,43392,2023-02-03,108655,False,tablet,negative,#fashion #foodie #love,0.085038717,3,3690.0,2023,2,February,Friday,51119.39350912779,56+
41966,25.0,male,france,450404,image,fashion,531.0,260.0,1463.0,4437,94953,2023-05-29,746353,False,desktop,neutral,#love #music #tech,0.02373806,3,2254.0,2023,5,May,Monday,51727.67338709677,18–25
82545,19.0,male,uk,759012,video,education,9714.0,2737.0,1554.0,4181,50002,2023-01-30,28387,False,mobile,neutral,#fun #fashion,0.280088796,2,14005.0,2023,1,January,Monday,51119.39350912779,18–25
22987,39.0,other,usa,912729,video,fashion,3410.0,2013.0,531.0,3658,84831,2022-01-17,770829,False,desktop,negative,#foodie #music #love,0.070186606,3,5954.0,2022,1,January,Monday,51263.87225548902,36–45
47311,22.0,male,germany,329030,text,fashion,9236.0,1497.0,917.0,6922,23838,2023-12-09,431629,False,desktop,negative,#fitness #music,0.481919624,2,11650.0,2023,12,December,Saturday,48605.40612244898,18–25
41575,46.0,female,uk,507244,text,fitness,8324.0,958.0,1822.0,4286,85574,2023-09-24,206467,False,tablet,positive,#fashion #lifestyle,0.129759039,2,11104.0,2023,9,September,Sunday,51119.39350912779,46–55
73852,48.0,female,usa,244875,text,tech,11159.0,1848.0,360.0,3323,68054,2022-08-30,225343,False,mobile,negative,#reels #travel,0.196417551,2,13367.0,2022,8,August,Tuesday,51263.87225548902,46–55
11007,37.0,other,canada,368451,text,food,1726.0,2038.0,1774.0,4076,68624,2023-11-17,442396,False,mobile,negative,#tech #reels #lifestyle,0.08070063,3,5538.0,2023,11,November,Friday,48703.150097465885,36–45
80981,18.0,other,usa,524541,image,education,8217.0,2779.0,445.0,5187,99258,2023-06-28,524607,False,tablet,positive,#foodie,0.115265268,1,11441.0,2023,6,June,Wednesday,51263.87225548902,Under 18
86242,36.0,male,usa,420760,text,fashion,10105.5,2732.0,555.0,3936,35718,2023-12-08,78951,False,mobile,negative,#love #fitness #tech,0.166162719,3,13392.5,2023,12,December,Friday,51263.87225548902,36–45
57517,30.0,male,india,744116,video,education,12832.0,1188.0,707.0,1169,69015,2022-01-04,318926,False,desktop,positive,#tech,0.213388394,1,14727.0,2022,1,January,Tuesday,52462.38691588785,26–35
39257,35.0,other,uae,840158,video,food,9453.0,2887.0,1730.0,990,30865,2022-10-08,607412,False,mobile,neutral,#lifestyle #foodie,0.455856148,2,14070.0,2022,10,October,Saturday,48928.41351888668,26–35
97272,18.0,other,brazil,560287,video,tech,2065.0,334.0,1380.0,4971,65829,2023-06-17,514810,False,desktop,positive,#fitness #fun #fashion,0.05740631,3,3779.0,2023,6,June,Saturday,49193.1746031746,Under 18
52207,41.0,female,india,246004,reel,music,933.0,2779.0,1880.0,3705,46236,2023-04-16,318361,False,mobile,neutral,#foodie #reels #music,0.120944718,3,5592.0,2023,4,April,Sunday,52462.38691588785,36–45
23281,37.0,female,india,508965,reel,education,1050.0,803.0,560.0,6043,91789,2022-08-26,96054,False,mobile,neutral,#fitness #tech,0.026288553,2,2413.0,2022,8,August,Friday,52462.38691588785,36–45
71246,29.0,male,uae,370871,reel,fashion,7116.0,2437.0,996.0,7721,94640,2023-08-28,557082,False,tablet,negative,#fun #travel #fitness,0.111464497,3,10549.0,2023,8,August,Monday,48928.41351888668,26–35
11435,58.0,female,uae,286478,text,music,11106.0,2807.0,58.0,1851,25422,2023-04-23,400038,False,tablet,positive,#tech,0.54956337,1,13971.0,2023,4,April,Sunday,48928.41351888668,56+
36660,36.0,male,brazil,641620,image,food,19986.0,2930.0,1667.0,2709,54213,2022-03-30,239601,False,mobile,positive,#lifestyle #tech #music,0.453452124,3,24583.0,2022,3,March,Wednesday,49193.1746031746,36–45
15084,23.0,male,germany,588286,image,education,6878.0,971.0,1012.0,4007,11379,2022-04-23,332252,False,desktop,positive,#music #travel #tech,0.767466385,3,8861.0,2022,4,April,Saturday,48605.40612244898,18–25
92197,38.0,male,canada,504050,text,lifestyle,792.0,1094.0,1190.0,2621,22116,2023-09-02,395429,False,tablet,positive,#tech,0.139084825,1,3076.0,2023,9,September,Saturday,48703.150097465885,36–45
23507,63.0,female,uk,251397,text,food,11367.0,940.0,1670.0,5374,80715,2022-05-22,51485,True,tablet,positive,#tech #music,0.173164839,2,13977.0,2022,5,May,Sunday,51119.39350912779,56+
82595,46.0,other,usa,764573,reel,tech,5963.0,902.0,966.0,2178,24825,2023-10-24,374372,True,tablet,neutral,#lifestyle #travel,0.315448137,2,7831.0,2023,10,October,Tuesday,51263.87225548902,46–55
93807,40.0,other,uk,614507,video,fashion,9547.0,1268.0,944.0,838,73619,2023-07-14,317502,False,mobile,positive,#love #foodie #fitness,0.159727788,3,11759.0,2023,7,July,Friday,51119.39350912779,36–45
55539,15.0,female,japan,616529,video,fitness,1385.0,23.0,1624.0,5054,22237,2022-02-20,605451,False,desktop,neutral,#lifestyle #reels,0.136349328,2,3032.0,2022,2,February,Sunday,49616.13559322034,Under 18
17491,23.0,other,australia,232475,reel,tech,17444.0,556.0,1806.0,5496,12157,2022-07-27,528501,False,desktop,negative,#tech #fitness,1.629184832,2,19806.0,2022,7,July,Wednesday,48346.38336713996,18–25
60192,50.0,male,germany,419115,reel,music,9563.0,2748.0,262.0,1555,21381,2023-06-07,568088,False,mobile,positive,#lifestyle #tech,0.588045461,2,12573.0,2023,6,June,Wednesday,48605.40612244898,46–55
90395,26.0,other,australia,873559,image,fitness,4138.0,2450.0,1454.0,1222,21816,2023-05-23,651280,False,desktop,positive,#tech #music #love,0.36862853,3,8042.0,2023,5,May,Tuesday,48346.38336713996,26–35
73888,63.0,male,usa,547246,reel,fashion,17533.0,1396.0,1651.0,4934,6634,2022-09-27,539510,False,tablet,negative,#fashion,3.102200784,1,20580.0,2022,9,September,Tuesday,51263.87225548902,56+
83609,38.0,other,uae,697330,video,food,14344.0,2488.0,195.0,6364,59772,2022-09-20,561592,False,desktop,positive,#lifestyle #foodie,0.284865823,2,17027.0,2022,9,September,Tuesday,48928.41351888668,36–45
19077,38.0,male,usa,195195,video,lifestyle,7693.0,1876.0,353.0,2043,38658,2023-12-10,390285,False,tablet,negative,#fun,0.256660976,1,9922.0,2023,12,December,Sunday,51263.87225548902,36–45
30953,33.0,male,canada,762951,text,lifestyle,11394.0,1757.0,885.0,1433,27065,2022-07-05,59545,False,tablet,positive,#tech #foodie,0.518603362,2,14036.0,2022,7,July,Tuesday,48703.150097465885,26–35
86919,51.0,female,uk,489288,image,education,6327.0,881.0,940.0,6786,82693,2022-08-09,603611,False,mobile,negative,#fitness,0.098533129,1,8148.0,2022,8,August,Tuesday,51119.39350912779,46–55
77889,42.0,female,brazil,899428,text,music,3353.0,2973.0,1643.0,7338,36569,2022-03-22,273047,False,tablet,positive,#music #fun #tech,0.217916815,3,7969.0,2022,3,March,Tuesday,49193.1746031746,36–45
33821,20.0,female,france,938917,image,tech,10105.5,1878.0,1897.0,1168,83380,2023-02-13,58166,False,desktop,neutral,#foodie #tech #reels,0.20555289,3,13880.5,2023,2,February,Monday,51727.67338709677,18–25
47567,63.0,male,france,147830,text,tech,15205.0,1242.0,914.0,6631,11358,2023-11-13,747873,False,desktop,positive,#lifestyle #travel #foodie,1.528526149,3,17361.0,2023,11,November,Monday,51727.67338709677,56+
34860,32.0,other,brazil,134370,image,music,4628.0,2532.0,46.0,6995,63680,2022-03-27,52448,True,desktop,neutral,#reels,0.113159548,1,7206.0,2022,3,March,Sunday,49193.1746031746,26–35
31195,60.0,male,uae,944004,reel,tech,19832.0,1241.0,752.0,6497,77445,2023-07-10,349625,False,desktop,positive,#tech #music #travel,0.281812899,3,21825.0,2023,7,July,Monday,48928.41351888668,56+
87475,44.0,female,france,572224,video,travel,5327.0,2078.0,1332.0,7348,3167,2022-04-14,380358,False,desktop,positive,#fun #music #lifestyle,2.758762236,3,8737.0,2022,4,April,Thursday,51727.67338709677,36–45
97266,34.0,other,uae,915530,reel,lifestyle,14281.0,2369.0,229.0,947,92374,2022-10-11,430217,True,tablet,positive,#travel #music,0.182724576,2,16879.0,2022,10,October,Tuesday,48928.41351888668,26–35
31427,19.0,other,india,816921,image,lifestyle,16452.0,1273.0,1434.0,160,34312,2023-04-05,682663,False,mobile,positive,#fitness #reels,0.558376078,2,19159.0,2023,4,April,Wednesday,52462.38691588785,18–25
37083,21.0,female,canada,364340,image,fashion,10058.0,565.0,1924.0,4559,12317,2023-12-01,628553,False,mobile,neutral,#fashion #foodie,1.018673378,2,12547.0,2023,12,December,Friday,48703.150097465885,18–25
97046,57.0,female,germany,766451,text,travel,12093.0,2057.0,756.0,3131,21971,2023-04-06,210622,False,desktop,positive,#tech #love,0.678439762,2,14906.0,2023,4,April,Thursday,48605.40612244898,56+
67372,13.0,male,uk,311648,image,tech,19892.0,677.0,1012.0,6358,5279,2022-05-01,340642,False,tablet,positive,#fitness #foodie,3.956052283,2,21581.0,2022,5,May,Sunday,51119.39350912779,Under 18
54064,41.0,male,uk,820614,reel,tech,16684.0,850.0,761.0,2627,68989,2023-10-23,194496,False,mobile,positive,#lifestyle #music,0.265187204,2,18295.0,2023,10,October,Monday,51119.39350912779,36–45
17813,20.0,male,germany,411406,image,music,15987.0,2974.0,1100.0,6071,23265,2022-12-18,390442,False,desktop,positive,#love #fitness,0.862282398,2,20061.0,2022,12,December,Sunday,48605.40612244898,18–25
41598,16.0,male,usa,761383,image,fitness,18984.0,284.0,61.0,5311,88080,2023-03-16,522655,False,tablet,positive,#travel,0.219448229,1,19329.0,2023,3,March,Thursday,51263.87225548902,Under 18
37082,47.0,other,usa,120543,text,education,18537.0,2200.0,1594.0,2535,56464,2023-07-23,103562,False,mobile,negative,#music #foodie #travel,0.395490932,3,22331.0,2023,7,July,Sunday,51263.87225548902,46–55
39241,15.0,other,australia,553245,image,travel,14907.0,1552.0,237.0,2272,6019,2022-07-08,696356,False,tablet,positive,#fitness #fashion,2.773882705,2,16696.0,2022,7,July,Friday,48346.38336713996,Under 18
54569,57.0,male,usa,587129,text,education,12921.0,370.0,1724.0,3463,55112,2023-07-04,76702,False,desktop,positive,#fashion #foodie,0.272445202,2,15015.0,2023,7,July,Tuesday,51263.87225548902,56+
21745,52.0,male,uae,988603,video,food,14026.0,2348.0,1591.0,4804,81192,2023-12-14,429926,True,tablet,negative,#fun,0.221265642,1,17965.0,2023,12,December,Thursday,48928.41351888668,46–55
36029,19.0,female,brazil,271481,text,education,3082.0,1840.0,77.0,160,78647,2022-08-17,314125,True,mobile,positive,#lifestyle #love #music,0.063562501,3,4999.0,2022,8,August,Wednesday,49193.1746031746,18–25
23025,39.0,other,india,694828,image,lifestyle,7074.0,1878.0,733.0,1784,47702,2023-01-21,111640,False,mobile,positive,#fun #fashion #love,0.203031319,3,9685.0,2023,1,January,Saturday,52462.38691588785,36–45
24288,13.0,other,germany,241035,video,fashion,17623.0,2193.0,558.0,1944,46762,2022-05-11,465401,False,tablet,neutral,#fun #fitness #lifestyle,0.43569565,3,20374.0,2022,5,May,Wednesday,48605.40612244898,Under 18
99186,39.0,male,uae,769156,image,food,10560.0,1610.0,943.0,6598,83790,2022-06-20,256464,False,mobile,negative,#music #reels #tech,0.156498389,3,13113.0,2022,6,June,Monday,48928.41351888668,36–45
16540,28.0,other,uae,665260,text,food,459.0,2749.0,649.0,3182,22394,2022-11-26,8696,False,tablet,negative,#music #lifestyle,0.172233634,2,3857.0,2022,11,November,Saturday,48928.41351888668,26–35
91958,50.0,female,australia,172613,reel,music,19010.0,140.0,1012.0,3974,78372,2022-02-04,314980,False,tablet,neutral,#love #lifestyle,0.26270862,2,20162.0,2022,2,February,Friday,48346.38336713996,46–55
78878,38.0,female,uae,719672,video,fashion,2801.0,2131.0,1984.0,7226,42762,2022-07-20,416304,False,desktop,neutral,#fashion #fun #tech,0.161732379,3,6916.0,2022,7,July,Wednesday,48928.41351888668,36–45
51846,56.0,other,canada,702350,reel,tech,16847.0,1129.0,1047.0,6688,82214,2022-06-17,734168,False,desktop,positive,#foodie #fitness #reels,0.231383949,3,19023.0,2022,6,June,Friday,48703.150097465885,56+
85932,35.0,male,usa,365405,reel,lifestyle,997.0,1627.0,1052.0,3624,79632,2023-05-24,790786,False,tablet,positive,#tech #foodie #fitness,0.046162347,3,3676.0,2023,5,May,Wednesday,51263.87225548902,26–35
27482,53.0,other,uk,379190,video,music,6384.0,1378.0,1514.0,3744,62758,2023-05-26,519530,False,mobile,neutral,#fun #fashion #travel,0.147805857,3,9276.0,2023,5,May,Friday,51119.39350912779,46–55
33411,38.0,female,canada,899829,reel,fitness,13223.0,2068.0,1158.0,6172,90786,2022-09-03,360419,False,desktop,negative,#fun,0.181184324,1,16449.0,2022,9,September,Saturday,48703.150097465885,36–45
60975,54.0,male,india,553652,reel,tech,15299.0,1244.0,350.0,766,92841,2022-08-12,518564,False,mobile,positive,#travel #foodie #tech,0.181956248,3,16893.0,2022,8,August,Friday,52462.38691588785,46–55
70545,45.0,other,india,977237,reel,education,11198.0,1110.0,912.0,2027,55106,2022-12-07,759146,False,tablet,positive,#lifestyle #fun,0.239901281,2,13220.0,2022,12,December,Wednesday,52462.38691588785,36–45
88797,62.0,male,india,387901,reel,tech,1678.0,1715.0,349.0,4006,22398,2023-07-24,494420,False,mobile,negative,#foodie,0.167068488,1,3742.0,2023,7,July,Monday,52462.38691588785,56+
62307,38.0,male,usa,770659,video,travel,864.0,452.0,1304.0,184,30656,2023-06-21,546345,False,mobile,neutral,#fitness #fashion,0.085464509,2,2620.0,2023,6,June,Wednesday,51263.87225548902,36–45
13093,38.0,female,uae,355456,image,music,9382.0,341.0,475.0,1896,37511,2023-03-16,641159,False,tablet,negative,#lifestyle,0.271866919,1,10198.0,2023,3,March,Thursday,48928.41351888668,36–45
87258,53.0,male,india,757262,reel,food,2697.0,392.0,291.0,3295,90600,2023-06-28,387942,False,desktop,positive,#fun,0.037306843,1,3380.0,2023,6,June,Wednesday,52462.38691588785,46–55
32042,29.0,other,germany,481003,video,food,12107.0,1375.0,1212.0,2404,13846,2023-09-14,407896,False,desktop,positive,#lifestyle #music,1.061245125,2,14694.0,2023,9,September,Thursday,48605.40612244898,26–35
62930,47.0,male,uk,870376,video,lifestyle,2926.0,1269.0,1606.0,2539,33528,2023-09-05,34539,False,mobile,positive,#lifestyle #travel,0.173019566,2,5801.0,2023,9,September,Tuesday,51119.39350912779,46–55
54413,60.0,male,uae,666687,video,education,15735.0,1709.0,1442.0,732,22099,2022-05-30,477212,False,tablet,positive,#reels,0.854608806,1,18886.0,2022,5,May,Monday,48928.41351888668,56+
43756,17.0,other,australia,672618,video,music,14223.0,970.0,887.0,5951,64812,2023-12-06,317995,False,tablet,neutral,#travel #fitness,0.248102203,2,16080.0,2023,12,December,Wednesday,48346.38336713996,Under 18
63268,60.0,female,usa,876343,text,food,7542.0,1606.0,467.0,1621,30461,2023-09-13,571406,False,desktop,neutral,#music #love #fitness,0.315649519,3,9615.0,2023,9,September,Wednesday,51263.87225548902,56+
49214,44.0,female,brazil,234918,image,music,4429.0,2205.0,1012.0,577,8588,2022-12-22,115924,False,tablet,neutral,#lifestyle,0.915579879,1,7646.0,2022,12,December,Thursday,49193.1746031746,36–45
91871,15.0,other,canada,767719,image,fitness,15362.0,2858.0,1265.0,2161,38481,2023-06-17,781164,False,tablet,positive,#music #fitness #tech,0.506353785,3,19485.0,2023,6,June,Saturday,48703.150097465885,Under 18
38602,64.0,other,japan,280448,reel,fitness,13931.0,698.0,305.0,377,23454,2023-01-08,708774,False,mobile,negative,#travel #fashion #fitness,0.636735738,3,14934.0,2023,1,January,Sunday,49616.13559322034,56+
63331,59.0,female,canada,692344,video,education,7218.0,165.0,1207.0,3848,16814,2023-02-16,689607,False,mobile,neutral,#travel #tech #foodie,0.510883787,3,8590.0,2023,2,February,Thursday,48703.150097465885,56+
58901,47.0,male,india,140832,text,music,2397.0,2081.0,1012.0,1308,6877,2022-09-09,721594,False,desktop,neutral,#fun #fashion,0.720517668,2,5490.0,2022,9,September,Friday,52462.38691588785,46–55
73416,64.0,male,uk,251170,video,fitness,18605.0,254.0,1527.0,4192,12141,2022-01-14,319281,False,desktop,neutral,#fun #lifestyle #fitness,1.679103863,3,20386.0,2022,1,January,Friday,51119.39350912779,56+
42196,26.0,male,australia,741383,reel,fashion,14451.0,301.0,1151.0,841,13242,2022-08-03,557461,False,mobile,positive,#travel #foodie #music,1.200951518,3,15903.0,2022,8,August,Wednesday,48346.38336713996,26–35
15626,60.0,other,uae,729275,image,education,5814.0,2267.0,448.0,2171,91496,2023-06-20,789305,False,tablet,neutral,#love #music #fashion,0.09321719,3,8529.0,2023,6,June,Tuesday,48928.41351888668,56+
17424,43.0,female,germany,805322,reel,lifestyle,7522.0,934.0,229.0,155,9370,2022-01-20,139279,False,tablet,positive,#love #fitness,0.926894344,2,8685.0,2022,1,January,Thursday,48605.40612244898,36–45
22857,43.0,male,france,450816,reel,fitness,19187.0,2556.0,1064.0,6253,56167,2023-05-03,250928,False,mobile,positive,#fitness #reels #fun,0.406056937,3,22807.0,2023,5,May,Wednesday,51727.67338709677,36–45
29982,29.0,male,canada,922317,reel,music,15588.0,1505.0,792.0,4148,3966,2023-12-15,368041,False,mobile,neutral,#travel #love #tech,4.509581442,3,17885.0,2023,12,December,Friday,48703.150097465885,26–35
86961,36.0,other,france,121157,reel,travel,12359.0,1256.0,673.0,7341,13129,2023-03-12,683371,False,mobile,positive,#music #foodie,1.088277858,2,14288.0,2023,3,March,Sunday,51727.67338709677,36–45
11980,64.0,male,uae,541588,reel,travel,15762.0,952.0,1415.0,1702,38981,2022-11-17,389040,False,mobile,neutral,#foodie #music #love,0.465072728,3,18129.0,2022,11,November,Thursday,48928.41351888668,56+
58290,35.0,other,uk,119674,reel,tech,15577.0,2262.0,823.0,2635,99989,2022-02-21,765840,False,tablet,positive,#foodie #music,0.18664053,2,18662.0,2022,2,February,Monday,51119.39350912779,26–35
36431,30.0,female,france,656645,reel,tech,9970.0,244.0,1363.0,3385,3040,2022-12-23,693447,False,tablet,negative,#music #love,3.808223684,2,11577.0,2022,12,December,Friday,51727.67338709677,26–35
94976,62.0,male,canada,374722,image,lifestyle,6510.0,2067.0,1693.0,4821,14205,2023-11-29,678173,False,desktop,positive,#reels #fun #lifestyle,0.722984864,3,10270.0,2023,11,November,Wednesday,48703.150097465885,56+
92711,26.0,other,brazil,310121,image,education,15005.0,209.0,835.0,5813,94698,2023-12-20,546336,False,mobile,negative,#fashion,0.169475596,1,16049.0,2023,12,December,Wednesday,49193.1746031746,26–35
36385,62.0,male,japan,530645,video,tech,15919.0,425.0,1044.0,1413,94680,2023-08-30,781773,False,desktop,neutral,#reels #travel,0.18365019,2,17388.0,2023,8,August,Wednesday,49616.13559322034,56+
48158,27.0,other,france,540087,video,tech,11561.0,980.0,346.0,44,64656,2022-12-14,531423,True,tablet,positive,#foodie #love,0.199316382,2,12887.0,2022,12,December,Wednesday,51727.67338709677,26–35
33019,27.0,other,brazil,579742,text,travel,10349.0,2119.0,9.0,5031,22889,2022-11-22,323702,False,desktop,positive,#fun,0.545109004,1,12477.0,2022,11,November,Tuesday,49193.1746031746,26–35
28639,18.0,other,brazil,780859,text,tech,10105.5,177.0,86.0,1686,13318,2023-06-11,440066,False,tablet,positive,#fitness #lifestyle #fashion,1.253791861,3,10368.5,2023,6,June,Sunday,49193.1746031746,Under 18
95530,39.0,female,india,807564,image,music,6058.0,1546.0,544.0,5236,17986,2023-11-18,82236,False,tablet,neutral,#fashion #music,0.453019015,2,8148.0,2023,11,November,Saturday,52462.38691588785,36–45
31563,27.0,male,japan,816300,image,travel,11553.0,1898.0,1994.0,2169,17229,2022-08-07,357216,False,desktop,negative,#travel #love #fitness,0.896453654,3,15445.0,2022,8,August,Sunday,49616.13559322034,26–35
49341,62.0,female,germany,585731,text,fitness,3515.0,2034.0,872.0,6625,35480,2023-06-06,149386,False,desktop,positive,#foodie #fun,0.180975197,2,6421.0,2023,6,June,Tuesday,48605.40612244898,56+
15776,48.0,other,canada,317443,image,fitness,3330.0,298.0,1362.0,3241,1608,2023-02-09,295343,False,mobile,neutral,#fashion #foodie #tech,3.103233831,3,4990.0,2023,2,February,Thursday,48703.150097465885,46–55
46444,20.0,other,australia,727517,text,lifestyle,1674.0,2313.0,714.0,2725,67406,2022-01-19,689813,False,tablet,neutral,#fashion #lifestyle,0.069741566,2,4701.0,2022,1,January,Wednesday,48346.38336713996,18–25
78916,27.0,female,uae,243274,video,fashion,11057.0,2567.0,3.0,1423,77607,2023-08-03,192935,False,mobile,positive,#lifestyle,0.175589831,1,13627.0,2023,8,August,Thursday,48928.41351888668,26–35
18711,15.0,female,australia,594166,image,tech,17745.0,274.0,1046.0,4014,34829,2022-10-21,766507,False,mobile,neutral,#tech #fitness,0.54738867,2,19065.0,2022,10,October,Friday,48346.38336713996,Under 18
84318,59.0,male,france,486125,image,fitness,8978.0,1728.0,1220.0,5780,9887,2022-01-15,534814,False,tablet,positive,#fitness #lifestyle,1.206230404,2,11926.0,2022,1,January,Saturday,51727.67338709677,56+
92970,25.0,other,japan,619071,text,fitness,16939.0,1846.0,1844.0,4595,40619,2022-11-22,437884,False,desktop,neutral,#fitness #love #lifestyle,0.507865777,3,20629.0,2022,11,November,Tuesday,49616.13559322034,18–25
95553,53.0,female,france,322274,reel,education,15264.0,2995.0,1904.0,73,3758,2023-09-18,720810,False,mobile,positive,#fitness,5.365353912,1,20163.0,2023,9,September,Monday,51727.67338709677,46–55
40707,46.0,other,japan,250362,reel,lifestyle,14594.0,1794.0,1012.0,3018,23461,2022-06-07,461439,False,mobile,positive,#lifestyle,0.763351946,1,17400.0,2022,6,June,Tuesday,49616.13559322034,46–55
49110,36.0,other,canada,923509,video,music,9954.0,52.0,900.0,6292,88629,2022-04-14,47943,False,tablet,neutral,#tech #foodie,0.123052274,2,10906.0,2022,4,April,Thursday,48703.150097465885,36–45
71788,52.0,male,uae,355672,image,food,2112.0,2859.0,1809.0,1560,66101,2023-08-21,792052,False,desktop,neutral,#foodie,0.102570309,1,6780.0,2023,8,August,Monday,48928.41351888668,46–55
92879,44.0,male,uae,739424,image,food,18594.0,1845.0,272.0,891,84089,2023-08-29,563156,False,desktop,positive,#reels #travel #music,0.246298565,3,20711.0,2023,8,August,Tuesday,48928.41351888668,36–45
48827,44.0,male,canada,250468,text,lifestyle,15523.0,1423.0,1977.0,3132,25908,2023-11-17,116689,False,mobile,negative,#fashion #lifestyle,0.730392157,2,18923.0,2023,11,November,Friday,48703.150097465885,36–45
15655,42.0,female,germany,554064,reel,travel,1701.0,1437.0,1474.0,1889,13974,2022-10-09,288215,True,tablet,neutral,#lifestyle #love,0.330041506,2,4612.0,2022,10,October,Sunday,48605.40612244898,36–45
54859,64.0,other,brazil,838848,reel,fashion,2712.0,1627.0,1130.0,5173,23047,2022-05-27,677739,False,mobile,positive,#tech #music,0.237297696,2,5469.0,2022,5,May,Friday,49193.1746031746,56+
63625,61.0,female,japan,160530,video,education,2316.0,1947.0,880.0,1246,40384,2023-05-29,688089,False,desktop,positive,#fun #fitness,0.127352417,2,5143.0,2023,5,May,Monday,49616.13559322034,56+
62098,25.0,female,usa,295346,reel,education,14659.0,488.0,1401.0,3802,59251,2022-03-09,455945,False,mobile,negative,#tech #travel #fun,0.279286426,3,16548.0,2022,3,March,Wednesday,51263.87225548902,18–25
25251,13.0,male,usa,742467,reel,lifestyle,6469.0,2549.0,1223.0,472,19532,2023-05-19,783117,False,tablet,neutral,#music #travel,0.524319066,2,10241.0,2023,5,May,Friday,51263.87225548902,Under 18
10526,46.0,male,brazil,127122,reel,music,1610.0,2354.0,1975.0,5435,69678,2022-03-10,209250,False,mobile,neutral,#fashion #fun #tech,0.085234938,3,5939.0,2022,3,March,Thursday,49193.1746031746,46–55
78760,27.0,other,france,915813,text,food,6343.0,416.0,935.0,2217,86159,2023-07-13,93586,False,desktop,positive,#foodie #music,0.089300015,2,7694.0,2023,7,July,Thursday,51727.67338709677,26–35
57837,56.0,male,japan,276507,reel,fashion,15797.0,2556.0,1878.0,700,4302,2023-02-17,406157,False,tablet,neutral,#fashion #travel,4.70269642,2,20231.0,2023,2,February,Friday,49616.13559322034,56+
21536,26.0,other,uk,467758,video,fitness,9319.0,920.0,1750.0,2079,38992,2022-03-05,768856,True,tablet,neutral,#fitness,0.307473328,1,11989.0,2022,3,March,Saturday,51119.39350912779,26–35
38541,38.0,male,uae,778627,reel,lifestyle,9096.0,1553.0,1.0,52,45305,2023-08-15,492579,False,tablet,positive,#lifestyle #foodie,0.235073391,2,10650.0,2023,8,August,Tuesday,48928.41351888668,36–45
89083,46.0,female,australia,737559,video,travel,8355.0,2685.0,1144.0,2987,7873,2022-08-25,138901,False,tablet,positive,#fashion #love,1.547567636,2,12184.0,2022,8,August,Thursday,48346.38336713996,46–55
61027,30.0,female,uk,613888,text,fashion,9328.0,665.0,1638.0,138,17771,2023-01-31,47419,False,tablet,neutral,#music,0.654493276,1,11631.0,2023,1,January,Tuesday,51119.39350912779,26–35
44531,19.0,male,australia,293050,text,food,4710.0,5.0,148.0,1397,8401,2022-05-19,171030,False,mobile,positive,#fitness #love,0.57885966,2,4863.0,2022,5,May,Thursday,48346.38336713996,18–25
18712,41.0,female,uae,762448,video,fitness,2025.0,2469.0,947.0,7214,95057,2022-11-12,54489,False,tablet,positive,#lifestyle #fashion,0.057239341,2,5441.0,2022,11,November,Saturday,48928.41351888668,36–45
75455,43.0,female,usa,721642,text,lifestyle,105.0,1474.0,151.0,2137,80210,2023-10-28,582763,False,desktop,neutral,#tech #reels,0.021568383,2,1730.0,2023,10,October,Saturday,51263.87225548902,36–45
84744,37.0,male,canada,489872,image,education,19476.0,2437.0,1588.0,827,32729,2023-02-27,150154,False,tablet,positive,#fitness #fun,0.718048214,2,23501.0,2023,2,February,Monday,48703.150097465885,36–45
15109,50.0,female,germany,637110,image,tech,10213.0,2381.0,1701.0,2083,54071,2022-05-12,194270,False,desktop,neutral,#fashion #lifestyle #fun,0.264374619,3,14295.0,2022,5,May,Thursday,48605.40612244898,46–55
59268,26.0,other,india,805576,image,education,9344.0,1471.0,1939.0,7159,52042,2022-08-14,597698,False,desktop,positive,#reels #tech,0.245071289,2,12754.0,2022,8,August,Sunday,52462.38691588785,26–35
64615,20.0,female,france,820622,image,music,15842.0,337.0,305.0,2976,29099,2023-08-27,408234,False,desktop,negative,#tech #fitness #foodie,0.566479948,3,16484.0,2023,8,August,Sunday,51727.67338709677,18–25
92503,39.0,male,brazil,551127,image,music,698.0,2895.0,1702.0,1248,99265,2023-04-18,447270,False,desktop,positive,#love #fitness #fun,0.053342064,3,5295.0,2023,4,April,Tuesday,49193.1746031746,36–45
39759,14.0,other,usa,232508,text,education,11462.0,268.0,1851.0,4649,95744,2022-04-28,628027,False,desktop,positive,#fitness #tech,0.141847009,2,13581.0,2022,4,April,Thursday,51263.87225548902,Under 18
95708,29.0,other,canada,555070,video,fitness,8938.0,2112.0,881.0,4835,74288,2023-09-30,180134,True,mobile,negative,#tech #reels #travel,0.160604674,3,11931.0,2023,9,September,Saturday,48703.150097465885,26–35
70112,49.0,female,canada,473345,text,food,6071.0,2725.0,474.0,4364,83124,2022-12-05,291951,False,desktop,neutral,#fun,0.111520139,1,9270.0,2022,12,December,Monday,48703.150097465885,46–55
36589,26.0,other,australia,913713,reel,lifestyle,9152.0,1087.0,1387.0,5005,82763,2023-02-23,309386,False,desktop,neutral,#tech #music,0.1404734,2,11626.0,2023,2,February,Thursday,48346.38336713996,26–35
40015,37.0,male,canada,450161,image,food,19875.0,1293.0,806.0,185,18894,2023-03-11,125393,False,desktop,neutral,#fashion #reels #love,1.163014714,3,21974.0,2023,3,March,Saturday,48703.150097465885,36–45
39009,42.0,other,japan,458149,image,tech,3297.0,656.0,1094.0,3442,94004,2022-06-28,783993,False,mobile,negative,#music #travel,0.053689205,2,5047.0,2022,6,June,Tuesday,49616.13559322034,36–45
93309,41.0,female,france,184403,text,music,19361.0,1400.0,1663.0,4964,46636,2023-04-07,342747,False,tablet,positive,#foodie #tech,0.48083026,2,22424.0,2023,4,April,Friday,51727.67338709677,36–45
72046,32.0,female,india,468167,reel,education,208.0,1868.0,32.0,7402,70629,2023-08-20,290526,True,desktop,negative,#fitness,0.029846097,1,2108.0,2023,8,August,Sunday,52462.38691588785,26–35
36143,33.0,other,usa,285024,text,fitness,19700.0,2828.0,1180.0,3193,74270,2023-11-07,193661,False,mobile,negative,#reels #foodie,0.31921368,2,23708.0,2023,11,November,Tuesday,51263.87225548902,26–35
16154,34.0,male,japan,122766,video,fashion,7233.0,2376.0,1353.0,6567,1933,2023-12-19,313798,False,mobile,positive,#fashion #love,5.670977755,2,10962.0,2023,12,December,Tuesday,49616.13559322034,26–35
31804,47.0,male,usa,850633,image,fashion,1891.0,2565.0,777.0,4928,33753,2022-04-14,792990,False,mobile,neutral,#fashion #music,0.155038071,2,5233.0,2022,4,April,Thursday,51263.87225548902,46–55
51688,49.0,female,germany,514429,text,fitness,14826.0,1656.0,1739.0,1412,15419,2022-04-24,454604,False,tablet,neutral,#love #fashion #travel,1.181723847,3,18221.0,2022,4,April,Sunday,48605.40612244898,46–55
74288,28.0,female,india,456035,video,music,3506.0,861.0,1730.0,7069,3704,2023-12-01,11983,False,mobile,positive,#foodie #fashion,1.646058315,2,6097.0,2023,12,December,Friday,52462.38691588785,26–35
61195,62.0,male,canada,948671,image,fashion,2039.0,2468.0,1410.0,3188,5457,2022-09-28,405371,False,desktop,positive,#lifestyle #fitness #tech,1.0842954,3,5917.0,2022,9,September,Wednesday,48703.150097465885,56+
30581,61.0,other,germany,253609,image,education,19673.0,1336.0,1996.0,5585,16357,2023-07-17,53306,False,desktop,positive,#fashion #lifestyle,1.406431497,2,23005.0,2023,7,July,Monday,48605.40612244898,56+
62648,55.0,other,australia,496010,image,music,9644.0,2356.0,1644.0,7596,29032,2022-11-02,794018,False,desktop,neutral,#music #reels #lifestyle,0.469964177,3,13644.0,2022,11,November,Wednesday,48346.38336713996,46–55
40087,29.0,other,germany,552420,reel,lifestyle,10105.5,2861.0,1182.0,2916,62836,2023-09-15,2267,False,tablet,neutral,#fun,0.170093577,1,14148.5,2023,9,September,Friday,48605.40612244898,26–35
59930,28.0,male,uk,865192,text,fitness,1617.0,2893.0,794.0,1015,61819,2022-02-24,475332,True,mobile,negative,#love #reels #tech,0.085798864,3,5304.0,2022,2,February,Thursday,51119.39350912779,26–35
42981,14.0,male,australia,263396,image,fitness,8186.0,1667.0,1989.0,4537,65515,2023-06-08,28215,False,desktop,neutral,#fashion,0.180752499,1,11842.0,2023,6,June,Thursday,48346.38336713996,Under 18
79298,38.0,female,india,156764,image,food,434.0,1825.0,1562.0,4134,64513,2023-03-10,477112,False,desktop,positive,#lifestyle #fun,0.059228373,2,3821.0,2023,3,March,Friday,52462.38691588785,36–45
56167,38.0,female,france,655146,video,travel,10519.0,1212.0,1012.0,7051,56341,2022-07-09,462556,False,desktop,neutral,#foodie,0.230400596,1,12743.0,2022,7,July,Saturday,51727.67338709677,36–45
85304,51.0,other,uk,142850,text,food,18030.0,2768.0,1275.0,7329,85241,2023-01-24,172161,False,tablet,negative,#fashion,0.258948159,1,22073.0,2023,1,January,Tuesday,51119.39350912779,46–55
53408,46.0,male,usa,751459,video,fashion,11355.0,1065.0,366.0,5740,1696,2023-10-29,291669,False,desktop,neutral,#fashion,7.538915094,1,12786.0,2023,10,October,Sunday,51263.87225548902,46–55
49499,38.0,male,brazil,445161,text,travel,14328.0,2637.0,1800.0,5645,59115,2022-12-01,727541,False,mobile,negative,#love #lifestyle,0.317432124,2,18765.0,2022,12,December,Thursday,49193.1746031746,36–45
62269,18.0,other,brazil,937222,image,fitness,5258.0,319.0,261.0,4261,30833,2022-12-12,224771,False,mobile,neutral,#fun #love #reels,0.189342587,3,5838.0,2022,12,December,Monday,49193.1746031746,Under 18
48559,29.0,other,uk,443264,reel,fashion,12954.0,1680.0,645.0,1935,9857,2022-09-22,124689,False,tablet,positive,#lifestyle #music,1.550065943,2,15279.0,2022,9,September,Thursday,51119.39350912779,26–35
84319,51.0,other,france,896282,video,music,7190.0,444.0,537.0,1468,9242,2022-04-14,786321,False,tablet,positive,#fun #tech,0.884115992,2,8171.0,2022,4,April,Thursday,51727.67338709677,46–55
58787,37.0,female,japan,846597,reel,tech,17824.0,1397.0,1066.0,4538,76742,2023-11-06,17411,False,tablet,positive,#travel,0.264353288,1,20287.0,2023,11,November,Monday,49616.13559322034,36–45
45488,17.0,other,brazil,468903,reel,fashion,15596.0,285.0,1554.0,4426,84512,2022-05-21,628694,False,mobile,negative,#fitness,0.206302064,1,17435.0,2022,5,May,Saturday,49193.1746031746,Under 18
84441,17.0,female,uk,602704,reel,travel,12470.0,2218.0,15.0,5088,26017,2023-07-10,19238,False,tablet,positive,#love #foodie #fitness,0.565130492,3,14703.0,2023,7,July,Monday,51119.39350912779,Under 18
84663,32.0,male,india,801335,text,travel,10747.0,2310.0,104.0,1358,97154,2022-08-27,581069,False,tablet,neutral,#fun,0.135465344,1,13161.0,2022,8,August,Saturday,52462.38691588785,26–35
32431,28.0,male,uae,296582,text,fitness,12188.0,2989.0,790.0,5231,58175,2023-03-06,58979,False,mobile,positive,#foodie,0.274464976,1,15967.0,2023,3,March,Monday,48928.41351888668,26–35
71681,63.0,female,france,952128,reel,lifestyle,7713.0,1827.0,1226.0,1769,69969,2023-09-01,528728,False,desktop,neutral,#reels,0.153868142,1,10766.0,2023,9,September,Friday,51727.67338709677,56+
73483,53.0,female,france,781192,image,tech,380.0,2189.0,719.0,2761,33406,2022-04-08,206003,False,tablet,positive,#travel #lifestyle #fun,0.098425433,3,3288.0,2022,4,April,Friday,51727.67338709677,46–55
59153,49.0,female,japan,327818,image,fitness,9016.0,1463.0,1948.0,2882,50020,2023-04-06,399278,False,desktop,positive,#foodie #lifestyle #love,0.248440624,3,12427.0,2023,4,April,Thursday,49616.13559322034,46–55
16368,52.0,female,australia,712114,reel,tech,11567.0,2675.0,1701.0,6282,28401,2023-07-19,202541,False,desktop,positive,#tech #foodie #fun,0.561353473,3,15943.0,2023,7,July,Wednesday,48346.38336713996,46–55
37424,21.0,other,canada,255958,video,tech,1637.0,592.0,1082.0,5898,56157,2023-09-13,316630,False,desktop,positive,#fitness #lifestyle,0.058959702,2,3311.0,2023,9,September,Wednesday,48703.150097465885,18–25
55004,17.0,male,brazil,853290,video,fitness,12479.0,415.0,1008.0,5903,51373,2022-09-14,27556,False,desktop,positive,#love #reels #tech,0.270609075,3,13902.0,2022,9,September,Wednesday,49193.1746031746,Under 18
93869,54.0,other,canada,763778,text,education,524.0,2072.0,47.0,1189,38421,2022-01-11,653811,False,tablet,positive,#music,0.068790505,1,2643.0,2022,1,January,Tuesday,48703.150097465885,46–55
98652,14.0,female,canada,747440,video,fashion,19491.0,2674.0,659.0,5533,81293,2022-06-27,20598,False,tablet,neutral,#travel,0.280762181,1,22824.0,2022,6,June,Monday,48703.150097465885,Under 18
66985,21.0,other,india,631369,image,music,1093.0,1497.0,1300.0,1192,75562,2023-01-28,4701,False,tablet,positive,#fashion,0.032900135,1,3890.0,2023,1,January,Saturday,52462.38691588785,18–25
60069,55.0,other,usa,464860,reel,food,104.0,2352.0,1435.0,2816,29067,2022-10-21,68542,False,mobile,positive,#reels #lifestyle,0.133863144,2,3891.0,2022,10,October,Friday,51263.87225548902,46–55
62326,48.0,male,canada,765474,video,tech,18123.0,2232.0,1201.0,6267,65649,2023-02-01,160293,False,mobile,neutral,#love #music #reels,0.328352298,3,21556.0,2023,2,February,Wednesday,48703.150097465885,46–55
91061,34.0,other,france,873205,reel,music,10105.5,2330.0,800.0,3621,70343,2023-01-24,756920,False,desktop,positive,#music,0.321851499,1,13235.5,2023,1,January,Tuesday,51727.67338709677,26–35
33398,34.0,male,japan,380866,video,education,18060.0,1178.0,113.0,7025,90402,2023-06-21,442291,False,mobile,positive,#lifestyle,0.214054999,1,19351.0,2023,6,June,Wednesday,49616.13559322034,26–35
60861,34.0,female,japan,449652,text,travel,10546.0,685.0,295.0,4856,6093,2023-09-30,115567,True,desktop,neutral,#reels #fun #love,1.891678976,3,11526.0,2023,9,September,Saturday,49616.13559322034,26–35
85897,46.0,other,uae,117985,image,fitness,4916.0,862.0,1753.0,5868,52116,2022-09-23,234023,False,desktop,positive,#reels #music,0.144504567,2,7531.0,2022,9,September,Friday,48928.41351888668,46–55
91905,41.0,female,usa,499104,text,lifestyle,12323.0,684.0,437.0,5217,97800,2022-05-13,500735,False,tablet,neutral,#foodie,0.137464213,1,13444.0,2022,5,May,Friday,51263.87225548902,36–45
78577,50.0,male,australia,590899,reel,education,19318.0,2713.0,265.0,7227,96461,2022-10-05,748938,False,tablet,positive,#love #fashion,0.231140046,2,22296.0,2022,10,October,Wednesday,48346.38336713996,46–55
75641,58.0,female,france,482378,image,fashion,13336.0,1037.0,161.0,1042,32237,2023-07-08,385803,False,mobile,positive,#love #tech,0.450848404,2,14534.0,2023,7,July,Saturday,51727.67338709677,56+
19078,45.0,female,france,339990,image,music,5156.0,2937.0,1864.0,5243,69738,2022-04-11,222134,True,tablet,neutral,#travel #lifestyle,0.142777252,2,9957.0,2022,4,April,Monday,51727.67338709677,36–45
35003,30.0,male,uae,970277,text,education,17426.0,2863.0,503.0,225,1204,2023-02-08,590533,False,mobile,positive,#tech #fashion #love,17.26910299,3,20792.0,2023,2,February,Wednesday,48928.41351888668,26–35
72768,19.0,female,germany,774659,video,tech,11626.0,340.0,1059.0,1978,35680,2022-10-11,269999,False,tablet,positive,#music #travel,0.365050448,2,13025.0,2022,10,October,Tuesday,48605.40612244898,18–25
61047,13.0,female,uae,206747,text,lifestyle,10105.5,603.0,586.0,6755,38999,2022-10-04,328490,False,tablet,neutral,#reels #lifestyle #love,0.497910203,3,11294.5,2022,10,October,Tuesday,48928.41351888668,Under 18
81626,45.0,female,canada,122036,reel,education,3501.0,1806.0,457.0,6467,49903,2022-05-19,620647,False,mobile,negative,#fun,0.115504078,1,5764.0,2022,5,May,Thursday,48703.150097465885,36–45
67660,13.0,other,uk,356306,video,fashion,17925.0,733.0,1005.0,3977,26056,2022-08-09,369021,False,desktop,neutral,#lifestyle #fitness,0.754643844,2,19663.0,2022,8,August,Tuesday,51119.39350912779,Under 18
59786,36.0,female,japan,840781,text,music,16850.0,1496.0,1670.0,5136,62874,2022-03-10,355797,False,mobile,negative,#music,0.318350988,1,20016.0,2022,3,March,Thursday,49616.13559322034,36–45
11925,16.0,male,uae,653634,text,education,2944.0,2866.0,1394.0,3831,97287,2022-06-26,42768,False,tablet,positive,#fitness #fun,0.074048948,2,7204.0,2022,6,June,Sunday,48928.41351888668,Under 18
93976,16.0,other,canada,475651,video,fitness,15905.0,2954.0,1509.0,7247,82821,2023-01-08,431874,False,desktop,positive,#fun #lifestyle #fitness,0.245927965,3,20368.0,2023,1,January,Sunday,48703.150097465885,Under 18
36015,30.0,other,brazil,388835,video,lifestyle,1591.0,1131.0,271.0,2644,53796,2023-12-10,514753,False,tablet,neutral,#fun,0.055636107,1,2993.0,2023,12,December,Sunday,49193.1746031746,26–35
43320,39.0,male,usa,729866,video,travel,13522.0,1354.0,1202.0,1883,6528,2023-06-29,329585,False,tablet,positive,#fitness #love,2.462928922,2,16078.0,2023,6,June,Thursday,51263.87225548902,36–45
74881,55.0,female,france,380130,text,tech,16153.0,539.0,479.0,5575,81277,2022-10-28,93371,False,tablet,neutral,#fun,0.21126518,1,17171.0,2022,10,October,Friday,51727.67338709677,46–55
36289,44.0,other,germany,783206,video,music,4072.0,2486.0,956.0,540,10413,2022-08-16,737684,False,desktop,positive,#fitness #music #love,0.721598002,3,7514.0,2022,8,August,Tuesday,48605.40612244898,36–45
13389,45.0,other,usa,936097,video,tech,3572.0,1732.0,158.0,645,4240,2023-10-10,71207,False,tablet,positive,#music #love,1.288207547,2,5462.0,2023,10,October,Tuesday,51263.87225548902,36–45
35683,40.0,other,canada,737696,video,lifestyle,5978.0,1735.0,754.0,5085,83572,2023-01-07,624914,False,mobile,neutral,#fitness #foodie,0.101313837,2,8467.0,2023,1,January,Saturday,48703.150097465885,36–45
23629,54.0,female,australia,796761,image,fashion,293.0,2713.0,1951.0,4801,2892,2023-10-08,455319,False,mobile,neutral,#tech,1.714038728,1,4957.0,2023,10,October,Sunday,48346.38336713996,46–55
71550,53.0,other,brazil,173728,reel,fitness,1338.0,2431.0,1012.0,4726,68359,2023-02-03,496460,False,mobile,positive,#foodie #reels,0.081993593,2,4781.0,2023,2,February,Friday,49193.1746031746,46–55
34826,48.0,male,canada,598021,video,education,16151.0,2629.0,203.0,7545,87596,2022-05-23,92600,False,desktop,positive,#reels #love #lifestyle,0.216710809,3,18983.0,2022,5,May,Monday,48703.150097465885,46–55
36630,18.0,female,uk,674342,reel,music,15380.0,2207.0,794.0,7022,67658,2022-05-17,593036,False,mobile,positive,#fashion,0.27167519,1,18381.0,2022,5,May,Tuesday,51119.39350912779,Under 18
56163,28.0,male,india,269559,video,education,13045.0,2479.0,1301.0,4286,58874,2023-07-27,85850,False,tablet,negative,#tech,0.285779801,1,16825.0,2023,7,July,Thursday,52462.38691588785,26–35
76435,46.0,male,canada,502628,video,food,19859.0,1419.0,1166.0,1688,31141,2022-02-25,629159,False,desktop,negative,#music,0.720721878,1,22444.0,2022,2,February,Friday,48703.150097465885,46–55
21653,35.0,other,uae,705787,image,tech,2498.0,1989.0,1543.0,854,27189,2023-10-07,205053,True,tablet,positive,#tech,0.221780867,1,6030.0,2023,10,October,Saturday,48928.41351888668,26–35
37961,62.0,other,canada,806833,image,education,15113.0,614.0,511.0,6634,703,2023-01-17,315311,False,tablet,positive,#love,23.09815078,1,16238.0,2023,1,January,Tuesday,48703.150097465885,56+
91941,54.0,other,uae,985591,video,travel,5728.0,487.0,1987.0,404,72664,2023-04-16,583455,False,tablet,positive,#tech #reels,0.112875702,2,8202.0,2023,4,April,Sunday,48928.41351888668,46–55
84137,36.0,male,australia,166553,video,tech,18877.0,1212.0,115.0,3343,7250,2022-07-27,682666,False,mobile,positive,#travel #fitness #foodie,2.786758621,3,20204.0,2022,7,July,Wednesday,48346.38336713996,36–45
43662,61.0,female,france,629567,video,tech,3088.0,1441.0,391.0,7811,56148,2023-09-30,794558,False,mobile,negative,#travel,0.087625561,1,4920.0,2023,9,September,Saturday,51727.67338709677,56+
66446,25.0,other,japan,369856,reel,food,6281.0,2390.0,1366.0,7018,90538,2023-09-27,296102,False,desktop,negative,#fitness #fashion,0.110859529,2,10037.0,2023,9,September,Wednesday,49616.13559322034,18–25
31288,30.0,other,india,377961,video,food,15186.0,1384.0,1396.0,2477,22446,2022-02-04,274547,False,desktop,negative,#love #reels,0.800409873,2,17966.0,2022,2,February,Friday,52462.38691588785,26–35
46877,25.0,male,australia,809192,reel,fitness,12839.0,2156.0,1807.0,519,81578,2022-09-23,463798,False,mobile,negative,#reels #travel,0.205962392,2,16802.0,2022,9,September,Friday,48346.38336713996,18–25
25313,61.0,female,uae,455760,image,education,18481.0,848.0,687.0,5765,57230,2023-08-26,480109,False,mobile,neutral,#foodie #tech,0.349746636,2,20016.0,2023,8,August,Saturday,48928.41351888668,56+
90885,49.0,male,japan,499840,reel,education,19558.0,300.0,929.0,2940,68411,2022-01-21,532511,True,tablet,neutral,#love,0.303854643,1,20787.0,2022,1,January,Friday,49616.13559322034,46–55
82715,55.0,other,uk,522342,video,tech,16771.0,1391.0,725.0,1407,96154,2022-05-20,170125,False,mobile,negative,#foodie #music,0.196424486,2,18887.0,2022,5,May,Friday,51119.39350912779,46–55
20326,51.0,male,usa,704955,image,tech,298.0,1339.0,368.0,820,3739,2022-09-22,5246,False,tablet,neutral,#tech #fitness,0.536239636,2,2005.0,2022,9,September,Thursday,51263.87225548902,46–55
11560,54.0,other,india,792822,text,fashion,11652.0,704.0,1238.0,7030,90802,2023-02-04,139039,False,mobile,negative,#fun #travel,0.149710359,2,13594.0,2023,2,February,Saturday,52462.38691588785,46–55
89148,29.0,female,germany,814036,image,fashion,4061.0,268.0,1534.0,7359,50690,2023-04-02,66324,False,tablet,positive,#fitness,0.115663839,1,5863.0,2023,4,April,Sunday,48605.40612244898,26–35
93186,27.0,male,australia,802175,text,education,473.0,1524.0,568.0,3674,66486,2022-04-30,735129,False,mobile,neutral,#reels #fitness,0.038579551,2,2565.0,2022,4,April,Saturday,48346.38336713996,26–35
36745,30.0,other,usa,858315,reel,music,16161.0,477.0,900.0,4530,49691,2023-01-18,587879,False,mobile,negative,#travel #fitness #reels,0.352941176,3,17538.0,2023,1,January,Wednesday,51263.87225548902,26–35
41890,35.0,other,usa,844271,image,lifestyle,5057.0,175.0,740.0,7928,73436,2023-06-19,429757,False,desktop,positive,#foodie #music #fitness,0.081322512,3,5972.0,2023,6,June,Monday,51263.87225548902,26–35
30022,63.0,other,canada,912525,image,lifestyle,13079.0,238.0,1835.0,3835,72211,2022-02-08,613570,False,desktop,neutral,#fun #love,0.209829527,2,15152.0,2022,2,February,Tuesday,48703.150097465885,56+
62579,42.0,male,canada,735318,image,travel,11405.0,2940.0,326.0,4067,44055,2023-10-02,608984,False,tablet,negative,#tech #travel,0.333015549,2,14671.0,2023,10,October,Monday,48703.150097465885,36–45
80316,46.0,male,germany,741673,reel,education,16168.0,1968.0,36.0,6206,94635,2022-01-22,730247,False,desktop,neutral,#music #lifestyle #foodie,0.192021979,3,18172.0,2022,1,January,Saturday,48605.40612244898,46–55
93847,16.0,other,germany,263597,video,education,5289.0,609.0,985.0,3287,59109,2023-07-21,707774,False,desktop,positive,#reels #love,0.116445888,2,6883.0,2023,7,July,Friday,48605.40612244898,Under 18
38380,15.0,male,uae,129030,reel,education,8640.0,2906.0,379.0,2181,84928,2022-02-16,489137,True,mobile,neutral,#fashion,0.140413056,1,11925.0,2022,2,February,Wednesday,48928.41351888668,Under 18
12356,19.0,other,germany,144067,image,travel,2221.0,1787.0,795.0,7101,30349,2023-06-23,286615,False,tablet,negative,#fitness,0.158258921,1,4803.0,2023,6,June,Friday,48605.40612244898,18–25
80326,30.0,male,usa,608961,video,fashion,10174.0,491.0,1535.0,4714,21677,2023-01-19,2214,False,desktop,neutral,#fitness,0.562808507,1,12200.0,2023,1,January,Thursday,51263.87225548902,26–35
99899,54.0,male,uae,962865,image,lifestyle,19995.0,2146.0,1347.0,3232,18028,2023-04-27,368836,False,desktop,neutral,#fun #fashion #travel,1.302862214,3,23488.0,2023,4,April,Thursday,48928.41351888668,46–55
30049,19.0,other,japan,913071,image,education,10105.5,328.0,368.0,7425,30338,2022-02-17,241673,False,mobile,neutral,#love,0.650075813,1,10801.5,2022,2,February,Thursday,49616.13559322034,18–25
85717,52.0,other,france,496008,text,travel,18304.0,444.0,223.0,424,44739,2023-11-10,629444,False,mobile,positive,#foodie #fun #fitness,0.424037194,3,18971.0,2023,11,November,Friday,51727.67338709677,46–55
26082,18.0,other,france,624708,image,tech,7075.0,1689.0,1957.0,1551,32101,2022-03-22,578630,False,mobile,positive,#travel,0.333977135,1,10721.0,2022,3,March,Tuesday,51727.67338709677,Under 18
10661,34.0,other,france,587976,reel,music,2316.0,997.0,813.0,357,18299,2023-09-22,332361,False,tablet,negative,#reels #tech #fashion,0.225476802,3,4126.0,2023,9,September,Friday,51727.67338709677,26–35
47412,13.0,female,india,119198,reel,lifestyle,17658.0,2342.0,1736.0,3446,60760,2022-02-14,232655,False,mobile,positive,#fitness,0.357735352,1,21736.0,2022,2,February,Monday,52462.38691588785,Under 18
12920,16.0,other,india,801565,reel,food,13681.0,441.0,1123.0,1594,67086,2022-10-02,62989,False,tablet,neutral,#reels,0.227245625,1,15245.0,2022,10,October,Sunday,52462.38691588785,Under 18
70315,58.0,other,germany,182951,video,lifestyle,14953.0,794.0,1817.0,5128,98089,2023-11-24,644193,False,mobile,positive,#lifestyle,0.179061872,1,17564.0,2023,11,November,Friday,48605.40612244898,56+
89561,61.0,other,france,861303,text,tech,10105.5,1831.0,1098.0,1010,92259,2022-11-07,152020,False,desktop,positive,#travel #lifestyle,0.085758571,2,13034.5,2022,11,November,Monday,51727.67338709677,56+
18946,64.0,male,uk,904307,text,fashion,7834.0,890.0,723.0,196,95051,2022-08-20,103583,False,tablet,positive,#tech #music,0.099388749,2,9447.0,2022,8,August,Saturday,51119.39350912779,56+
55500,38.0,other,canada,170511,image,fitness,10498.0,2078.0,1460.0,5236,71484,2022-03-27,424998,False,mobile,negative,#tech,0.196351631,1,14036.0,2022,3,March,Sunday,48703.150097465885,36–45
26309,55.0,male,uk,716285,image,fitness,16643.0,1154.0,702.0,1033,24849,2022-04-15,118338,False,mobile,positive,#fitness #fashion,0.744456517,2,18499.0,2022,4,April,Friday,51119.39350912779,46–55
65230,41.0,male,france,383475,text,fashion,3206.0,1751.0,1391.0,861,74926,2022-06-26,219667,False,desktop,positive,#fashion #reels #fitness,0.084723594,3,6348.0,2022,6,June,Sunday,51727.67338709677,36–45
40027,33.0,male,france,379037,video,music,15820.0,2485.0,62.0,6662,83142,2023-08-13,306792,False,desktop,positive,#fun,0.220911212,1,18367.0,2023,8,August,Sunday,51727.67338709677,26–35
82541,38.0,male,canada,295985,reel,tech,9704.0,1349.0,1647.0,348,76388,2023-09-30,660606,False,desktop,negative,#tech #love,0.16625648,2,12700.0,2023,9,September,Saturday,48703.150097465885,36–45
69321,26.0,female,france,118243,image,travel,12930.0,2333.0,1957.0,3777,92254,2022-07-08,117055,False,mobile,positive,#reels,0.186658573,1,17220.0,2022,7,July,Friday,51727.67338709677,26–35
10956,21.0,other,australia,639823,text,lifestyle,10320.0,290.0,1678.0,7571,72920,2022-03-01,86757,False,desktop,positive,#reels #music #love,0.168513439,3,12288.0,2022,3,March,Tuesday,48346.38336713996,18–25
84131,59.0,male,usa,556419,video,lifestyle,5178.0,367.0,98.0,1658,44838,2022-08-08,324742,True,desktop,neutral,#reels #fitness #tech,0.125853071,3,5643.0,2022,8,August,Monday,51263.87225548902,56+
57908,24.0,other,uae,953826,reel,travel,5358.0,485.0,776.0,574,87372,2023-08-11,488285,False,tablet,positive,#fashion #lifestyle #reels,0.075756535,3,6619.0,2023,8,August,Friday,48928.41351888668,18–25
88339,54.0,male,canada,780849,image,fitness,4507.0,2602.0,1248.0,5123,18660,2023-08-26,218812,False,tablet,negative,#lifestyle #music,0.447856377,2,8357.0,2023,8,August,Saturday,48703.150097465885,46–55
35963,63.0,female,france,441358,reel,education,3508.0,167.0,74.0,1819,76249,2022-04-26,106203,False,tablet,negative,#foodie,0.049167858,1,3749.0,2022,4,April,Tuesday,51727.67338709677,56+
49443,63.0,male,india,986801,reel,education,12902.0,1884.0,1813.0,6471,81570,2023-04-15,184611,False,mobile,neutral,#tech #reels #love,0.203493932,3,16599.0,2023,4,April,Saturday,52462.38691588785,56+
49063,18.0,male,india,736983,text,fashion,15238.0,1790.0,1733.0,5881,29007,2022-06-16,348143,False,tablet,positive,#music #fashion,0.646774916,2,18761.0,2022,6,June,Thursday,52462.38691588785,Under 18
90818,32.0,other,usa,315958,text,education,6754.0,2818.0,183.0,6655,79791,2023-09-30,363476,False,mobile,neutral,#travel #music,0.122256896,2,9755.0,2023,9,September,Saturday,51263.87225548902,26–35
14703,36.0,female,india,375490,reel,fashion,8921.0,77.0,1316.0,930,70473,2023-03-21,533617,True,desktop,positive,#tech #travel,0.146353923,2,10314.0,2023,3,March,Tuesday,52462.38691588785,36–45
75128,39.0,other,uae,803365,reel,education,11204.0,2898.0,1080.0,6273,39201,2022-08-21,652577,False,mobile,positive,#fashion #fitness #lifestyle,0.387286039,3,15182.0,2022,8,August,Sunday,48928.41351888668,36–45
82099,50.0,other,brazil,326073,image,food,5516.0,1108.0,1272.0,4008,93984,2022-04-24,486544,False,mobile,negative,#foodie #music #fun,0.0840143,3,7896.0,2022,4,April,Sunday,49193.1746031746,46–55
35849,20.0,male,brazil,746868,video,fitness,5799.0,891.0,1979.0,6043,55563,2023-05-23,22975,False,desktop,neutral,#music,0.156021093,1,8669.0,2023,5,May,Tuesday,49193.1746031746,18–25
41860,13.0,other,brazil,437468,video,music,2929.0,660.0,1649.0,4682,48834,2023-09-04,154537,False,tablet,positive,#reels #music #tech,0.107261334,3,5238.0,2023,9,September,Monday,49193.1746031746,Under 18
41585,61.0,male,usa,787703,reel,fashion,13885.0,1224.0,468.0,483,59136,2022-05-31,529910,False,tablet,negative,#love #fashion #fun,0.263409767,3,15577.0,2022,5,May,Tuesday,51263.87225548902,56+
32015,61.0,female,usa,343470,text,food,1530.0,588.0,139.0,3912,16774,2023-08-07,215234,False,tablet,positive,#fashion #foodie #music,0.134553476,3,2257.0,2023,8,August,Monday,51263.87225548902,56+
87539,36.0,other,uae,464890,video,travel,9302.0,2809.0,1926.0,357,44991,2023-01-05,771014,True,desktop,positive,#foodie #travel #tech,0.311995732,3,14037.0,2023,1,January,Thursday,48928.41351888668,36–45
53585,59.0,male,canada,174783,reel,fitness,16138.0,564.0,1985.0,4480,23992,2022-12-15,78271,True,mobile,neutral,#travel,0.778884628,1,18687.0,2022,12,December,Thursday,48703.150097465885,56+
36958,19.0,male,germany,539179,text,fitness,715.0,2859.0,358.0,253,71229,2022-06-16,684852,False,desktop,neutral,#foodie,0.055202235,1,3932.0,2022,6,June,Thursday,48605.40612244898,18–25
36017,31.0,male,brazil,791332,image,fashion,9533.0,301.0,1576.0,3994,47342,2022-03-13,348880,False,desktop,positive,#fitness #foodie,0.241012209,2,11410.0,2022,3,March,Sunday,49193.1746031746,26–35
86707,34.0,female,india,379103,video,fashion,7527.0,2340.0,1431.0,834,74395,2022-12-19,161546,True,desktop,positive,#lifestyle,0.151865045,1,11298.0,2022,12,December,Monday,52462.38691588785,26–35
55350,47.0,male,uk,608102,image,tech,19696.0,293.0,1497.0,1190,87658,2022-01-11,103776,False,desktop,negative,#fun #reels #love,0.245111684,3,21486.0,2022,1,January,Tuesday,51119.39350912779,46–55
22201,42.0,other,germany,451487,text,education,7223.0,108.0,1688.0,5832,87190,2023-09-30,262155,False,mobile,neutral,#fashion,0.103440762,1,9019.0,2023,9,September,Saturday,48605.40612244898,36–45
39426,41.0,male,uae,265205,reel,travel,13421.0,2412.0,1469.0,1703,85058,2022-06-02,462978,False,tablet,negative,#lifestyle,0.203414141,1,17302.0,2022,6,June,Thursday,48928.41351888668,36–45
27778,34.0,other,canada,320826,image,travel,14066.0,2647.0,979.0,4891,32394,2022-06-11,731369,False,tablet,positive,#foodie #travel #fitness,0.546150522,3,17692.0,2022,6,June,Saturday,48703.150097465885,26–35
55241,23.0,female,india,151150,reel,lifestyle,11279.0,2725.0,1255.0,4564,60587,2023-01-21,522572,False,desktop,negative,#reels #foodie #lifestyle,0.251852708,3,15259.0,2023,1,January,Saturday,52462.38691588785,18–25
52229,32.0,male,france,383878,video,food,16585.0,1517.0,1640.0,5979,82328,2023-11-22,105592,False,mobile,positive,#travel #fashion #fun,0.23979691,3,19742.0,2023,11,November,Wednesday,51727.67338709677,26–35
96652,41.0,other,canada,641688,image,music,2140.0,2140.0,1641.0,492,51390,2022-05-24,22667,False,desktop,positive,#travel #love,0.115216968,2,5921.0,2022,5,May,Tuesday,48703.150097465885,36–45
58364,63.0,other,brazil,251074,video,food,9248.0,1708.0,299.0,5015,18680,2022-05-19,326323,False,mobile,neutral,#travel #foodie #love,0.60251606,3,11255.0,2022,5,May,Thursday,49193.1746031746,56+
94878,53.0,other,brazil,984761,video,tech,3671.0,427.0,1665.0,3409,97409,2022-07-25,116126,False,desktop,positive,#fitness,0.059162911,1,5763.0,2022,7,July,Monday,49193.1746031746,46–55
67056,54.0,male,france,486582,video,lifestyle,8610.0,637.0,425.0,4146,561,2022-04-06,52504,False,tablet,neutral,#foodie #lifestyle #fitness,17.24064171,3,9672.0,2022,4,April,Wednesday,51727.67338709677,46–55
37490,46.0,male,uae,722041,video,travel,7370.0,2415.0,994.0,3127,4832,2023-12-27,553608,False,tablet,negative,#fun #fitness #music,2.230753311,3,10779.0,2023,12,December,Wednesday,48928.41351888668,46–55
29975,13.0,male,japan,324540,video,education,18982.0,104.0,160.0,2120,82665,2023-08-04,704276,True,desktop,positive,#fitness #tech #fun,0.23281921,3,19246.0,2023,8,August,Friday,49616.13559322034,Under 18
36723,43.0,female,canada,614497,text,education,12022.0,2256.0,400.0,3865,62057,2022-12-22,446519,False,tablet,positive,#foodie #fashion #reels,0.236524486,3,14678.0,2022,12,December,Thursday,48703.150097465885,36–45
33279,42.0,other,france,471007,image,music,18328.0,2521.0,1401.0,6743,22498,2023-04-16,436630,False,desktop,positive,#fun #foodie #tech,0.988976798,3,22250.0,2023,4,April,Sunday,51727.67338709677,36–45
88301,60.0,other,uae,786235,reel,education,2929.0,1084.0,1982.0,51,75224,2022-11-14,372210,False,mobile,positive,#music,0.07969531,1,5995.0,2022,11,November,Monday,48928.41351888668,56+
21561,30.0,male,uae,256118,reel,education,10959.0,11.0,1941.0,6268,52520,2023-05-27,114450,False,mobile,positive,#music #fashion,0.24583016,2,12911.0,2023,5,May,Saturday,48928.41351888668,26–35
76061,29.0,female,usa,254736,text,food,3383.0,2513.0,1280.0,261,45345,2022-01-19,527555,False,mobile,positive,#tech #music #reels,0.158253391,3,7176.0,2022,1,January,Wednesday,51263.87225548902,26–35
98397,50.0,male,canada,517669,reel,travel,19924.0,648.0,740.0,3002,94086,2023-02-17,399082,False,mobile,negative,#fashion #music,0.226516166,2,21312.0,2023,2,February,Friday,48703.150097465885,46–55
59153,26.0,male,india,629034,reel,education,10105.5,874.0,861.0,1908,32739,2023-02-11,303300,False,desktop,positive,#fashion #fun,0.565441828,2,11840.5,2023,2,February,Saturday,52462.38691588785,26–35
43142,35.0,male,japan,320581,reel,travel,11111.0,2433.0,493.0,7947,57167,2023-02-06,168571,True,tablet,neutral,#fun #fashion #fitness,0.245543758,3,14037.0,2023,2,February,Monday,49616.13559322034,26–35
36916,37.0,male,australia,748053,image,lifestyle,15570.0,883.0,1989.0,3646,45234,2022-04-11,648197,False,mobile,negative,#music #fitness #fun,0.407702171,3,18442.0,2022,4,April,Monday,48346.38336713996,36–45
74324,27.0,male,uk,506433,reel,food,7010.0,554.0,488.0,7715,75398,2023-08-16,327356,False,tablet,positive,#love #fashion #reels,0.106793284,3,8052.0,2023,8,August,Wednesday,51119.39350912779,26–35
54965,58.0,male,canada,425328,image,fashion,8823.0,1459.0,1205.0,5640,50067,2023-11-26,615185,False,desktop,positive,#fun #travel,0.22943256,2,11487.0,2023,11,November,Sunday,48703.150097465885,56+
14648,34.0,female,germany,188898,reel,fashion,321.0,2701.0,525.0,2377,83925,2022-01-18,228633,False,tablet,positive,#travel #love #lifestyle,0.042263926,3,3547.0,2022,1,January,Tuesday,48605.40612244898,26–35
45133,15.0,female,uae,928267,reel,lifestyle,18077.0,1343.0,1123.0,3394,8140,2022-06-04,343557,False,tablet,neutral,#tech #love #travel,2.523710074,3,20543.0,2022,6,June,Saturday,48928.41351888668,Under 18
60677,31.0,female,usa,895565,image,food,17447.0,1894.0,736.0,4336,77995,2022-05-09,570513,True,tablet,positive,#fitness #lifestyle,0.257413937,2,20077.0,2022,5,May,Monday,51263.87225548902,26–35
80135,56.0,other,france,725633,text,music,3111.0,2912.0,357.0,5404,37766,2022-11-11,138780,False,desktop,positive,#travel #love,0.168935021,2,6380.0,2022,11,November,Friday,51727.67338709677,56+
45046,46.0,other,brazil,664821,reel,tech,19645.0,988.0,1254.0,5958,3304,2023-01-01,595926,False,desktop,positive,#music #lifestyle #tech,6.624394673,3,21887.0,2023,1,January,Sunday,49193.1746031746,46–55
57064,47.0,male,france,264411,video,fitness,10985.0,1579.0,564.0,1625,33997,2023-04-07,590121,False,desktop,positive,#travel,0.386151719,1,13128.0,2023,4,April,Friday,51727.67338709677,46–55
79350,62.0,female,france,390869,video,lifestyle,3086.0,352.0,1029.0,7431,46850,2022-06-10,387253,False,tablet,negative,#fashion #tech,0.095346852,2,4467.0,2022,6,June,Friday,51727.67338709677,56+
55893,13.0,other,japan,829692,text,travel,13435.0,2561.0,89.0,5418,96712,2023-09-23,570942,False,mobile,positive,#love,0.166318554,1,16085.0,2023,9,September,Saturday,49616.13559322034,Under 18
71272,64.0,other,canada,538596,video,lifestyle,12162.0,1506.0,63.0,1228,43115,2023-01-11,736375,False,mobile,positive,#lifestyle #fitness,0.318473849,2,13731.0,2023,1,January,Wednesday,48703.150097465885,56+
77649,33.0,female,france,541289,image,fitness,19735.0,2851.0,1111.0,4386,18281,2022-11-28,153998,False,tablet,neutral,#love,1.296263881,1,23697.0,2022,11,November,Monday,51727.67338709677,26–35
74674,41.0,other,japan,291945,reel,music,9150.0,2029.0,1056.0,6354,18968,2023-11-16,692715,False,mobile,negative,#foodie #fun,0.645033741,2,12235.0,2023,11,November,Thursday,49616.13559322034,36–45
23760,18.0,other,australia,317972,reel,lifestyle,4143.0,1846.0,1095.0,1389,88243,2023-10-27,435635,False,mobile,positive,#fitness #foodie #fashion,0.080278322,3,7084.0,2023,10,October,Friday,48346.38336713996,Under 18
31927,49.0,female,india,227240,reel,food,6332.0,2390.0,1579.0,5909,24207,2022-01-20,617002,False,tablet,negative,#tech #reels,0.425538068,2,10301.0,2022,1,January,Thursday,52462.38691588785,46–55
96475,13.0,other,australia,272413,reel,travel,6447.0,2383.0,252.0,1487,17172,2023-06-30,470765,False,desktop,positive,#lifestyle #foodie #love,0.52888423,3,9082.0,2023,6,June,Friday,48346.38336713996,Under 18
71367,63.0,female,canada,363380,video,fitness,9774.0,2071.0,106.0,6862,93675,2023-07-26,652938,False,mobile,neutral,#lifestyle,0.127579397,1,11951.0,2023,7,July,Wednesday,48703.150097465885,56+
22588,13.0,other,brazil,954348,video,education,7863.0,884.0,1825.0,6465,46055,2023-04-07,670064,False,desktop,positive,#foodie #travel,0.229551623,2,10572.0,2023,4,April,Friday,49193.1746031746,Under 18
62233,39.0,female,australia,991913,video,fashion,3176.0,1465.0,929.0,6501,22915,2022-06-07,380619,False,mobile,positive,#fashion #fun,0.243072223,2,5570.0,2022,6,June,Tuesday,48346.38336713996,36–45
54738,33.0,other,japan,228357,image,tech,2416.0,2151.0,1943.0,916,49048,2022-12-30,599051,False,tablet,negative,#foodie #fitness,0.132727124,2,6510.0,2022,12,December,Friday,49616.13559322034,26–35
43397,28.0,other,japan,376682,video,lifestyle,7668.0,573.0,513.0,2141,93222,2023-12-19,455703,False,tablet,positive,#lifestyle #travel #fun,0.093904872,3,8754.0,2023,12,December,Tuesday,49616.13559322034,26–35
92189,56.0,female,uk,505187,video,lifestyle,8651.0,1688.0,135.0,710,28578,2023-08-28,54983,False,desktop,negative,#love,0.366505704,1,10474.0,2023,8,August,Monday,51119.39350912779,56+
86367,52.0,other,uae,601817,reel,fitness,10486.0,774.0,628.0,1886,88021,2023-12-31,389128,False,desktop,neutral,#travel #fashion #tech,0.135058679,3,11888.0,2023,12,December,Sunday,48928.41351888668,46–55
81260,38.0,female,germany,724109,video,tech,18695.0,2934.0,408.0,2216,62259,2022-11-19,195765,True,desktop,positive,#music #fitness,0.353956858,2,22037.0,2022,11,November,Saturday,48605.40612244898,36–45
86619,28.0,female,germany,576669,text,lifestyle,1229.0,242.0,120.0,1320,28997,2022-03-30,498881,False,desktop,positive,#travel,0.054867745,1,1591.0,2022,3,March,Wednesday,48605.40612244898,26–35
29816,40.0,other,canada,662943,text,music,1530.0,2389.0,1501.0,6134,30128,2022-06-22,546088,False,tablet,positive,#fun #reels #foodie,0.179899097,3,5420.0,2022,6,June,Wednesday,48703.150097465885,36–45
52240,13.0,male,uae,832382,reel,fashion,12817.0,2680.0,799.0,7906,30212,2022-02-09,452542,False,tablet,negative,#fun,0.539388323,1,16296.0,2022,2,February,Wednesday,48928.41351888668,Under 18
16276,38.0,male,uk,685072,video,fitness,9579.0,864.0,823.0,2563,55673,2022-07-22,663080,False,tablet,positive,#fun #tech,0.202360211,2,11266.0,2022,7,July,Friday,51119.39350912779,36–45
89530,22.0,male,usa,484691,text,food,2797.0,2220.0,1117.0,6241,44930,2023-07-13,777501,False,desktop,positive,#fashion,0.136523481,1,6134.0,2023,7,July,Thursday,51263.87225548902,18–25
33499,55.0,male,france,268482,text,travel,10105.5,1439.0,504.0,7872,52326,2022-08-31,599486,False,tablet,neutral,#reels,0.063180828,1,12048.5,2022,8,August,Wednesday,51727.67338709677,46–55
98576,29.0,other,australia,453126,image,fashion,4502.0,2150.0,6.0,7945,94852,2023-05-21,575807,False,tablet,positive,#travel #music #fun,0.070193565,3,6658.0,2023,5,May,Sunday,48346.38336713996,26–35
92495,35.0,male,uae,544518,reel,tech,16836.0,2207.0,943.0,4445,68161,2022-03-29,23307,False,mobile,neutral,#foodie #fun,0.293217529,2,19986.0,2022,3,March,Tuesday,48928.41351888668,26–35
81635,19.0,female,france,619328,text,tech,13101.0,713.0,1623.0,4831,93693,2023-10-31,252295,False,mobile,negative,#fun #tech #music,0.164761508,3,15437.0,2023,10,October,Tuesday,51727.67338709677,18–25
95112,56.0,female,usa,514919,text,fashion,16961.0,2604.0,1717.0,2626,51269,2023-11-05,434911,False,mobile,positive,#music #fitness,0.415104644,2,21282.0,2023,11,November,Sunday,51263.87225548902,56+
45946,19.0,male,brazil,930623,reel,education,11204.0,575.0,190.0,7817,36246,2023-06-16,67247,False,desktop,positive,#fun #fitness,0.330215748,2,11969.0,2023,6,June,Friday,49193.1746031746,18–25
65204,56.0,female,uk,349526,video,food,7317.0,2243.0,456.0,6984,93497,2023-10-22,662892,False,desktop,negative,#lifestyle #music #fitness,0.107126432,3,10016.0,2023,10,October,Sunday,51119.39350912779,56+
61886,27.0,other,france,416256,reel,lifestyle,3264.0,988.0,1743.0,400,44668,2023-12-14,412525,False,tablet,neutral,#foodie,0.134212412,1,5995.0,2023,12,December,Thursday,51727.67338709677,26–35
81652,46.0,female,uk,111399,image,food,18315.0,1414.0,385.0,750,74879,2022-05-31,192098,False,tablet,negative,#fun #fashion,0.26862004,2,20114.0,2022,5,May,Tuesday,51119.39350912779,46–55
25563,58.0,male,uk,990797,image,lifestyle,4242.0,2981.0,802.0,5570,94916,2022-04-10,94593,False,desktop,neutral,#lifestyle #foodie #music,0.084548443,3,8025.0,2022,4,April,Sunday,51119.39350912779,56+
19847,57.0,other,uae,112685,image,lifestyle,12693.0,1497.0,865.0,5594,90298,2022-09-04,619406,False,mobile,positive,#fun #lifestyle #fashion,0.150911427,3,15055.0,2022,9,September,Sunday,48928.41351888668,56+
36155,16.0,female,japan,449921,text,tech,16566.0,842.0,1022.0,4916,63707,2023-09-17,733038,False,tablet,positive,#fitness #fashion,0.28929317,2,18430.0,2023,9,September,Sunday,49616.13559322034,Under 18
89671,26.0,other,india,890919,video,lifestyle,637.0,2294.0,277.0,5538,95020,2023-06-21,412488,False,mobile,negative,#lifestyle #travel,0.033761313,2,3208.0,2023,6,June,Wednesday,52462.38691588785,26–35
93310,26.0,male,canada,898450,image,fashion,19389.0,2376.0,1471.0,7171,27115,2023-05-11,216502,False,tablet,negative,#tech #fashion,0.856942652,2,23236.0,2023,5,May,Thursday,48703.150097465885,26–35
77278,28.0,female,germany,763110,reel,education,19856.0,2205.0,826.0,7491,73160,2022-10-16,564358,False,mobile,negative,#reels #tech #lifestyle,0.312834882,3,22887.0,2022,10,October,Sunday,48605.40612244898,26–35
28309,19.0,other,uk,543445,image,lifestyle,16908.0,917.0,944.0,6512,80324,2023-02-19,630441,False,tablet,positive,#fitness,0.233666152,1,18769.0,2023,2,February,Sunday,51119.39350912779,18–25
10619,44.0,other,uae,707508,text,fashion,14202.0,2745.0,51.0,1887,14450,2023-09-07,714673,False,mobile,positive,#fashion,1.17633218,1,16998.0,2023,9,September,Thursday,48928.41351888668,36–45
93194,31.0,female,uae,405262,image,travel,2370.0,742.0,1428.0,3685,34145,2022-03-20,780387,False,mobile,neutral,#foodie,0.132962366,1,4540.0,2022,3,March,Sunday,48928.41351888668,26–35
60108,14.0,other,france,159615,video,tech,9476.0,2632.0,395.0,1418,72402,2023-01-20,472277,False,desktop,neutral,#travel,0.1726886,1,12503.0,2023,1,January,Friday,51727.67338709677,Under 18
44707,22.0,other,france,704234,image,music,18019.0,54.0,778.0,2603,7453,2023-03-14,386245,False,tablet,neutral,#lifestyle,2.529317054,1,18851.0,2023,3,March,Tuesday,51727.67338709677,18–25
30337,62.0,male,australia,352409,video,food,9915.0,2533.0,1779.0,5238,8678,2023-06-12,361052,False,mobile,positive,#love,1.639433049,1,14227.0,2023,6,June,Monday,48346.38336713996,56+
91537,29.0,male,uk,746157,video,fitness,10638.0,1837.0,693.0,3771,48108,2022-12-07,797881,False,desktop,positive,#fashion,0.273717469,1,13168.0,2022,12,December,Wednesday,51119.39350912779,26–35
76504,49.0,male,india,901537,reel,food,10105.5,1376.0,210.0,5862,73303,2022-02-28,171815,False,tablet,positive,#foodie #love #reels,0.154959551,3,11691.5,2022,2,February,Monday,52462.38691588785,46–55
57614,24.0,male,canada,987996,video,food,10652.0,409.0,889.0,5100,113,2023-12-07,355595,True,desktop,positive,#travel #fashion,105.7522124,2,11950.0,2023,12,December,Thursday,48703.150097465885,18–25
10281,18.0,male,canada,804875,text,education,16963.0,2952.0,1733.0,5061,56649,2023-09-29,73125,False,mobile,positive,#music,0.382142668,1,21648.0,2023,9,September,Friday,48703.150097465885,Under 18
37420,34.0,male,brazil,147342,text,music,15743.0,2774.0,269.0,5110,20670,2023-06-28,702747,False,tablet,negative,#fitness,0.908853411,1,18786.0,2023,6,June,Wednesday,49193.1746031746,26–35
90896,44.0,female,brazil,474160,video,fitness,3941.0,1038.0,544.0,5309,77404,2023-11-21,457528,False,mobile,positive,#music #love #reels,0.071352902,3,5523.0,2023,11,November,Tuesday,49193.1746031746,36–45
49030,53.0,male,australia,870893,video,education,8387.0,146.0,1006.0,2018,49255,2022-08-07,343204,True,mobile,positive,#tech #travel #fun,0.193665618,3,9539.0,2022,8,August,Sunday,48346.38336713996,46–55
11058,32.0,other,germany,283256,image,music,8524.0,1513.0,1637.0,2036,93281,2022-04-10,255879,False,desktop,negative,#music #travel #love,0.125148744,3,11674.0,2022,4,April,Sunday,48605.40612244898,26–35
96213,13.0,female,brazil,576463,image,tech,3091.0,1679.0,844.0,1645,32507,2022-04-13,312786,False,mobile,positive,#travel,0.172701264,1,5614.0,2022,4,April,Wednesday,49193.1746031746,Under 18
86260,59.0,other,usa,946938,reel,lifestyle,4718.0,1048.0,1012.0,3487,3390,2023-09-22,296182,False,tablet,negative,#fitness #love,2.000294985,2,6778.0,2023,9,September,Friday,51263.87225548902,56+
38404,18.0,male,australia,911399,image,travel,8849.0,1714.0,1305.0,813,61382,2022-04-29,117335,False,desktop,positive,#reels,0.193346584,1,11868.0,2022,4,April,Friday,48346.38336713996,Under 18
39856,31.0,male,canada,922455,text,food,17636.0,2380.0,397.0,5910,40798,2022-01-07,481853,False,mobile,positive,#travel #foodie #fun,0.500343154,3,20413.0,2022,1,January,Friday,48703.150097465885,26–35
19200,30.0,other,canada,940720,image,education,8715.0,1197.0,1772.0,6249,59046,2023-01-23,407213,False,mobile,neutral,#love #fashion #foodie,0.197879619,3,11684.0,2023,1,January,Monday,48703.150097465885,26–35
74178,18.0,other,india,877156,reel,lifestyle,10456.0,1798.0,1239.0,6308,79681,2023-04-23,633702,False,mobile,negative,#love,0.169337734,1,13493.0,2023,4,April,Sunday,52462.38691588785,Under 18
43997,57.0,other,uae,224939,reel,food,13277.0,2337.0,1455.0,4733,45859,2023-06-06,796735,False,desktop,neutral,#fun #fitness #lifestyle,0.37220611,3,17069.0,2023,6,June,Tuesday,48928.41351888668,56+
35611,45.0,female,usa,987973,video,tech,15950.0,2617.0,1344.0,7513,70462,2022-10-08,422904,False,tablet,neutral,#foodie #fashion #reels,0.282577843,3,19911.0,2022,10,October,Saturday,51263.87225548902,36–45
51235,35.0,male,germany,388766,reel,tech,2422.0,2838.0,813.0,3169,69609,2022-02-11,363405,False,desktop,neutral,#music #foodie #tech,0.087244466,3,6073.0,2022,2,February,Friday,48605.40612244898,26–35
45057,35.0,other,france,669489,video,fashion,8227.0,2956.0,638.0,1023,27218,2023-07-13,277798,False,mobile,neutral,#music,0.434308178,1,11821.0,2023,7,July,Thursday,51727.67338709677,26–35
11239,38.0,male,australia,640638,text,tech,8967.0,26.0,492.0,1509,26318,2022-04-06,296677,False,desktop,positive,#music #travel,0.360399726,2,9485.0,2022,4,April,Wednesday,48346.38336713996,36–45
75661,25.0,other,brazil,941252,text,music,16411.0,1124.0,950.0,2038,26165,2023-05-19,474463,False,mobile,positive,#fitness,0.70647812,1,18485.0,2023,5,May,Friday,49193.1746031746,18–25
55272,19.0,male,japan,935141,image,tech,7539.0,2973.0,1629.0,6474,88607,2022-09-03,372225,False,desktop,neutral,#love #fashion #reels,0.137020777,3,12141.0,2022,9,September,Saturday,49616.13559322034,18–25
99393,38.0,male,india,974664,reel,food,85.0,2435.0,1609.0,1393,45118,2022-08-12,145370,False,mobile,positive,#tech #travel,0.091515581,2,4129.0,2022,8,August,Friday,52462.38691588785,36–45
71212,56.0,male,canada,261961,text,travel,6909.0,1090.0,127.0,7609,62644,2022-04-24,489954,False,desktop,negative,#fashion #lifestyle,0.129717132,2,8126.0,2022,4,April,Sunday,48703.150097465885,56+
25398,39.0,male,japan,241296,video,education,13316.0,249.0,73.0,5239,31598,2023-06-28,737941,True,mobile,neutral,#love #fitness #lifestyle,0.431609596,3,13638.0,2023,6,June,Wednesday,49616.13559322034,36–45
66503,38.0,male,australia,862620,reel,food,4653.0,141.0,1499.0,2346,96712,2022-11-26,469503,False,mobile,neutral,#love,0.065069485,1,6293.0,2022,11,November,Saturday,48346.38336713996,36–45
16638,45.0,female,uk,236537,reel,education,8033.0,266.0,451.0,855,55629,2023-05-18,27551,False,desktop,neutral,#travel #music,0.15729206,2,8750.0,2023,5,May,Thursday,51119.39350912779,36–45
16570,27.0,female,germany,968850,video,lifestyle,10748.0,214.0,1485.0,1166,19717,2022-06-02,264864,False,desktop,negative,#fitness #tech,0.631282649,2,12447.0,2022,6,June,Thursday,48605.40612244898,26–35
78785,48.0,male,uk,197739,reel,education,13925.0,488.0,1931.0,2754,96530,2022-08-05,716848,False,mobile,neutral,#fun #tech,0.169315239,2,16344.0,2022,8,August,Friday,51119.39350912779,46–55
19110,57.0,other,australia,324552,reel,tech,5066.0,495.0,437.0,1665,59139,2023-05-04,277329,True,tablet,positive,#fun,0.101422073,1,5998.0,2023,5,May,Thursday,48346.38336713996,56+
89141,39.0,female,uk,679502,text,fashion,12504.0,479.0,1279.0,4038,17870,2022-09-29,353933,True,mobile,positive,#lifestyle #fitness #fun,0.79809737,3,14262.0,2022,9,September,Thursday,51119.39350912779,36–45
22115,17.0,female,germany,326445,video,travel,15896.0,2690.0,447.0,6020,73179,2023-02-04,575101,False,mobile,neutral,#lifestyle,0.260088277,1,19033.0,2023,2,February,Saturday,48605.40612244898,Under 18
49062,14.0,male,uae,758304,text,fashion,16640.0,0.0,1125.0,1972,54044,2022-12-16,176711,False,tablet,neutral,#fun,0.328713641,1,17765.0,2022,12,December,Friday,48928.41351888668,Under 18
32911,45.0,female,australia,124336,video,fitness,11998.0,1903.0,558.0,6060,17681,2023-02-26,434907,False,mobile,positive,#lifestyle #fashion,0.817770488,2,14459.0,2023,2,February,Sunday,48346.38336713996,36–45
42556,28.0,female,japan,662912,image,fashion,13764.0,840.0,1700.0,3687,18769,2022-09-18,208289,False,desktop,positive,#music #tech,0.868666418,2,16304.0,2022,9,September,Sunday,49616.13559322034,26–35
88131,35.0,other,uk,951638,reel,music,1447.0,2427.0,969.0,1116,81158,2023-06-03,564270,False,desktop,positive,#tech,0.059673723,1,4843.0,2023,6,June,Saturday,51119.39350912779,26–35
11969,50.0,other,germany,144764,reel,fashion,12611.0,843.0,1791.0,3368,91199,2023-12-18,343246,False,tablet,positive,#music #fitness #tech,0.167161921,3,15245.0,2023,12,December,Monday,48605.40612244898,46–55
53753,28.0,other,brazil,590548,text,lifestyle,15858.0,1885.0,936.0,4542,19443,2022-09-21,686863,False,mobile,neutral,#music #tech,0.960705652,2,18679.0,2022,9,September,Wednesday,49193.1746031746,26–35
92811,26.0,male,france,980757,reel,tech,5700.0,1497.0,282.0,6623,50513,2022-11-14,237056,True,desktop,positive,#tech #lifestyle,0.16492784,2,7479.0,2022,11,November,Monday,51727.67338709677,26–35
14470,41.0,female,germany,145420,reel,music,3343.0,649.0,1961.0,733,18024,2023-12-15,784281,True,mobile,neutral,#foodie #music,0.330281846,2,5953.0,2023,12,December,Friday,48605.40612244898,36–45
20225,38.0,male,india,582974,text,lifestyle,17077.0,1440.0,759.0,3783,57149,2022-04-26,439925,False,tablet,negative,#foodie #tech #fashion,0.337293741,3,19276.0,2022,4,April,Tuesday,52462.38691588785,36–45
33196,47.0,male,france,204381,text,tech,10257.0,1893.0,1227.0,5919,94128,2022-07-31,37074,False,desktop,neutral,#travel,0.142114992,1,13377.0,2022,7,July,Sunday,51727.67338709677,46–55
23669,27.0,female,brazil,689959,video,music,14442.0,2856.0,85.0,2921,64507,2022-06-09,506810,False,tablet,negative,#fun #lifestyle,0.269474631,2,17383.0,2022,6,June,Thursday,49193.1746031746,26–35
47380,15.0,female,usa,731884,image,lifestyle,11792.0,1301.0,1347.0,3329,32166,2023-04-22,378404,False,mobile,positive,#reels #love,0.448921221,2,14440.0,2023,4,April,Saturday,51263.87225548902,Under 18
58320,35.0,other,japan,912879,text,tech,12412.0,2386.0,1948.0,4617,87683,2023-10-03,474711,False,mobile,neutral,#fitness,0.190983429,1,16746.0,2023,10,October,Tuesday,49616.13559322034,26–35
57414,41.0,male,canada,235105,video,music,3665.0,1482.0,163.0,1706,63994,2022-05-28,723019,False,mobile,positive,#tech,0.082976529,1,5310.0,2022,5,May,Saturday,48703.150097465885,36–45
25577,46.0,male,brazil,120497,text,music,2674.0,1725.0,876.0,5494,71956,2023-03-23,247599,False,tablet,neutral,#travel,0.073308689,1,5275.0,2023,3,March,Thursday,49193.1746031746,46–55
98009,45.0,female,uae,179714,video,music,10590.0,1354.0,1080.0,3498,41673,2022-03-19,159273,False,desktop,positive,#lifestyle #love #fitness,0.312528496,3,13024.0,2022,3,March,Saturday,48928.41351888668,36–45
65409,53.0,male,france,226892,image,education,16734.0,1293.0,205.0,1124,80336,2022-09-19,199142,False,tablet,negative,#fitness #lifestyle #travel,0.226946823,3,18232.0,2022,9,September,Monday,51727.67338709677,46–55
38625,53.0,other,uae,303154,video,tech,8840.0,2713.0,1931.0,4717,29257,2022-02-21,501580,False,desktop,positive,#foodie #reels,0.460881157,2,13484.0,2022,2,February,Monday,48928.41351888668,46–55
91040,35.0,male,france,864227,video,music,12062.0,1195.0,1452.0,4854,79920,2022-09-15,510012,True,mobile,positive,#music,0.184046547,1,14709.0,2022,9,September,Thursday,51727.67338709677,26–35
34089,19.0,female,india,243954,reel,tech,7044.0,403.0,147.0,1858,94629,2023-07-05,695583,False,mobile,positive,#reels #fashion #tech,0.08025024,3,7594.0,2023,7,July,Wednesday,52462.38691588785,18–25
46487,15.0,other,usa,772305,text,fashion,2063.0,1491.0,1324.0,2291,53486,2022-09-05,232092,False,tablet,positive,#reels #lifestyle,0.091201436,2,4878.0,2022,9,September,Monday,51263.87225548902,Under 18
75838,44.0,other,canada,349720,video,fitness,13011.0,2294.0,790.0,6166,73139,2022-10-15,509387,True,desktop,neutral,#tech,0.220060433,1,16095.0,2022,10,October,Saturday,48703.150097465885,36–45
60138,43.0,female,india,946302,text,tech,7413.0,1546.0,1981.0,5473,52725,2022-09-11,28031,False,mobile,neutral,#fitness,0.207491702,1,10940.0,2022,9,September,Sunday,52462.38691588785,36–45
52823,30.0,male,brazil,773955,video,fitness,18205.0,2606.0,1313.0,2513,11589,2023-09-20,265578,False,mobile,positive,#fun,1.909051687,1,22124.0,2023,9,September,Wednesday,49193.1746031746,26–35
47208,55.0,female,uae,315363,reel,fitness,12464.0,2825.0,1044.0,7392,83309,2023-12-10,322610,False,tablet,neutral,#love,0.196053248,1,16333.0,2023,12,December,Sunday,48928.41351888668,46–55
64061,19.0,male,france,197847,reel,food,10782.0,1852.0,946.0,4960,98627,2022-08-02,354595,False,tablet,negative,#fitness #lifestyle,0.13769049,2,13580.0,2022,8,August,Tuesday,51727.67338709677,18–25
40659,53.0,male,brazil,295110,image,food,17969.0,110.0,1160.0,3515,78495,2022-04-02,386229,False,desktop,positive,#foodie,0.245098414,1,19239.0,2022,4,April,Saturday,49193.1746031746,46–55
41890,13.0,other,germany,342303,video,travel,9870.0,812.0,1012.0,2000,11115,2023-06-28,361095,False,mobile,neutral,#reels,1.140350877,1,11694.0,2023,6,June,Wednesday,48605.40612244898,Under 18
89134,26.0,male,usa,458278,reel,education,4659.0,1497.0,1392.0,1797,84660,2023-08-28,763551,True,desktop,negative,#reels #fashion #lifestyle,0.082447437,3,7548.0,2023,8,August,Monday,51263.87225548902,26–35
57055,64.0,other,japan,528665,text,music,2280.0,885.0,1545.0,2316,13196,2022-08-20,793977,False,desktop,positive,#fun,0.356926341,1,4710.0,2022,8,August,Saturday,49616.13559322034,56+
29508,44.0,male,germany,987542,video,music,3749.0,908.0,1843.0,2580,25662,2023-10-05,92320,False,desktop,positive,#travel #fun,0.253292806,2,6500.0,2023,10,October,Thursday,48605.40612244898,36–45
52287,18.0,female,uae,865625,video,music,2538.0,2838.0,556.0,2014,79838,2022-01-13,589569,False,tablet,negative,#fashion #fun #travel,0.074300458,3,5932.0,2022,1,January,Thursday,48928.41351888668,Under 18
88916,51.0,other,usa,511855,image,lifestyle,16827.0,1497.0,1459.0,6457,66659,2023-06-17,215378,False,desktop,positive,#foodie #reels #music,0.309410582,3,19783.0,2023,6,June,Saturday,51263.87225548902,46–55
36984,22.0,female,usa,829988,text,food,18451.0,1982.0,760.0,2167,56256,2023-03-21,261586,False,desktop,positive,#fitness,0.376724261,1,21193.0,2023,3,March,Tuesday,51263.87225548902,18–25
18125,19.0,female,brazil,171918,image,tech,11990.0,174.0,29.0,3028,25948,2023-05-18,55419,True,desktop,positive,#music #fun #travel,0.469901341,3,12193.0,2023,5,May,Thursday,49193.1746031746,18–25
46059,38.0,male,germany,535926,video,fitness,2534.0,2156.0,1471.0,7648,67415,2023-06-10,255859,True,tablet,positive,#fun #music #travel,0.091389157,3,6161.0,2023,6,June,Saturday,48605.40612244898,36–45
79569,46.0,female,brazil,285123,image,lifestyle,88.0,1363.0,224.0,1947,50952,2023-09-11,720682,False,tablet,neutral,#love,0.032874078,1,1675.0,2023,9,September,Monday,49193.1746031746,46–55
27087,42.0,female,brazil,291711,video,music,19774.0,2895.0,1409.0,1143,48648,2023-02-10,161949,False,mobile,negative,#fun #love,0.494943266,2,24078.0,2023,2,February,Friday,49193.1746031746,36–45
15704,48.0,other,brazil,103159,video,travel,6577.0,1037.0,1712.0,4805,57251,2023-10-02,286261,False,tablet,positive,#reels #tech,0.162896718,2,9326.0,2023,10,October,Monday,49193.1746031746,46–55
70576,33.0,other,uae,957624,image,music,18325.0,2740.0,1631.0,4231,10526,2023-06-28,739044,False,tablet,neutral,#love #travel,2.156184686,2,22696.0,2023,6,June,Wednesday,48928.41351888668,26–35
83384,29.0,male,france,429132,image,food,19694.0,2090.0,428.0,3148,12636,2023-11-12,93900,False,desktop,positive,#music #tech #reels,1.757834758,3,22212.0,2023,11,November,Sunday,51727.67338709677,26–35
97128,45.0,male,france,732027,video,fashion,8263.0,460.0,528.0,7521,76987,2022-10-15,406354,False,mobile,negative,#reels #foodie #music,0.120163144,3,9251.0,2022,10,October,Saturday,51727.67338709677,36–45
82460,22.0,male,uae,380850,image,education,17205.0,2752.0,1051.0,7225,64656,2023-03-02,273170,False,tablet,negative,#lifestyle,0.324919574,1,21008.0,2023,3,March,Thursday,48928.41351888668,18–25
37208,63.0,other,canada,503078,image,lifestyle,8072.0,148.0,125.0,935,69619,2023-03-12,330906,False,mobile,positive,#music #tech #fun,0.119866703,3,8345.0,2023,3,March,Sunday,48703.150097465885,56+
95150,59.0,female,japan,896651,video,travel,10105.5,337.0,812.0,3157,80217,2022-03-22,425391,False,desktop,positive,#fashion #reels,0.228729571,2,11254.5,2022,3,March,Tuesday,49616.13559322034,56+
76024,54.0,female,india,451161,text,tech,18082.0,1002.0,1808.0,0,48130,2023-05-03,358021,False,tablet,positive,#tech,0.434074382,1,20892.0,2023,5,May,Wednesday,52462.38691588785,46–55
49882,63.0,male,japan,396680,image,lifestyle,12538.0,1497.0,498.0,76,81406,2022-07-01,637054,False,desktop,positive,#lifestyle #fitness,0.188032823,2,14533.0,2022,7,July,Friday,49616.13559322034,56+
35923,24.0,male,uae,433776,image,fitness,11108.0,1133.0,1210.0,5056,7485,2022-12-24,483580,False,desktop,neutral,#foodie #love,1.797060788,2,13451.0,2022,12,December,Saturday,48928.41351888668,18–25
39165,28.0,male,uk,858849,reel,tech,7362.0,353.0,653.0,5641,56846,2023-12-03,290342,False,mobile,positive,#tech #foodie,0.147204729,2,8368.0,2023,12,December,Sunday,51119.39350912779,26–35
77203,53.0,other,india,570607,text,tech,10234.0,1107.0,1395.0,7611,22642,2022-09-12,727889,False,tablet,positive,#foodie,0.562494479,1,12736.0,2022,9,September,Monday,52462.38691588785,46–55
14114,44.0,female,canada,556102,image,lifestyle,5691.0,2602.0,137.0,2628,20323,2022-06-15,400116,False,mobile,neutral,#reels #fashion #foodie,0.414800964,3,8430.0,2022,6,June,Wednesday,48703.150097465885,36–45
74965,27.0,other,australia,995230,video,music,1953.0,2113.0,993.0,6134,35604,2023-04-10,638373,False,desktop,neutral,#fun #music #tech,0.142090776,3,5059.0,2023,4,April,Monday,48346.38336713996,26–35
46321,39.0,female,india,573212,reel,fashion,4963.0,1914.0,1997.0,2195,52658,2022-09-13,48382,False,tablet,negative,#music #fun,0.168521402,2,8874.0,2022,9,September,Tuesday,52462.38691588785,36–45
83297,40.0,other,usa,396081,reel,fashion,5986.0,2668.0,1360.0,573,84794,2023-02-27,109005,False,desktop,neutral,#tech,0.118097979,1,10014.0,2023,2,February,Monday,51263.87225548902,36–45
35426,29.0,female,uae,121094,reel,music,7752.0,1109.0,740.0,1548,53884,2022-07-17,746759,False,mobile,neutral,#lifestyle #tech,0.178179051,2,9601.0,2022,7,July,Sunday,48928.41351888668,26–35
27772,58.0,male,australia,225312,image,lifestyle,11445.0,83.0,213.0,185,25167,2022-08-01,162282,False,mobile,negative,#tech,0.466523622,1,11741.0,2022,8,August,Monday,48346.38336713996,56+
13712,62.0,male,japan,204894,video,music,4991.0,1977.0,1012.0,5796,10151,2023-07-11,656964,False,desktop,neutral,#travel,0.864643877,1,7980.0,2023,7,July,Tuesday,49616.13559322034,56+
11367,14.0,male,australia,870434,reel,lifestyle,8447.0,226.0,290.0,4617,43399,2023-06-09,318725,False,mobile,positive,#love #lifestyle,0.206525496,2,8963.0,2023,6,June,Friday,48346.38336713996,Under 18
61924,48.0,other,uae,741406,text,lifestyle,1931.0,2939.0,943.0,3842,25267,2022-02-21,712806,False,mobile,negative,#reels #love #tech,0.230062928,3,5813.0,2022,2,February,Monday,48928.41351888668,46–55
13726,62.0,male,japan,783284,reel,education,17495.0,1012.0,1593.0,6305,35602,2022-09-22,323120,False,desktop,neutral,#tech,0.564575024,1,20100.0,2022,9,September,Thursday,49616.13559322034,56+
99152,19.0,female,uae,969757,reel,education,872.0,19.0,370.0,7457,56139,2022-11-21,328401,False,tablet,neutral,#travel,0.022462103,1,1261.0,2022,11,November,Monday,48928.41351888668,18–25
37723,25.0,other,germany,755483,text,fitness,10105.5,2802.0,529.0,6045,98206,2023-07-09,778980,False,tablet,positive,#love #travel #reels,0.114911513,3,13436.5,2023,7,July,Sunday,48605.40612244898,18–25
19108,27.0,male,uk,607146,reel,food,17945.0,1466.0,691.0,3492,67128,2022-01-07,237700,False,tablet,neutral,#reels #music,0.299457752,2,20102.0,2022,1,January,Friday,51119.39350912779,26–35
87714,37.0,other,canada,433589,reel,tech,5526.0,2988.0,1693.0,2243,91787,2022-02-13,95306,False,desktop,neutral,#lifestyle,0.111203112,1,10207.0,2022,2,February,Sunday,48703.150097465885,36–45
45643,35.0,female,canada,131854,text,lifestyle,12920.0,269.0,1791.0,33,782,2022-06-21,733458,False,desktop,positive,#fitness #lifestyle,19.15601023,2,14980.0,2022,6,June,Tuesday,48703.150097465885,26–35
41324,34.0,female,usa,160796,image,education,5560.0,2453.0,548.0,7839,25304,2022-04-12,43487,False,mobile,neutral,#reels #lifestyle #fun,0.338325956,3,8561.0,2022,4,April,Tuesday,51263.87225548902,26–35
93360,38.0,other,uk,431576,text,food,15389.0,1531.0,1319.0,1620,63259,2023-08-03,689629,False,tablet,neutral,#foodie #travel,0.28832261,2,18239.0,2023,8,August,Thursday,51119.39350912779,36–45
18927,45.0,other,uk,290040,image,fitness,9085.0,303.0,773.0,5689,20966,2023-09-26,87283,False,mobile,positive,#music,0.484641801,1,10161.0,2023,9,September,Tuesday,51119.39350912779,36–45
32443,38.0,male,usa,903543,image,tech,7715.0,1308.0,1614.0,1896,46762,2023-08-12,726183,False,desktop,positive,#lifestyle #music,0.227471023,2,10637.0,2023,8,August,Saturday,51263.87225548902,36–45
89973,38.0,male,japan,172575,image,food,19068.0,809.0,1016.0,2455,21231,2022-10-23,187312,False,tablet,negative,#travel,0.984079883,1,20893.0,2022,10,October,Sunday,49616.13559322034,36–45
73449,37.0,female,usa,210380,text,tech,9438.0,1052.0,418.0,1800,51492,2022-07-24,419862,False,desktop,positive,#tech,0.211838732,1,10908.0,2022,7,July,Sunday,51263.87225548902,36–45
86743,49.0,female,japan,386243,text,music,17130.0,2438.0,1689.0,5416,44814,2023-05-06,154644,False,mobile,negative,#fashion,0.474338376,1,21257.0,2023,5,May,Saturday,49616.13559322034,46–55
70233,60.0,female,usa,562422,image,fashion,5243.0,1932.0,360.0,6039,98504,2022-11-14,156873,False,mobile,positive,#tech,0.076494356,1,7535.0,2022,11,November,Monday,51263.87225548902,56+
35537,55.0,other,india,208871,text,lifestyle,6826.0,2040.0,1882.0,4632,1193,2022-06-20,246889,False,desktop,positive,#lifestyle,9.009220453,1,10748.0,2022,6,June,Monday,52462.38691588785,46–55
87576,50.0,other,india,874079,image,music,4085.0,908.0,1181.0,2083,79121,2022-08-06,92566,False,desktop,neutral,#love #fashion #foodie,0.078032381,3,6174.0,2022,8,August,Saturday,52462.38691588785,46–55
32612,53.0,male,germany,377173,text,fashion,6117.0,141.0,1098.0,5383,10783,2023-05-16,795956,False,tablet,neutral,#foodie,0.682184921,1,7356.0,2023,5,May,Tuesday,48605.40612244898,46–55
16471,57.0,female,france,525027,video,travel,17390.0,2693.0,1395.0,1405,85792,2022-07-12,787016,False,desktop,positive,#tech #lifestyle,0.250349683,2,21478.0,2022,7,July,Tuesday,51727.67338709677,56+
45631,36.0,male,usa,115793,text,fitness,9082.0,1679.0,919.0,6257,41492,2022-11-29,768723,False,mobile,neutral,#love #music #tech,0.281500048,3,11680.0,2022,11,November,Tuesday,51263.87225548902,36–45
41348,52.0,other,uk,410250,text,lifestyle,10683.0,808.0,1913.0,3688,5434,2022-06-02,274234,False,mobile,positive,#lifestyle #fashion,2.466691204,2,13404.0,2022,6,June,Thursday,51119.39350912779,46–55
74732,58.0,other,india,447806,text,music,14884.0,947.0,566.0,2652,98940,2023-07-07,302723,False,desktop,neutral,#foodie,0.165726703,1,16397.0,2023,7,July,Friday,52462.38691588785,56+
11177,45.0,other,brazil,315836,image,food,2876.0,2292.0,717.0,7768,74146,2022-01-23,660076,False,desktop,positive,#fashion #lifestyle,0.079370431,2,5885.0,2022,1,January,Sunday,49193.1746031746,36–45
14760,29.0,male,japan,882778,image,tech,18410.0,765.0,726.0,4538,81281,2023-11-29,240071,False,tablet,positive,#foodie #fun,0.244841968,2,19901.0,2023,11,November,Wednesday,49616.13559322034,26–35
42779,36.0,other,india,577347,video,education,5556.0,1497.0,1544.0,1186,63812,2022-08-04,501588,False,mobile,positive,#foodie #love #reels,0.15707077,3,8597.0,2022,8,August,Thursday,52462.38691588785,36–45
31636,49.0,female,india,494188,video,travel,5241.0,2959.0,1129.0,4133,24000,2022-02-12,383499,False,mobile,negative,#foodie,0.388708333,1,9329.0,2022,2,February,Saturday,52462.38691588785,46–55
91889,14.0,male,uae,493576,reel,fitness,15906.0,919.0,1853.0,2139,31207,2022-12-27,679295,True,mobile,positive,#love #fashion #fun,0.598519563,3,18678.0,2022,12,December,Tuesday,48928.41351888668,Under 18
63551,44.0,other,japan,757992,video,fitness,14914.0,938.0,366.0,2678,56760,2023-09-17,419681,False,desktop,neutral,#fitness #lifestyle #travel,0.285729387,3,16218.0,2023,9,September,Sunday,49616.13559322034,36–45
21556,36.0,male,canada,858612,image,fitness,5669.0,2496.0,401.0,3794,42922,2023-02-18,499046,True,mobile,negative,#lifestyle,0.199571315,1,8566.0,2023,2,February,Saturday,48703.150097465885,36–45
37598,21.0,male,australia,180882,video,food,5399.0,2313.0,1780.0,2719,99931,2023-02-22,41340,False,desktop,neutral,#music #foodie #reels,0.09498554,3,9492.0,2023,2,February,Wednesday,48346.38336713996,18–25
21563,16.0,other,japan,249080,video,music,8933.0,1262.0,1842.0,6244,24746,2023-09-14,448081,False,tablet,negative,#lifestyle #love #fun,0.486422048,3,12037.0,2023,9,September,Thursday,49616.13559322034,Under 18
56819,29.0,other,germany,701944,text,lifestyle,13648.0,2297.0,102.0,4602,54500,2023-10-12,322310,False,desktop,positive,#fashion #love #lifestyle,0.294440367,3,16047.0,2023,10,October,Thursday,48605.40612244898,26–35
83770,29.0,male,uae,523499,video,fashion,19392.0,1497.0,786.0,2226,66079,2023-09-09,362025,False,tablet,positive,#lifestyle,0.319799028,1,21675.0,2023,9,September,Saturday,48928.41351888668,26–35
36966,62.0,male,japan,937340,reel,travel,10168.0,1314.0,324.0,2331,48517,2022-11-12,442991,False,tablet,positive,#reels #music #lifestyle,0.243337387,3,11806.0,2022,11,November,Saturday,49616.13559322034,56+
91709,60.0,other,japan,763178,text,music,7495.0,542.0,372.0,4023,62138,2023-10-14,433584,False,desktop,neutral,#tech #fitness,0.135327819,2,8409.0,2023,10,October,Saturday,49616.13559322034,56+
69889,42.0,female,france,563871,image,food,15605.0,2679.0,337.0,4450,63605,2023-03-06,492093,False,tablet,neutral,#love #fitness #travel,0.292760003,3,18621.0,2023,3,March,Monday,51727.67338709677,36–45
36987,52.0,male,uae,130579,reel,tech,14204.0,1102.0,890.0,6023,71310,2023-05-14,226918,False,desktop,neutral,#travel,0.227121021,1,16196.0,2023,5,May,Sunday,48928.41351888668,46–55
88714,23.0,male,japan,679466,image,food,19295.0,2954.0,1056.0,3368,1969,2022-12-15,435397,True,mobile,negative,#foodie #fitness,11.83595734,2,23305.0,2022,12,December,Thursday,49616.13559322034,18–25
68348,33.0,female,australia,812944,reel,tech,6897.0,2568.0,1131.0,3957,53900,2022-03-16,43563,False,desktop,positive,#fun #lifestyle #travel,0.196586271,3,10596.0,2022,3,March,Wednesday,48346.38336713996,26–35
34596,33.0,other,australia,296092,text,tech,11276.0,2931.0,1445.0,5654,43071,2022-08-21,260791,True,tablet,positive,#fashion #music,0.363399967,2,15652.0,2022,8,August,Sunday,48346.38336713996,26–35
43174,30.0,other,brazil,604473,reel,fitness,5485.0,2781.0,1292.0,6069,27597,2023-12-25,307333,False,tablet,neutral,#fitness #travel #lifestyle,0.346341994,3,9558.0,2023,12,December,Monday,49193.1746031746,26–35
74106,41.0,female,uae,737492,reel,food,5838.0,143.0,1968.0,487,95696,2023-07-24,665833,False,mobile,positive,#love #lifestyle #foodie,0.083065123,3,7949.0,2023,7,July,Monday,48928.41351888668,36–45
79967,36.0,other,canada,719661,video,fashion,17157.0,2991.0,1096.0,5101,44411,2022-02-07,264410,False,desktop,positive,#love #music,0.478349958,2,21244.0,2022,2,February,Monday,48703.150097465885,36–45
69182,22.0,other,japan,614879,image,tech,2144.0,2612.0,1881.0,278,82299,2022-09-19,687714,False,mobile,neutral,#fashion #travel #foodie,0.080644965,3,6637.0,2022,9,September,Monday,49616.13559322034,18–25
97163,57.0,male,france,756335,text,education,14406.0,1199.0,1204.0,2591,870,2023-03-22,239773,False,tablet,positive,#fashion #lifestyle #fun,19.32068966,3,16809.0,2023,3,March,Wednesday,51727.67338709677,56+
49310,29.0,male,france,556695,reel,fitness,9184.0,2117.0,1920.0,649,87582,2022-07-31,71922,False,desktop,neutral,#lifestyle #travel #tech,0.150955676,3,13221.0,2022,7,July,Sunday,51727.67338709677,26–35
66088,30.0,male,uk,378409,image,fashion,5980.0,2680.0,1803.0,7760,50205,2023-04-03,107397,False,tablet,positive,#fashion,0.208405537,1,10463.0,2023,4,April,Monday,51119.39350912779,26–35
18906,54.0,female,canada,949950,image,music,14692.0,2936.0,1175.0,2978,29100,2023-10-12,277767,False,desktop,positive,#reels #lifestyle,0.646151203,2,18803.0,2023,10,October,Thursday,48703.150097465885,46–55
46914,60.0,other,france,497534,video,music,14879.0,2848.0,1535.0,354,1659,2022-10-09,742809,False,mobile,positive,#tech,11.6106088,1,19262.0,2022,10,October,Sunday,51727.67338709677,56+
55379,32.0,other,australia,528297,image,music,11513.0,2227.0,1920.0,7486,92709,2023-07-24,337101,False,mobile,neutral,#tech #reels,0.168915639,2,15660.0,2023,7,July,Monday,48346.38336713996,26–35
88612,49.0,male,uk,289721,text,food,12034.0,592.0,1091.0,2242,52698,2023-07-19,560701,False,tablet,positive,#fashion #reels #fun,0.260294508,3,13717.0,2023,7,July,Wednesday,51119.39350912779,46–55
47650,57.0,male,usa,739763,video,fashion,8141.0,1497.0,1926.0,4899,44427,2022-07-25,317202,True,mobile,positive,#travel #music #love,0.23933644,3,11564.0,2022,7,July,Monday,51263.87225548902,56+
56881,30.0,female,france,610332,reel,food,15323.0,690.0,1395.0,6236,93759,2022-01-05,785620,False,mobile,positive,#fashion #music #travel,0.185667509,3,17408.0,2022,1,January,Wednesday,51727.67338709677,26–35
56413,29.0,other,germany,600267,text,tech,19621.0,1133.0,1371.0,2480,7082,2023-09-11,653917,True,tablet,neutral,#lifestyle,3.124117481,1,22125.0,2023,9,September,Monday,48605.40612244898,26–35
16012,21.0,female,uae,798429,text,music,8195.0,664.0,996.0,557,18924,2022-08-31,403317,False,tablet,neutral,#fashion #lifestyle #foodie,0.52076728,3,9855.0,2022,8,August,Wednesday,48928.41351888668,18–25
60115,26.0,other,france,606568,text,travel,8356.0,1982.0,1732.0,5146,98512,2022-05-28,54203,False,tablet,negative,#love,0.122523144,1,12070.0,2022,5,May,Saturday,51727.67338709677,26–35
17151,61.0,female,india,309742,video,travel,12631.0,405.0,1830.0,3486,9247,2023-11-22,525075,False,desktop,negative,#fashion,1.607656537,1,14866.0,2023,11,November,Wednesday,52462.38691588785,56+
67716,41.0,male,canada,467112,image,music,1897.0,985.0,31.0,161,7178,2023-11-17,633646,False,tablet,positive,#music #tech,0.405823349,2,2913.0,2023,11,November,Friday,48703.150097465885,36–45
46378,43.0,female,india,998118,text,lifestyle,11432.0,2684.0,1968.0,6244,85380,2022-11-19,668496,True,desktop,neutral,#lifestyle #fun #tech,0.188381354,3,16084.0,2022,11,November,Saturday,52462.38691588785,36–45
52652,16.0,female,brazil,176377,image,lifestyle,18951.0,1416.0,926.0,698,85509,2023-01-22,242917,True,tablet,neutral,#foodie #love #fashion,0.249014724,3,21293.0,2023,1,January,Sunday,49193.1746031746,Under 18
82430,30.0,male,france,453815,image,tech,8130.0,516.0,619.0,1973,65953,2023-01-28,103696,False,desktop,positive,#travel #love #fun,0.140478826,3,9265.0,2023,1,January,Saturday,51727.67338709677,26–35
23467,32.0,other,usa,243499,text,fashion,10105.5,849.0,1102.0,3544,98744,2023-10-13,78834,False,tablet,neutral,#reels,0.138236247,1,12056.5,2023,10,October,Friday,51263.87225548902,26–35
41010,59.0,other,india,533467,image,food,2559.0,1901.0,1282.0,3777,37312,2023-11-18,88886,False,desktop,neutral,#fashion,0.153891509,1,5742.0,2023,11,November,Saturday,52462.38691588785,56+
64691,55.0,male,india,330739,video,music,14744.0,907.0,1520.0,2205,84094,2022-09-07,422003,False,mobile,positive,#love #fitness,0.20418817,2,17171.0,2022,9,September,Wednesday,52462.38691588785,46–55
74157,56.0,female,canada,726551,video,travel,9530.0,315.0,877.0,491,45556,2023-03-04,565824,False,tablet,positive,#love #tech #foodie,0.235358679,3,10722.0,2023,3,March,Saturday,48703.150097465885,56+
22289,21.0,female,uk,518381,reel,music,16996.0,1285.0,174.0,1992,63903,2023-01-04,426482,False,tablet,neutral,#travel #fitness,0.288797083,2,18455.0,2023,1,January,Wednesday,51119.39350912779,18–25
54976,25.0,female,usa,745647,image,food,13187.0,1507.0,1390.0,7062,81677,2023-10-10,437446,False,desktop,neutral,#reels,0.196922022,1,16084.0,2023,10,October,Tuesday,51263.87225548902,18–25
53596,27.0,other,india,460988,image,tech,18268.0,26.0,14.0,1032,22162,2023-03-23,49144,False,mobile,positive,#travel #reels #tech,0.826098728,3,18308.0,2023,3,March,Thursday,52462.38691588785,26–35
33171,39.0,female,japan,689215,reel,fashion,3134.0,1518.0,1074.0,3283,45523,2022-01-22,203531,False,mobile,negative,#fashion,0.125782571,1,5726.0,2022,1,January,Saturday,49616.13559322034,36–45
96365,27.0,other,usa,435314,video,education,18006.0,54.0,106.0,3510,77816,2023-07-04,334427,False,desktop,neutral,#music #love,0.233448134,2,18166.0,2023,7,July,Tuesday,51263.87225548902,26–35
54139,40.0,female,japan,962582,reel,food,16375.0,1934.0,1745.0,6016,13484,2023-06-23,790643,False,tablet,neutral,#tech #foodie,1.487244141,2,20054.0,2023,6,June,Friday,49616.13559322034,36–45
58713,49.0,male,france,387010,reel,music,19666.0,1855.0,468.0,4919,12228,2022-10-09,390543,False,mobile,neutral,#tech #fitness #travel,1.798249918,3,21989.0,2022,10,October,Sunday,51727.67338709677,46–55
39734,31.0,male,india,896714,reel,fashion,18994.0,248.0,201.0,4774,12573,2022-10-06,237422,False,tablet,neutral,#fun #music,1.546408972,2,19443.0,2022,10,October,Thursday,52462.38691588785,26–35
82588,38.0,other,india,251391,image,education,14910.0,2320.0,1812.0,5974,2466,2022-04-30,796525,False,desktop,negative,#travel,7.721816707,1,19042.0,2022,4,April,Saturday,52462.38691588785,36–45
73646,64.0,other,australia,639700,image,travel,3069.0,1801.0,1241.0,785,27678,2022-09-10,647103,True,tablet,negative,#travel #foodie,0.220789074,2,6111.0,2022,9,September,Saturday,48346.38336713996,56+
13654,38.0,male,australia,595379,image,food,6486.0,2238.0,1064.0,1833,45749,2023-04-22,407846,True,mobile,neutral,#reels #travel,0.213950032,2,9788.0,2023,4,April,Saturday,48346.38336713996,36–45
99022,37.0,male,canada,566802,image,fitness,17639.0,2622.0,1911.0,991,15427,2022-03-06,53686,False,desktop,neutral,#music,1.437220458,1,22172.0,2022,3,March,Sunday,48703.150097465885,36–45
28743,38.0,female,uae,748423,text,travel,2660.0,856.0,1794.0,4206,67201,2023-08-09,667984,False,mobile,neutral,#love #travel #lifestyle,0.079016681,3,5310.0,2023,8,August,Wednesday,48928.41351888668,36–45
58368,38.0,male,uae,220019,reel,fashion,4452.0,1469.0,1408.0,6984,58236,2022-10-30,50992,False,tablet,neutral,#fitness #fashion #lifestyle,0.12584999,3,7329.0,2022,10,October,Sunday,48928.41351888668,36–45
84172,58.0,other,uk,911015,reel,tech,11869.0,1876.0,916.0,6346,92612,2022-11-13,373203,False,tablet,positive,#love,0.158305619,1,14661.0,2022,11,November,Sunday,51119.39350912779,56+
16441,40.0,male,canada,314649,image,fitness,4176.0,1525.0,1738.0,1783,37069,2022-06-23,510971,True,desktop,neutral,#music #fashion,0.200679813,2,7439.0,2022,6,June,Thursday,48703.150097465885,36–45
34611,61.0,other,uae,424066,video,lifestyle,3686.0,2663.0,335.0,5184,77845,2023-02-19,311696,False,mobile,negative,#foodie #love,0.085862933,2,6684.0,2023,2,February,Sunday,48928.41351888668,56+
22149,30.0,other,canada,368329,text,food,5237.0,1416.0,1634.0,5834,13029,2022-09-17,10444,False,mobile,neutral,#tech,0.636042674,1,8287.0,2022,9,September,Saturday,48703.150097465885,26–35
69189,44.0,female,india,448492,text,music,790.0,1794.0,1684.0,1184,10544,2022-10-12,486710,False,mobile,negative,#foodie #travel,0.40477997,2,4268.0,2022,10,October,Wednesday,52462.38691588785,36–45
31675,15.0,female,australia,191368,video,lifestyle,14827.0,2720.0,104.0,2461,8856,2022-03-14,763458,False,desktop,neutral,#music #lifestyle #foodie,1.993112014,3,17651.0,2022,3,March,Monday,48346.38336713996,Under 18
81031,14.0,female,australia,287461,image,travel,14186.0,2730.0,202.0,1668,3553,2022-03-20,788732,False,tablet,positive,#music,4.817900366,1,17118.0,2022,3,March,Sunday,48346.38336713996,Under 18
52668,45.0,female,australia,882190,text,music,8416.0,108.0,1533.0,6833,48524,2022-02-13,702374,True,tablet,positive,#music #fashion,0.207258264,2,10057.0,2022,2,February,Sunday,48346.38336713996,36–45
23673,54.0,male,uae,379567,text,food,19418.0,2699.0,1118.0,5824,42362,2022-01-03,678377,False,tablet,negative,#tech #love,0.548486851,2,23235.0,2022,1,January,Monday,48928.41351888668,46–55
86666,31.0,female,usa,151268,reel,food,14754.0,980.0,1200.0,2313,47392,2023-03-19,350636,False,mobile,neutral,#fitness #tech #foodie,0.357317691,3,16934.0,2023,3,March,Sunday,51263.87225548902,26–35
98204,29.0,male,germany,212692,reel,fitness,13067.0,2273.0,64.0,571,26426,2022-03-20,110055,False,desktop,negative,#lifestyle #fashion,0.58291077,2,15404.0,2022,3,March,Sunday,48605.40612244898,26–35
90758,56.0,female,india,534860,image,fitness,16609.0,352.0,552.0,4300,89637,2023-01-12,548961,False,mobile,neutral,#reels #travel #tech,0.195376909,3,17513.0,2023,1,January,Thursday,52462.38691588785,56+
75429,45.0,female,france,792146,image,fitness,19563.0,1427.0,223.0,3738,33125,2023-11-24,92438,True,desktop,positive,#reels,0.640392453,1,21213.0,2023,11,November,Friday,51727.67338709677,36–45
33669,24.0,other,canada,457345,reel,fitness,9003.0,1730.0,1602.0,583,14888,2022-05-19,579337,False,mobile,neutral,#travel #foodie #fun,0.828519613,3,12335.0,2022,5,May,Thursday,48703.150097465885,18–25
44068,61.0,male,australia,568741,reel,tech,14228.0,2192.0,379.0,7323,59039,2022-01-07,702306,False,desktop,positive,#foodie,0.284540727,1,16799.0,2022,1,January,Friday,48346.38336713996,56+
98789,15.0,other,australia,970176,reel,music,4223.0,1777.0,1012.0,2220,55473,2023-12-26,670426,False,mobile,positive,#fun #tech,0.112739531,2,7012.0,2023,12,December,Tuesday,48346.38336713996,Under 18
19435,55.0,female,australia,218222,video,music,4066.0,2962.0,1321.0,307,1146,2023-05-28,212039,False,mobile,positive,#lifestyle #reels #fashion,7.285340314,3,8349.0,2023,5,May,Sunday,48346.38336713996,46–55
62249,61.0,male,india,975022,text,fashion,246.0,1116.0,1604.0,4545,6746,2023-11-27,372714,False,desktop,neutral,#fashion #fitness,0.439667951,2,2966.0,2023,11,November,Monday,52462.38691588785,56+
47384,38.0,female,australia,523693,image,fitness,18002.0,2320.0,1976.0,61,51484,2023-12-28,540659,False,tablet,neutral,#music #foodie #reels,0.433105431,3,22298.0,2023,12,December,Thursday,48346.38336713996,36–45
91929,47.0,other,uk,851270,image,travel,11637.0,533.0,170.0,7540,60038,2022-03-18,496964,False,tablet,negative,#tech #foodie #reels,0.205536494,3,12340.0,2022,3,March,Friday,51119.39350912779,46–55
86153,20.0,male,canada,222942,video,music,8612.0,1217.0,612.0,5579,53329,2022-02-12,273570,False,desktop,positive,#reels,0.195784658,1,10441.0,2022,2,February,Saturday,48703.150097465885,18–25
85388,38.0,male,india,599972,reel,food,10105.5,2507.0,651.0,4570,93796,2022-06-06,18326,False,desktop,positive,#reels #lifestyle,0.08868182,2,13263.5,2022,6,June,Monday,52462.38691588785,36–45
41401,48.0,female,canada,758931,text,lifestyle,1371.0,2988.0,717.0,7548,59084,2023-06-14,213939,False,tablet,positive,#fitness,0.085911584,1,5076.0,2023,6,June,Wednesday,48703.150097465885,46–55
81831,19.0,female,japan,643864,reel,fitness,7728.0,2228.0,831.0,3788,26387,2022-08-08,427772,False,mobile,positive,#lifestyle,0.408799788,1,10787.0,2022,8,August,Monday,49616.13559322034,18–25
44084,58.0,female,brazil,481785,image,travel,4238.0,1255.0,1387.0,5691,82068,2023-08-08,603730,False,tablet,negative,#fashion #fun,0.083832919,2,6880.0,2023,8,August,Tuesday,49193.1746031746,56+
65826,58.0,male,uk,555919,video,tech,18996.0,1979.0,818.0,2133,90379,2022-07-09,287738,False,desktop,positive,#fashion,0.241129023,1,21793.0,2022,7,July,Saturday,51119.39350912779,56+
46451,48.0,other,usa,765040,text,travel,18464.0,2076.0,1012.0,1959,20225,2022-09-19,207852,False,mobile,neutral,#reels #lifestyle,1.019134734,2,21552.0,2022,9,September,Monday,51263.87225548902,46–55
17227,28.0,other,usa,781066,text,lifestyle,5919.0,531.0,1083.0,7310,34936,2022-05-24,60554,False,desktop,neutral,#foodie,0.215622853,1,7533.0,2022,5,May,Tuesday,51263.87225548902,26–35
41910,36.0,female,germany,310926,text,lifestyle,4324.0,1944.0,454.0,5126,57835,2023-04-30,45751,False,tablet,negative,#foodie #fashion,0.116227198,2,6722.0,2023,4,April,Sunday,48605.40612244898,36–45
46041,13.0,other,uk,317267,text,travel,7797.0,139.0,335.0,6438,71459,2023-10-03,118844,True,mobile,positive,#reels #tech,0.115744693,2,8271.0,2023,10,October,Tuesday,51119.39350912779,Under 18
98920,61.0,male,canada,477186,video,tech,19119.0,2145.0,667.0,2032,26125,2022-10-05,297465,False,tablet,positive,#fashion #tech,0.839464115,2,21931.0,2022,10,October,Wednesday,48703.150097465885,56+
75681,37.0,female,usa,825925,image,music,9021.0,261.0,1147.0,3762,33096,2023-12-03,611408,False,tablet,negative,#foodie #fun #lifestyle,0.315113609,3,10429.0,2023,12,December,Sunday,51263.87225548902,36–45
91571,22.0,female,brazil,541652,text,lifestyle,3058.0,18.0,1478.0,2786,36120,2023-10-25,744076,True,tablet,neutral,#music #foodie,0.126079734,2,4554.0,2023,10,October,Wednesday,49193.1746031746,18–25
75481,28.0,female,usa,758134,text,tech,9041.0,2059.0,13.0,1542,98755,2022-11-03,534000,False,mobile,neutral,#music #reels,0.112531011,2,11113.0,2022,11,November,Thursday,51263.87225548902,26–35
78576,28.0,male,australia,248044,image,food,5334.0,2584.0,1439.0,1675,20521,2023-08-30,732768,False,tablet,positive,#lifestyle #fun,0.455971931,2,9357.0,2023,8,August,Wednesday,48346.38336713996,26–35
74174,20.0,female,germany,245120,reel,fitness,1153.0,1548.0,1799.0,4621,24909,2023-07-04,406518,False,mobile,positive,#lifestyle,0.180657594,1,4500.0,2023,7,July,Tuesday,48605.40612244898,18–25
36160,41.0,female,india,198908,text,lifestyle,4940.0,1488.0,26.0,33,57709,2022-06-05,27264,True,tablet,positive,#music,0.111836975,1,6454.0,2022,6,June,Sunday,52462.38691588785,36–45
27633,51.0,male,france,470868,text,travel,14607.0,2306.0,1012.0,3961,17341,2022-10-27,166451,True,tablet,positive,#reels,1.077965515,1,17925.0,2022,10,October,Thursday,51727.67338709677,46–55
27014,40.0,female,france,337741,reel,music,12021.0,2071.0,1073.0,2799,47517,2022-12-13,282181,False,desktop,positive,#foodie #fashion,0.319148936,2,15165.0,2022,12,December,Tuesday,51727.67338709677,36–45
90532,18.0,other,usa,180225,image,fashion,3079.0,1031.0,186.0,7496,9168,2023-02-27,704948,False,tablet,positive,#lifestyle,0.468586387,1,4296.0,2023,2,February,Monday,51263.87225548902,Under 18
59104,28.0,female,canada,444417,image,fashion,16786.0,227.0,1080.0,1855,64829,2023-03-02,268955,False,mobile,positive,#fun #fashion,0.279088062,2,18093.0,2023,3,March,Thursday,48703.150097465885,26–35
51621,32.0,male,canada,226170,text,education,19359.0,375.0,770.0,3680,26934,2022-02-11,548696,False,desktop,negative,#fitness #tech #foodie,0.761268285,3,20504.0,2022,2,February,Friday,48703.150097465885,26–35
87231,28.0,female,australia,574766,image,food,12914.0,1146.0,666.0,6923,69830,2022-11-12,54651,False,mobile,positive,#lifestyle #reels #foodie,0.210883574,3,14726.0,2022,11,November,Saturday,48346.38336713996,26–35
78388,19.0,female,usa,580570,reel,fashion,7536.0,1113.0,989.0,2685,91856,2023-09-30,126603,False,tablet,negative,#lifestyle #reels #fashion,0.1049251,3,9638.0,2023,9,September,Saturday,51263.87225548902,18–25
26014,53.0,other,usa,985169,video,food,980.0,2271.0,1057.0,1057,79335,2022-03-18,614587,False,desktop,positive,#foodie #reels #tech,0.05430138,3,4308.0,2022,3,March,Friday,51263.87225548902,46–55
43755,26.0,female,france,569896,reel,music,6680.0,735.0,537.0,6938,51644,2022-04-06,265945,False,desktop,neutral,#fun #foodie,0.153977229,2,7952.0,2022,4,April,Wednesday,51727.67338709677,26–35
50390,55.0,other,japan,982969,reel,fitness,13364.0,256.0,1785.0,4501,68960,2022-09-20,29203,False,desktop,positive,#foodie #fun #fashion,0.223390371,3,15405.0,2022,9,September,Tuesday,49616.13559322034,46–55
33711,38.0,male,usa,681890,video,education,10486.0,2562.0,935.0,5137,44011,2023-09-15,401757,False,mobile,positive,#travel #foodie,0.317716026,2,13983.0,2023,9,September,Friday,51263.87225548902,36–45
67993,38.0,other,india,952835,reel,food,2384.0,832.0,370.0,7597,62063,2022-07-24,409681,False,desktop,positive,#tech,0.057779998,1,3586.0,2022,7,July,Sunday,52462.38691588785,36–45
84696,26.0,female,germany,127182,text,tech,11544.0,1806.0,85.0,6571,39129,2022-10-15,533071,False,desktop,neutral,#travel #tech #music,0.343351478,3,13435.0,2022,10,October,Saturday,48605.40612244898,26–35
37213,19.0,male,germany,966308,text,tech,12320.0,700.0,159.0,2961,86971,2022-09-20,650621,False,mobile,negative,#music #love,0.15153327,2,13179.0,2022,9,September,Tuesday,48605.40612244898,18–25
67784,45.0,female,india,409203,image,education,8990.0,910.0,424.0,4388,26932,2023-08-11,125021,False,mobile,negative,#lifestyle #reels,0.383335809,2,10324.0,2023,8,August,Friday,52462.38691588785,36–45
17421,38.0,other,japan,502003,image,music,10787.0,698.0,1921.0,6022,1532,2023-10-17,115721,False,mobile,neutral,#fitness,8.750652742,1,13406.0,2023,10,October,Tuesday,49616.13559322034,36–45
96936,57.0,male,canada,613668,reel,music,1366.0,437.0,1902.0,2627,580,2022-11-11,276953,False,tablet,neutral,#fashion #love #music,6.387931034,3,3705.0,2022,11,November,Friday,48703.150097465885,56+
27727,32.0,male,france,886825,text,tech,2938.0,1723.0,1735.0,3820,68606,2023-01-04,217182,False,mobile,positive,#fashion #foodie,0.093227998,2,6396.0,2023,1,January,Wednesday,51727.67338709677,26–35
14358,15.0,other,germany,948207,text,lifestyle,17646.0,2084.0,1129.0,7247,34533,2023-08-20,112621,False,mobile,positive,#travel #music #fun,0.604030927,3,20859.0,2023,8,August,Sunday,48605.40612244898,Under 18
75108,64.0,other,uk,814814,video,tech,6187.0,1684.0,1414.0,3157,52506,2022-09-09,246306,False,desktop,neutral,#love,0.176836933,1,9285.0,2022,9,September,Friday,51119.39350912779,56+
42117,16.0,male,brazil,243128,image,tech,8495.0,2153.0,1535.0,3643,14365,2022-11-29,261029,False,tablet,negative,#fashion,0.848103028,1,12183.0,2022,11,November,Tuesday,49193.1746031746,Under 18
98700,38.0,male,france,554699,text,music,9885.0,614.0,274.0,6191,74244,2023-03-02,608173,False,desktop,positive,#travel #lifestyle #fashion,0.145102635,3,10773.0,2023,3,March,Thursday,51727.67338709677,36–45
41910,23.0,other,japan,521645,reel,tech,18700.0,1942.0,1312.0,3762,72886,2022-10-22,316400,False,mobile,neutral,#love,0.301210109,1,21954.0,2022,10,October,Saturday,49616.13559322034,18–25
65754,14.0,female,uk,670197,text,tech,15018.0,1912.0,1012.0,5987,1044,2023-10-04,420027,False,mobile,negative,#fitness,16.46264368,1,17942.0,2023,10,October,Wednesday,51119.39350912779,Under 18
72438,26.0,male,usa,415050,image,lifestyle,17305.0,2279.0,962.0,2131,34920,2022-10-12,12745,False,desktop,neutral,#lifestyle #fun,0.588373425,2,20546.0,2022,10,October,Wednesday,51263.87225548902,26–35
39371,56.0,other,india,983867,reel,tech,7114.0,2914.0,1243.0,606,10642,2022-11-13,614634,True,tablet,negative,#fashion #fun #music,1.059105431,3,11271.0,2022,11,November,Sunday,52462.38691588785,56+
61501,42.0,female,usa,448434,image,tech,6574.0,1040.0,973.0,2355,58423,2023-05-27,770586,False,tablet,positive,#fun #music,0.146979785,2,8587.0,2023,5,May,Saturday,51263.87225548902,36–45
70946,61.0,male,australia,930821,text,fitness,5529.0,1182.0,526.0,2299,73339,2022-01-29,600131,False,desktop,neutral,#tech,0.098678738,1,7237.0,2022,1,January,Saturday,48346.38336713996,56+
48467,24.0,male,uae,383049,text,music,3809.0,959.0,532.0,5600,91868,2022-10-21,313066,False,mobile,positive,#tech #fitness,0.05769147,2,5300.0,2022,10,October,Friday,48928.41351888668,18–25
27625,38.0,other,india,844979,text,music,13536.0,1839.0,1869.0,3916,60098,2022-01-07,458719,False,tablet,positive,#fun #fashion #lifestyle,0.286931345,3,17244.0,2022,1,January,Friday,52462.38691588785,36–45
43893,56.0,female,uk,809090,image,lifestyle,17550.0,1305.0,1082.0,4275,99855,2023-06-26,295132,True,tablet,positive,#love,0.199659506,1,19937.0,2023,6,June,Monday,51119.39350912779,56+
86329,45.0,male,brazil,681845,reel,tech,8731.0,277.0,1383.0,7763,76839,2022-08-03,48063,False,desktop,negative,#tech #lifestyle #travel,0.135230807,3,10391.0,2022,8,August,Wednesday,49193.1746031746,36–45
41007,25.0,female,uae,478958,text,food,5331.0,124.0,1617.0,1333,43843,2023-09-19,798266,False,tablet,positive,#travel,0.161302831,1,7072.0,2023,9,September,Tuesday,48928.41351888668,18–25
49532,26.0,female,australia,861994,text,education,17844.0,1343.0,1653.0,4008,30022,2022-08-03,64762,False,mobile,positive,#reels,0.694157618,1,20840.0,2022,8,August,Wednesday,48346.38336713996,26–35
64253,36.0,male,canada,588373,text,music,4687.0,674.0,112.0,2473,14065,2022-06-13,767780,False,desktop,negative,#fun #tech #foodie,0.389121934,3,5473.0,2022,6,June,Monday,48703.150097465885,36–45
22323,46.0,female,australia,579329,video,fitness,5357.0,714.0,1830.0,6143,20487,2022-06-19,159350,False,tablet,positive,#fun,0.385659199,1,7901.0,2022,6,June,Sunday,48346.38336713996,46–55
83379,56.0,male,uae,857624,video,lifestyle,327.0,2010.0,1299.0,3557,34454,2022-08-09,385312,False,mobile,positive,#lifestyle #fun,0.105532014,2,3636.0,2022,8,August,Tuesday,48928.41351888668,56+
24210,38.0,female,germany,297271,reel,fashion,10285.0,1505.0,256.0,3733,49641,2022-09-17,24516,True,mobile,positive,#tech #reels #fun,0.242662315,3,12046.0,2022,9,September,Saturday,48605.40612244898,36–45
26456,33.0,male,france,802661,image,travel,10323.0,2714.0,328.0,2086,3828,2023-12-25,758129,False,desktop,positive,#reels #fun #fashion,3.49137931,3,13365.0,2023,12,December,Monday,51727.67338709677,26–35
41367,40.0,other,japan,709040,text,lifestyle,5291.0,1347.0,776.0,3350,58293,2022-09-18,780859,False,desktop,positive,#tech,0.127185082,1,7414.0,2022,9,September,Sunday,49616.13559322034,36–45
64624,60.0,male,usa,540475,text,education,8425.0,912.0,1258.0,4911,90027,2023-10-04,354881,True,mobile,positive,#lifestyle #travel,0.117686916,2,10595.0,2023,10,October,Wednesday,51263.87225548902,56+
20106,48.0,male,canada,830161,image,fitness,15540.0,1989.0,50.0,6768,25494,2023-09-09,793102,False,mobile,negative,#reels #fitness #love,0.689534793,3,17579.0,2023,9,September,Saturday,48703.150097465885,46–55
78008,52.0,male,japan,891006,image,tech,3122.0,2442.0,1701.0,375,77935,2023-07-20,550262,False,tablet,negative,#music #fashion,0.093218708,2,7265.0,2023,7,July,Thursday,49616.13559322034,46–55
82240,14.0,female,australia,450435,reel,fitness,4876.0,772.0,1766.0,1952,6580,2023-09-12,767491,False,tablet,neutral,#travel,1.12674772,1,7414.0,2023,9,September,Tuesday,48346.38336713996,Under 18
74315,38.0,other,brazil,882262,image,travel,19112.0,2233.0,220.0,3710,51906,2023-04-17,466724,False,tablet,positive,#reels #fashion #foodie,0.415462567,3,21565.0,2023,4,April,Monday,49193.1746031746,36–45
79249,38.0,female,usa,721065,text,travel,13706.0,2513.0,782.0,2088,94166,2022-09-12,447272,False,tablet,negative,#reels #foodie #tech,0.180542871,3,17001.0,2022,9,September,Monday,51263.87225548902,36–45
80587,35.0,female,canada,580313,reel,lifestyle,9124.0,1080.0,595.0,1693,47332,2022-10-05,559195,False,tablet,positive,#music #love #reels,0.228154314,3,10799.0,2022,10,October,Wednesday,48703.150097465885,26–35
20756,27.0,male,japan,386881,video,tech,1823.0,1752.0,1253.0,5837,69742,2023-07-13,753947,False,desktop,positive,#foodie #music #lifestyle,0.069226578,3,4828.0,2023,7,July,Thursday,49616.13559322034,26–35
78011,25.0,female,usa,647678,reel,tech,19884.0,2505.0,1832.0,6190,84339,2023-10-08,672349,False,tablet,positive,#reels,0.287186236,1,24221.0,2023,10,October,Sunday,51263.87225548902,18–25
46378,35.0,male,usa,191612,reel,food,4073.0,1000.0,221.0,3555,97736,2022-01-24,223718,False,tablet,positive,#foodie #music #love,0.054166326,3,5294.0,2022,1,January,Monday,51263.87225548902,26–35
14255,29.0,other,canada,676618,reel,travel,17614.0,1737.0,942.0,4280,76756,2023-03-09,600020,False,tablet,negative,#travel #fashion #lifestyle,0.26438324,3,20293.0,2023,3,March,Thursday,48703.150097465885,26–35
24484,60.0,female,uk,171082,image,tech,10387.0,73.0,1689.0,71,39020,2023-09-21,364231,False,mobile,negative,#reels #music,0.311353152,2,12149.0,2023,9,September,Thursday,51119.39350912779,56+
66549,38.0,female,france,809002,text,travel,4395.0,1108.0,1077.0,6712,84954,2023-04-23,324937,False,tablet,negative,#lifestyle #fashion,0.077453681,2,6580.0,2023,4,April,Sunday,51727.67338709677,36–45
44503,32.0,male,uk,514496,image,music,6051.0,2679.0,1654.0,1774,91358,2023-05-09,462077,False,desktop,neutral,#fashion #love,0.113662733,2,10384.0,2023,5,May,Tuesday,51119.39350912779,26–35
83794,32.0,male,usa,329561,text,food,1476.0,1037.0,1733.0,573,96636,2023-01-17,670488,False,mobile,neutral,#tech #travel,0.043938077,2,4246.0,2023,1,January,Tuesday,51263.87225548902,26–35
55113,58.0,male,uae,383181,image,fashion,18407.0,2887.0,1958.0,6485,68141,2023-01-09,512957,False,mobile,positive,#lifestyle #love #music,0.341233619,3,23252.0,2023,1,January,Monday,48928.41351888668,56+
84069,15.0,female,india,740956,reel,travel,18980.0,1664.0,1296.0,4664,89099,2023-07-07,713556,False,tablet,negative,#reels,0.246242943,1,21940.0,2023,7,July,Friday,52462.38691588785,Under 18
15249,24.0,female,uae,219229,text,music,7121.0,911.0,197.0,5059,80422,2022-11-19,367971,False,mobile,positive,#tech #travel #love,0.102322748,3,8229.0,2022,11,November,Saturday,48928.41351888668,18–25
29201,52.0,other,canada,533792,image,music,2430.0,793.0,127.0,5362,73434,2022-03-30,168836,False,tablet,negative,#lifestyle #travel #love,0.045619195,3,3350.0,2022,3,March,Wednesday,48703.150097465885,46–55
68576,14.0,other,usa,521780,reel,music,7954.0,2096.0,1627.0,4066,65018,2022-04-02,115734,False,tablet,neutral,#foodie #tech,0.179596419,2,11677.0,2022,4,April,Saturday,51263.87225548902,Under 18
19686,48.0,other,usa,330205,video,food,11881.0,358.0,1032.0,6471,24353,2023-01-12,787327,False,tablet,positive,#foodie #love #music,0.544943128,3,13271.0,2023,1,January,Thursday,51263.87225548902,46–55
63363,26.0,other,brazil,840799,image,food,16917.0,1497.0,986.0,6113,9103,2022-03-22,399919,False,desktop,positive,#lifestyle,2.218169834,1,19400.0,2022,3,March,Tuesday,49193.1746031746,26–35
10661,28.0,other,france,196342,image,education,17640.0,1497.0,226.0,3707,82075,2023-10-04,66905,False,mobile,positive,#love #lifestyle,0.240304599,2,19363.0,2023,10,October,Wednesday,51727.67338709677,26–35
54843,31.0,male,brazil,867224,video,food,18041.0,1076.0,557.0,6101,74535,2023-08-26,86087,False,mobile,positive,#foodie,0.26395653,1,19674.0,2023,8,August,Saturday,49193.1746031746,26–35
70963,38.0,other,canada,452072,image,fitness,12085.0,1800.0,1157.0,152,14814,2022-04-10,42720,False,mobile,neutral,#tech #lifestyle #reels,1.015390846,3,15042.0,2022,4,April,Sunday,48703.150097465885,36–45
52828,56.0,other,germany,652375,video,lifestyle,10105.5,1575.0,1012.0,5374,15961,2023-08-13,21537,False,mobile,positive,#tech #love,1.359438632,2,12692.5,2023,8,August,Sunday,48605.40612244898,56+
58604,58.0,female,uk,603040,text,tech,2978.0,1719.0,1039.0,728,86138,2023-07-09,342062,False,mobile,negative,#fitness #reels #tech,0.066590819,3,5736.0,2023,7,July,Sunday,51119.39350912779,56+
20526,18.0,male,brazil,209844,video,travel,4332.0,1668.0,214.0,5543,94060,2022-05-03,418083,False,tablet,negative,#travel #fashion #foodie,0.066064214,3,6214.0,2022,5,May,Tuesday,49193.1746031746,Under 18
78910,25.0,other,canada,831573,reel,lifestyle,3013.0,2103.0,1135.0,2279,3416,2023-01-31,330620,False,tablet,positive,#lifestyle,1.829918033,1,6251.0,2023,1,January,Tuesday,48703.150097465885,18–25
35592,48.0,other,uk,637091,video,fitness,15089.0,878.0,854.0,1552,78695,2022-01-23,267707,True,tablet,positive,#reels,0.213749285,1,16821.0,2022,1,January,Sunday,51119.39350912779,46–55
38982,34.0,other,canada,428905,text,travel,14008.0,2302.0,1180.0,3663,36357,2023-10-18,585180,False,desktop,neutral,#fun #fitness,0.481062794,2,17490.0,2023,10,October,Wednesday,48703.150097465885,26–35
10207,30.0,female,germany,752862,video,lifestyle,18148.0,4.0,424.0,3567,20810,2023-06-03,664054,False,desktop,positive,#reels #tech #fitness,0.892647765,3,18576.0,2023,6,June,Saturday,48605.40612244898,26–35
98733,24.0,female,france,826670,video,fitness,17506.0,1604.0,1475.0,4271,54533,2022-10-04,689807,False,desktop,positive,#fashion #travel #love,0.377477857,3,20585.0,2022,10,October,Tuesday,51727.67338709677,18–25
78619,64.0,female,france,965011,text,music,3830.0,1075.0,317.0,6694,80837,2023-11-29,108806,False,desktop,neutral,#travel,0.064599132,1,5222.0,2023,11,November,Wednesday,51727.67338709677,56+
39328,42.0,other,canada,509379,image,tech,2958.0,328.0,359.0,6141,17677,2022-04-05,118050,False,mobile,positive,#reels,0.206200147,1,3645.0,2022,4,April,Tuesday,48703.150097465885,36–45
56479,63.0,female,brazil,282957,image,food,1540.0,2145.0,1399.0,6286,70630,2023-01-17,154642,False,desktop,neutral,#reels #love,0.071980745,2,5084.0,2023,1,January,Tuesday,49193.1746031746,56+
30103,52.0,other,france,317412,reel,lifestyle,8714.0,1002.0,935.0,6160,7606,2023-01-12,709279,False,mobile,negative,#music #fitness,1.400341835,2,10651.0,2023,1,January,Thursday,51727.67338709677,46–55
49891,19.0,male,india,136764,reel,music,11199.0,782.0,957.0,4344,57221,2022-01-25,688736,False,mobile,positive,#fun #reels,0.2261058,2,12938.0,2022,1,January,Tuesday,52462.38691588785,18–25
20754,44.0,other,brazil,585998,video,lifestyle,7053.0,576.0,919.0,3106,67133,2022-10-18,171960,False,mobile,positive,#tech #music,0.127329331,2,8548.0,2022,10,October,Tuesday,49193.1746031746,36–45
91437,60.0,female,japan,293198,image,music,5670.0,326.0,901.0,4896,9542,2022-08-15,717721,False,tablet,positive,#travel #love,0.722804444,2,6897.0,2022,8,August,Monday,49616.13559322034,56+
82982,31.0,male,australia,339066,image,travel,10690.0,2290.0,1319.0,999,58316,2022-06-22,43725,False,tablet,positive,#fun #fashion,0.245198573,2,14299.0,2022,6,June,Wednesday,48346.38336713996,26–35
65922,18.0,other,canada,298296,video,food,14262.0,1527.0,197.0,7142,2510,2023-10-09,719489,True,mobile,positive,#travel #foodie #fashion,6.368924303,3,15986.0,2023,10,October,Monday,48703.150097465885,Under 18
58231,32.0,male,canada,409199,text,education,15347.0,2414.0,1593.0,6289,26254,2023-03-29,590942,False,desktop,positive,#lifestyle #love,0.737182905,2,19354.0,2023,3,March,Wednesday,48703.150097465885,26–35
39301,39.0,male,canada,413743,image,tech,10281.0,2821.0,397.0,5021,74302,2022-10-15,778134,False,mobile,positive,#love #lifestyle,0.181677478,2,13499.0,2022,10,October,Saturday,48703.150097465885,36–45
72711,55.0,male,germany,969219,reel,music,18122.0,2771.0,589.0,6870,97288,2022-03-10,173342,False,tablet,negative,#love,0.220808322,1,21482.0,2022,3,March,Thursday,48605.40612244898,46–55
51323,49.0,other,canada,309112,video,travel,2533.0,1465.0,241.0,6308,21615,2022-10-08,797444,False,desktop,positive,#lifestyle #fun #reels,0.19611381,3,4239.0,2022,10,October,Saturday,48703.150097465885,46–55
28752,60.0,female,france,926152,text,fashion,10756.0,2281.0,428.0,1134,52818,2022-12-08,196228,False,tablet,positive,#fitness #lifestyle #fashion,0.254932031,3,13465.0,2022,12,December,Thursday,51727.67338709677,56+
92205,19.0,other,france,193120,reel,fashion,18802.0,651.0,1902.0,4742,63546,2022-11-29,497468,False,desktop,negative,#tech #fashion #travel,0.336055771,3,21355.0,2022,11,November,Tuesday,51727.67338709677,18–25
23395,17.0,female,australia,275556,image,fashion,5076.0,2380.0,610.0,3145,86068,2023-01-21,741932,False,tablet,neutral,#travel #foodie #lifestyle,0.093716596,3,8066.0,2023,1,January,Saturday,48346.38336713996,Under 18
95957,23.0,other,australia,227976,text,tech,16868.0,494.0,5.0,2715,39795,2022-12-08,204468,True,mobile,neutral,#foodie #music,0.436411609,2,17367.0,2022,12,December,Thursday,48346.38336713996,18–25
66273,27.0,other,uae,794212,reel,music,17048.0,1138.0,1814.0,7894,15521,2022-11-13,597870,False,tablet,negative,#reels,1.288576767,1,20000.0,2022,11,November,Sunday,48928.41351888668,26–35
14895,15.0,other,brazil,637507,video,fashion,19838.0,1497.0,1341.0,353,21108,2022-11-03,279027,False,desktop,positive,#fitness #love,1.117822626,2,22676.0,2022,11,November,Thursday,49193.1746031746,Under 18
86559,17.0,female,france,470652,text,lifestyle,17011.0,1356.0,1235.0,5393,88701,2022-06-22,264107,False,tablet,negative,#fitness #travel,0.220989617,2,19602.0,2022,6,June,Wednesday,51727.67338709677,Under 18
20699,35.0,other,france,714639,text,education,9876.0,1153.0,1296.0,5038,95888,2023-06-28,174879,False,desktop,neutral,#lifestyle,0.128535375,1,12325.0,2023,6,June,Wednesday,51727.67338709677,26–35
75061,49.0,male,germany,411009,video,travel,4287.0,2142.0,1107.0,1302,38885,2022-07-19,234059,False,tablet,neutral,#travel,0.193802237,1,7536.0,2022,7,July,Tuesday,48605.40612244898,46–55
19715,21.0,other,france,154457,image,education,14056.0,2954.0,1647.0,4082,56052,2023-08-15,644999,True,tablet,neutral,#fitness #foodie #music,0.332851638,3,18657.0,2023,8,August,Tuesday,51727.67338709677,18–25
29169,27.0,male,france,190159,image,education,15171.0,1124.0,709.0,3731,63652,2022-03-16,581414,False,mobile,neutral,#lifestyle,0.267140074,1,17004.0,2022,3,March,Wednesday,51727.67338709677,26–35
26163,15.0,female,uae,300065,text,education,9436.0,1497.0,359.0,7198,7105,2023-08-20,726274,False,desktop,neutral,#fun,1.550175932,1,11292.0,2023,8,August,Sunday,48928.41351888668,Under 18
15782,41.0,female,india,193391,text,lifestyle,5166.0,801.0,1404.0,4621,53837,2022-08-05,51747,False,desktop,positive,#lifestyle #tech #foodie,0.136913275,3,7371.0,2022,8,August,Friday,52462.38691588785,36–45
98177,18.0,other,uae,412544,text,fashion,10366.0,2042.0,1563.0,5654,31911,2023-09-25,224488,False,mobile,negative,#tech #love #music,0.437811413,3,13971.0,2023,9,September,Monday,48928.41351888668,Under 18
94328,29.0,other,india,398402,reel,education,10966.0,207.0,1164.0,509,97987,2023-06-16,777984,False,tablet,negative,#foodie #reels,0.125904457,2,12337.0,2023,6,June,Friday,52462.38691588785,26–35
45585,38.0,other,uae,836366,text,music,12983.0,2654.0,1948.0,1537,92831,2023-03-25,627453,False,desktop,positive,#fun #fashion,0.189430255,2,17585.0,2023,3,March,Saturday,48928.41351888668,36–45
40682,33.0,male,france,280029,image,education,12310.0,472.0,1533.0,177,74822,2023-10-23,70913,False,desktop,neutral,#tech #foodie,0.191320735,2,14315.0,2023,10,October,Monday,51727.67338709677,26–35
57864,20.0,female,uae,997898,video,travel,11390.0,1638.0,1196.0,2376,50020,2022-01-07,30168,True,desktop,positive,#travel #fun,0.284366253,2,14224.0,2022,1,January,Friday,48928.41351888668,18–25
94416,33.0,male,france,773641,video,music,13064.0,1031.0,1043.0,7738,25220,2023-01-28,36279,True,mobile,positive,#fashion #travel,0.600237906,2,15138.0,2023,1,January,Saturday,51727.67338709677,26–35
65114,23.0,male,france,701552,video,lifestyle,10236.0,135.0,1977.0,800,70710,2023-08-21,662943,False,mobile,positive,#love #tech,0.174628765,2,12348.0,2023,8,August,Monday,51727.67338709677,18–25
48067,38.0,other,australia,806691,text,tech,7476.0,2657.0,1652.0,6831,9223,2023-01-21,195193,False,desktop,positive,#foodie #reels,1.277783801,2,11785.0,2023,1,January,Saturday,48346.38336713996,36–45
52685,20.0,other,usa,276752,text,food,707.0,2958.0,502.0,3243,24766,2023-05-16,722405,False,tablet,negative,#lifestyle,0.168254866,1,4167.0,2023,5,May,Tuesday,51263.87225548902,18–25
28073,54.0,male,india,765522,video,lifestyle,8624.0,260.0,1589.0,5515,86353,2022-05-27,385994,False,tablet,positive,#tech #reels,0.121281253,2,10473.0,2022,5,May,Friday,52462.38691588785,46–55
46035,36.0,male,japan,325880,reel,fitness,16325.0,1170.0,226.0,3666,47665,2022-11-12,195945,False,mobile,neutral,#tech,0.37178223,1,17721.0,2022,11,November,Saturday,49616.13559322034,36–45
74977,47.0,other,brazil,471021,reel,fashion,47.0,457.0,108.0,937,19452,2023-03-30,219524,False,tablet,positive,#fun #fitness #foodie,0.03146206,3,612.0,2023,3,March,Thursday,49193.1746031746,46–55
93362,26.0,other,brazil,373482,reel,fitness,1914.0,1928.0,1012.0,3027,31726,2022-07-06,568516,False,mobile,negative,#love #foodie,0.144487171,2,4854.0,2022,7,July,Wednesday,49193.1746031746,26–35
75450,26.0,male,uae,843192,reel,music,17489.0,1720.0,1343.0,2020,93289,2022-11-21,768045,False,desktop,positive,#foodie,0.220304645,1,20552.0,2022,11,November,Monday,48928.41351888668,26–35
20382,22.0,other,usa,111675,image,food,19564.0,1436.0,1331.0,2782,96925,2022-11-14,30461,False,desktop,neutral,#lifestyle,0.230394635,1,22331.0,2022,11,November,Monday,51263.87225548902,18–25
14437,24.0,other,germany,189606,video,tech,15390.0,2279.0,1764.0,7202,2759,2023-01-29,59278,False,desktop,neutral,#love #reels #travel,7.04349402,3,19433.0,2023,1,January,Sunday,48605.40612244898,18–25
80971,50.0,male,japan,382224,image,lifestyle,16951.0,2148.0,810.0,6440,733,2023-01-14,693708,False,mobile,positive,#tech #travel,27.16098226,2,19909.0,2023,1,January,Saturday,49616.13559322034,46–55
74612,56.0,male,brazil,343747,text,tech,8671.0,146.0,1110.0,3540,15816,2023-12-06,328374,False,tablet,negative,#fun,0.627655539,1,9927.0,2023,12,December,Wednesday,49193.1746031746,56+
71929,58.0,female,uk,348585,reel,food,17250.0,716.0,1012.0,1974,91436,2023-04-19,76107,False,desktop,neutral,#tech #fashion,0.2050724,2,18978.0,2023,4,April,Wednesday,51119.39350912779,56+
22329,46.0,male,canada,376080,reel,fitness,11452.0,506.0,1012.0,1518,17732,2023-12-01,405967,False,tablet,positive,#lifestyle #travel,0.687175727,2,12970.0,2023,12,December,Friday,48703.150097465885,46–55
35169,53.0,other,uk,110019,video,lifestyle,1028.0,2605.0,851.0,2669,17466,2022-01-18,251519,False,tablet,positive,#reels #lifestyle #fun,0.256727356,3,4484.0,2022,1,January,Tuesday,51119.39350912779,46–55
97468,22.0,male,germany,862078,reel,fashion,1813.0,2151.0,1333.0,1258,35378,2022-05-29,72850,False,mobile,neutral,#foodie #music,0.149725818,2,5297.0,2022,5,May,Sunday,48605.40612244898,18–25
44594,29.0,male,japan,560498,video,travel,5513.0,2383.0,827.0,7052,85870,2023-07-12,682196,False,mobile,negative,#travel,0.101583789,1,8723.0,2023,7,July,Wednesday,49616.13559322034,26–35
86957,29.0,male,brazil,450448,text,education,19910.0,445.0,378.0,3110,20477,2022-01-12,701926,True,tablet,neutral,#reels #foodie,1.012501831,2,20733.0,2022,1,January,Wednesday,49193.1746031746,26–35
70631,15.0,female,uae,829221,reel,tech,1050.0,2781.0,1606.0,1242,99393,2023-04-07,56565,False,tablet,negative,#music #fashion #lifestyle,0.054702041,3,5437.0,2023,4,April,Friday,48928.41351888668,Under 18
55033,43.0,female,canada,104486,reel,music,6278.0,443.0,1763.0,5336,67252,2023-09-17,464549,False,desktop,negative,#love #fun #travel,0.126152382,3,8484.0,2023,9,September,Sunday,48703.150097465885,36–45
73133,63.0,other,india,444165,image,food,10105.5,117.0,384.0,2753,96786,2022-06-09,348370,False,desktop,neutral,#foodie #fashion #music,0.127074164,3,10606.5,2022,6,June,Thursday,52462.38691588785,56+
83165,13.0,female,brazil,835224,video,lifestyle,18036.0,1540.0,112.0,5794,56273,2023-11-26,353399,False,desktop,positive,#reels,0.349865833,1,19688.0,2023,11,November,Sunday,49193.1746031746,Under 18
83861,24.0,male,brazil,742699,video,music,14727.0,928.0,1316.0,2675,8716,2023-07-21,518605,False,tablet,negative,#fitness #tech,1.947108765,2,16971.0,2023,7,July,Friday,49193.1746031746,18–25
62290,51.0,female,germany,774472,reel,fitness,4708.0,2770.0,1012.0,5959,9722,2022-09-23,592635,True,mobile,neutral,#travel #fun #fitness,0.905780704,3,8490.0,2022,9,September,Friday,48605.40612244898,46–55
41750,16.0,male,brazil,675985,image,fashion,9476.0,566.0,290.0,6816,83655,2023-07-01,452652,False,tablet,negative,#fun #foodie,0.123507262,2,10332.0,2023,7,July,Saturday,49193.1746031746,Under 18
50461,54.0,female,japan,610462,reel,music,5318.0,1936.0,1128.0,3672,45260,2022-03-21,57429,False,desktop,positive,#fashion #reels #foodie,0.185196642,3,8382.0,2022,3,March,Monday,49616.13559322034,46–55
83800,25.0,female,usa,155998,video,fitness,5859.0,87.0,1986.0,419,39263,2023-06-02,482059,False,desktop,negative,#reels #fitness #tech,0.20202226,3,7932.0,2023,6,June,Friday,51263.87225548902,18–25
88222,46.0,female,japan,209537,video,fashion,12673.0,1652.0,290.0,652,97000,2023-10-01,145423,False,mobile,positive,#fitness,0.150670103,1,14615.0,2023,10,October,Sunday,49616.13559322034,46–55
34226,54.0,male,india,984248,reel,lifestyle,10105.5,475.0,1500.0,2871,82197,2022-03-09,115207,False,tablet,neutral,#lifestyle,0.104237381,1,12080.5,2022,3,March,Wednesday,52462.38691588785,46–55
16721,33.0,female,usa,126576,text,travel,19979.0,1705.0,1544.0,3245,79212,2023-12-03,205158,False,desktop,positive,#reels,0.293238398,1,23228.0,2023,12,December,Sunday,51263.87225548902,26–35
66154,38.0,male,brazil,281172,reel,travel,4910.0,1508.0,676.0,6856,70887,2022-09-01,519414,False,mobile,neutral,#foodie #music,0.100074767,2,7094.0,2022,9,September,Thursday,49193.1746031746,36–45
30609,16.0,male,brazil,470208,image,music,3254.0,294.0,59.0,7010,46378,2022-01-09,726963,True,desktop,positive,#love #reels #music,0.077773945,3,3607.0,2022,1,January,Sunday,49193.1746031746,Under 18
62130,30.0,other,canada,181238,video,education,4453.0,719.0,1335.0,4909,93988,2022-06-06,350072,False,mobile,negative,#travel,0.069232242,1,6507.0,2022,6,June,Monday,48703.150097465885,26–35
82909,17.0,female,brazil,315045,video,music,18807.0,1404.0,105.0,867,99123,2023-08-06,596721,False,tablet,positive,#travel #fashion,0.204957477,2,20316.0,2023,8,August,Sunday,49193.1746031746,Under 18
65249,31.0,other,france,225885,reel,food,7937.0,994.0,622.0,4208,23519,2023-04-09,336710,False,mobile,neutral,#travel #fun #foodie,0.406182236,3,9553.0,2023,4,April,Sunday,51727.67338709677,26–35
58895,38.0,other,india,690017,text,food,4177.0,1306.0,88.0,2987,94716,2023-10-08,541012,False,tablet,negative,#music,0.05881794,1,5571.0,2023,10,October,Sunday,52462.38691588785,36–45
15656,24.0,male,australia,190853,video,fashion,3429.0,2891.0,1291.0,173,27677,2022-10-27,360927,False,tablet,neutral,#music #tech,0.274993677,2,7611.0,2022,10,October,Thursday,48346.38336713996,18–25
84520,29.0,female,uae,746280,reel,fashion,184.0,685.0,741.0,5106,80233,2022-11-16,393863,False,desktop,negative,#lifestyle #fitness #foodie,0.020066556,3,1610.0,2022,11,November,Wednesday,48928.41351888668,26–35
73740,22.0,male,canada,849378,text,fashion,3133.0,2686.0,1862.0,6217,35657,2022-09-06,761764,False,tablet,positive,#tech,0.215413523,1,7681.0,2022,9,September,Tuesday,48703.150097465885,18–25
74309,46.0,male,uk,391288,reel,music,4978.0,1203.0,1606.0,7966,90865,2022-11-19,168417,False,desktop,positive,#travel #reels,0.085698564,2,7787.0,2022,11,November,Saturday,51119.39350912779,46–55
39984,18.0,female,usa,812686,reel,fashion,8698.0,960.0,1142.0,4732,22745,2023-07-10,613047,False,desktop,positive,#travel #fitness #tech,0.474829633,3,10800.0,2023,7,July,Monday,51263.87225548902,Under 18
83822,20.0,male,australia,439292,reel,education,13773.0,934.0,899.0,1559,44616,2023-09-20,184874,False,tablet,positive,#tech,0.349784831,1,15606.0,2023,9,September,Wednesday,48346.38336713996,18–25
15901,63.0,female,uae,905739,video,music,18316.0,2937.0,444.0,4127,15406,2023-04-07,164562,True,mobile,positive,#travel #love #foodie,1.408347397,3,21697.0,2023,4,April,Friday,48928.41351888668,56+
41552,23.0,female,brazil,422742,text,lifestyle,6174.0,2961.0,1452.0,7421,28068,2023-02-02,673372,False,tablet,positive,#lifestyle #tech,0.377191107,2,10587.0,2023,2,February,Thursday,49193.1746031746,18–25
41055,24.0,male,japan,512839,image,lifestyle,17580.0,405.0,1006.0,4592,78231,2023-01-28,738762,False,tablet,negative,#foodie #lifestyle #music,0.242755429,3,18991.0,2023,1,January,Saturday,49616.13559322034,18–25
47685,21.0,male,france,775609,image,travel,11877.0,1290.0,1012.0,7280,25165,2022-08-16,366019,False,mobile,neutral,#lifestyle #fitness,0.577826346,2,14179.0,2022,8,August,Tuesday,51727.67338709677,18–25
83965,14.0,other,usa,566981,video,food,17722.0,1617.0,1969.0,2242,26020,2023-07-23,794714,False,desktop,neutral,#fitness,0.818908532,1,21308.0,2023,7,July,Sunday,51263.87225548902,Under 18
24716,20.0,male,usa,191810,video,education,14457.0,1087.0,305.0,4623,32736,2022-09-01,790961,False,desktop,positive,#fashion #fun,0.484145894,2,15849.0,2022,9,September,Thursday,51263.87225548902,18–25
21138,38.0,female,usa,989302,reel,food,13562.0,118.0,614.0,2488,99011,2022-02-26,84903,True,tablet,negative,#foodie #music,0.144367798,2,14294.0,2022,2,February,Saturday,51263.87225548902,36–45
45298,48.0,other,india,172131,reel,tech,19004.0,1497.0,201.0,1512,80708,2022-05-23,476500,False,mobile,positive,#fashion,0.267544729,1,20702.0,2022,5,May,Monday,52462.38691588785,46–55
61112,22.0,female,usa,980570,text,food,6546.0,312.0,943.0,5616,36459,2022-07-11,182089,False,mobile,negative,#travel,0.213966373,1,7801.0,2022,7,July,Monday,51263.87225548902,18–25
33429,33.0,other,canada,269449,reel,food,11706.0,162.0,1046.0,2771,38513,2023-06-03,168168,False,mobile,negative,#tech #fashion #foodie,0.335315348,3,12914.0,2023,6,June,Saturday,48703.150097465885,26–35
60200,32.0,male,uae,545581,text,fitness,10352.0,1528.0,1113.0,1643,69755,2023-02-08,88877,False,mobile,positive,#love,0.186266217,1,12993.0,2023,2,February,Wednesday,48928.41351888668,26–35
81308,60.0,male,japan,465556,reel,fitness,1729.0,292.0,470.0,23,70947,2022-10-02,705625,False,tablet,neutral,#fun,0.035110716,1,2491.0,2022,10,October,Sunday,49616.13559322034,56+
58244,20.0,male,canada,396695,reel,education,9609.0,689.0,1116.0,2337,9044,2023-10-08,308872,False,tablet,negative,#fashion,1.262052189,1,11414.0,2023,10,October,Sunday,48703.150097465885,18–25
27347,48.0,female,canada,929358,image,tech,12206.0,1400.0,1799.0,2943,3148,2022-02-08,398670,False,desktop,neutral,#tech #reels #fitness,4.893583227,3,15405.0,2022,2,February,Tuesday,48703.150097465885,46–55
26920,41.0,other,france,190214,video,fashion,18.0,1565.0,978.0,6451,37312,2022-07-12,237952,False,mobile,positive,#travel #tech #foodie,0.068637436,3,2561.0,2022,7,July,Tuesday,51727.67338709677,36–45
41822,54.0,female,japan,449894,text,tech,16848.0,672.0,1308.0,4399,69756,2022-11-23,464395,False,tablet,positive,#lifestyle #fun #tech,0.269912266,3,18828.0,2022,11,November,Wednesday,49616.13559322034,46–55
56659,24.0,other,france,138599,image,tech,8882.0,398.0,1706.0,4726,77289,2023-04-28,438809,False,tablet,negative,#reels,0.142141831,1,10986.0,2023,4,April,Friday,51727.67338709677,18–25
50108,26.0,male,usa,329417,reel,travel,16268.0,2956.0,308.0,1716,16100,2022-01-25,193137,False,mobile,neutral,#travel,1.213167702,1,19532.0,2022,1,January,Tuesday,51263.87225548902,26–35
99099,60.0,female,usa,733778,image,lifestyle,5310.0,2534.0,1925.0,7094,99418,2022-04-12,614350,False,mobile,negative,#tech,0.098261884,1,9769.0,2022,4,April,Tuesday,51263.87225548902,56+
17967,62.0,male,canada,455474,text,food,13804.0,1047.0,732.0,4133,45754,2023-10-25,452243,False,desktop,positive,#lifestyle,0.340582244,1,15583.0,2023,10,October,Wednesday,48703.150097465885,56+
21871,33.0,female,canada,646881,video,travel,11253.0,1942.0,535.0,6529,75596,2022-08-05,398531,False,mobile,negative,#fun #reels,0.181623366,2,13730.0,2022,8,August,Friday,48703.150097465885,26–35
87452,34.0,male,usa,849760,image,education,16546.0,2796.0,375.0,744,86916,2022-09-24,357299,False,desktop,positive,#tech #fitness #lifestyle,0.226851213,3,19717.0,2022,9,September,Saturday,51263.87225548902,26–35
84270,33.0,female,germany,734153,text,lifestyle,10105.5,239.0,1737.0,5700,89073,2022-06-11,440778,False,desktop,positive,#love #music #reels,0.13250929,3,12081.5,2022,6,June,Saturday,48605.40612244898,26–35
43613,56.0,female,uae,608965,reel,education,10938.0,2358.0,498.0,4177,25634,2022-10-14,607366,False,mobile,neutral,#fitness #tech,0.538113443,2,13794.0,2022,10,October,Friday,48928.41351888668,56+
38179,62.0,other,india,797996,image,food,294.0,2368.0,635.0,5237,99995,2023-11-09,116324,False,mobile,neutral,#travel #tech #reels,0.032971649,3,3297.0,2023,11,November,Thursday,52462.38691588785,56+
62188,42.0,male,australia,562441,video,education,7240.0,671.0,141.0,5940,44321,2022-09-04,480314,False,tablet,negative,#foodie #love #fashion,0.181674601,3,8052.0,2022,9,September,Sunday,48346.38336713996,36–45
65099,51.0,other,brazil,287031,text,tech,6844.0,1497.0,1075.0,49,13439,2022-06-23,463756,False,mobile,positive,#travel #music,0.784135724,2,9416.0,2022,6,June,Thursday,49193.1746031746,46–55
45262,32.0,other,uk,841277,video,music,1585.0,2461.0,1093.0,6812,35406,2023-01-31,328842,False,mobile,positive,#fitness,0.145144891,1,5139.0,2023,1,January,Tuesday,51119.39350912779,26–35
88213,36.0,male,japan,329701,reel,food,19764.0,401.0,259.0,6217,80459,2022-01-09,66698,False,desktop,positive,#music,0.253843573,1,20424.0,2022,1,January,Sunday,49616.13559322034,36–45
28268,35.0,female,france,232192,video,fashion,10541.0,2106.0,1721.0,3049,58234,2023-03-24,108812,False,mobile,negative,#lifestyle,0.246728715,1,14368.0,2023,3,March,Friday,51727.67338709677,26–35
87866,19.0,other,japan,143638,reel,fashion,5427.0,52.0,1907.0,2742,12559,2023-07-25,147855,False,tablet,positive,#music #lifestyle,0.588104148,2,7386.0,2023,7,July,Tuesday,49616.13559322034,18–25
96269,21.0,male,usa,270134,reel,tech,15620.0,1087.0,1742.0,5225,71817,2023-08-20,167852,False,tablet,positive,#reels,0.256889037,1,18449.0,2023,8,August,Sunday,51263.87225548902,18–25
70545,13.0,female,australia,891625,image,education,16578.0,2680.0,1316.0,7868,12308,2023-10-24,214965,True,mobile,positive,#fitness #love #travel,1.67159571,3,20574.0,2023,10,October,Tuesday,48346.38336713996,Under 18
82146,38.0,other,uk,115213,reel,fitness,9033.0,1142.0,1839.0,3889,53646,2022-11-17,242118,False,mobile,negative,#foodie,0.223949595,1,12014.0,2022,11,November,Thursday,51119.39350912779,36–45
81966,50.0,other,canada,878574,video,fashion,14154.0,285.0,377.0,7951,97645,2023-07-26,614317,False,desktop,neutral,#reels,0.15173332,1,14816.0,2023,7,July,Wednesday,48703.150097465885,46–55
49922,50.0,other,canada,869275,image,tech,16336.0,2065.0,1062.0,1622,58091,2022-05-05,778063,True,mobile,positive,#tech #lifestyle,0.335043294,2,19463.0,2022,5,May,Thursday,48703.150097465885,46–55
89364,56.0,female,france,441910,reel,travel,12199.0,1028.0,347.0,3397,78671,2022-02-10,720988,False,desktop,positive,#travel #lifestyle #fashion,0.172541343,3,13574.0,2022,2,February,Thursday,51727.67338709677,56+
52913,34.0,other,uae,839319,text,fitness,12776.0,1928.0,1601.0,6827,5976,2022-12-03,241163,False,mobile,positive,#fitness #fun,2.728413655,2,16305.0,2022,12,December,Saturday,48928.41351888668,26–35
65677,56.0,female,brazil,772547,text,fashion,2931.0,159.0,1548.0,1787,67111,2023-11-16,202535,True,desktop,negative,#fashion #reels,0.069109386,2,4638.0,2023,11,November,Thursday,49193.1746031746,56+
59841,22.0,other,uae,765400,reel,music,14843.0,141.0,1729.0,6499,79416,2022-11-22,682291,False,tablet,positive,#foodie,0.210448776,1,16713.0,2022,11,November,Tuesday,48928.41351888668,18–25
56332,18.0,male,australia,821662,image,tech,5699.0,396.0,827.0,7635,26736,2023-11-16,704096,False,mobile,positive,#travel #music #tech,0.258901855,3,6922.0,2023,11,November,Thursday,48346.38336713996,Under 18
35032,29.0,other,uae,654237,image,tech,7636.0,1041.0,505.0,5775,89757,2022-07-05,246661,False,mobile,neutral,#travel,0.102298428,1,9182.0,2022,7,July,Tuesday,48928.41351888668,26–35
47846,63.0,male,france,867360,image,travel,1860.0,2627.0,381.0,3355,31078,2022-08-29,556682,False,desktop,negative,#music #foodie,0.156638136,2,4868.0,2022,8,August,Monday,51727.67338709677,56+
69474,62.0,male,uk,496743,video,music,17314.0,533.0,424.0,1013,58567,2022-12-05,570407,False,desktop,neutral,#fitness,0.31196749,1,18271.0,2022,12,December,Monday,51119.39350912779,56+
54936,50.0,male,uk,872354,text,travel,14989.0,1555.0,1823.0,6328,25291,2022-04-04,46323,False,mobile,positive,#reels #fashion #fun,0.726226721,3,18367.0,2022,4,April,Monday,51119.39350912779,46–55
39794,36.0,female,uk,569773,reel,fitness,18318.0,2958.0,1459.0,153,91496,2023-02-20,489015,False,desktop,negative,#fashion,0.248480808,1,22735.0,2023,2,February,Monday,51119.39350912779,36–45
71588,63.0,male,canada,314480,reel,lifestyle,15237.0,1798.0,1668.0,2901,27001,2022-03-04,181560,False,mobile,negative,#foodie,0.692678049,1,18703.0,2022,3,March,Friday,48703.150097465885,56+
80984,22.0,other,germany,464577,text,fashion,4367.0,2508.0,1730.0,6261,11429,2023-06-04,317352,False,tablet,positive,#fitness #foodie,0.752909266,2,8605.0,2023,6,June,Sunday,48605.40612244898,18–25
60331,20.0,female,australia,832654,video,tech,13654.0,1633.0,321.0,2314,20156,2023-12-26,142682,False,desktop,neutral,#fun,0.774359992,1,15608.0,2023,12,December,Tuesday,48346.38336713996,18–25
38141,33.0,male,brazil,511973,image,fitness,2171.0,285.0,1613.0,3456,83643,2022-07-28,605734,False,mobile,neutral,#fun,0.048647227,1,4069.0,2022,7,July,Thursday,49193.1746031746,26–35
19074,18.0,female,australia,911844,text,education,3294.0,1497.0,249.0,6980,28125,2022-07-28,249500,False,tablet,positive,#foodie,0.162524444,1,5040.0,2022,7,July,Thursday,48346.38336713996,Under 18
16406,33.0,female,australia,611213,reel,fitness,13801.0,2176.0,1767.0,2302,10995,2023-01-11,452726,False,mobile,negative,#lifestyle #reels,1.613824466,2,17744.0,2023,1,January,Wednesday,48346.38336713996,26–35
33291,51.0,female,uae,614738,video,education,4747.0,955.0,179.0,7408,9432,2022-03-26,50250,False,mobile,positive,#fun,0.623515691,1,5881.0,2022,3,March,Saturday,48928.41351888668,46–55
51568,36.0,other,india,245384,reel,travel,4392.0,670.0,1917.0,4266,80176,2022-07-26,707177,False,tablet,neutral,#fitness,0.087045999,1,6979.0,2022,7,July,Tuesday,52462.38691588785,36–45
56851,45.0,male,australia,515335,image,tech,5238.0,498.0,1003.0,4013,4782,2022-12-13,410162,False,desktop,positive,#reels #tech #fun,1.409242995,3,6739.0,2022,12,December,Tuesday,48346.38336713996,36–45
64823,30.0,male,france,242876,text,food,2834.0,2323.0,1712.0,616,74931,2023-10-27,284691,False,tablet,neutral,#tech #reels,0.091671004,2,6869.0,2023,10,October,Friday,51727.67338709677,26–35
33312,40.0,female,india,809346,image,lifestyle,15435.0,1106.0,28.0,3049,713,2022-06-10,475368,False,mobile,neutral,#fitness #fashion #love,23.23842917,3,16569.0,2022,6,June,Friday,52462.38691588785,36–45
53108,64.0,female,germany,670833,video,lifestyle,12908.0,1855.0,1519.0,4643,60491,2023-03-26,343988,False,tablet,positive,#fashion,0.269164008,1,16282.0,2023,3,March,Sunday,48605.40612244898,56+
76918,44.0,male,france,438663,text,travel,7116.0,1141.0,1701.0,7745,82663,2022-04-26,559207,False,mobile,negative,#travel,0.120465021,1,9958.0,2022,4,April,Tuesday,51727.67338709677,36–45
44171,24.0,female,australia,785359,image,education,2928.0,2076.0,1349.0,5304,61597,2022-12-28,213201,False,tablet,positive,#lifestyle #travel #love,0.10313814,3,6353.0,2022,12,December,Wednesday,48346.38336713996,18–25
51779,38.0,female,japan,458237,image,tech,6494.0,2697.0,737.0,1925,17619,2022-09-08,489481,False,desktop,positive,#foodie,0.563482604,1,9928.0,2022,9,September,Thursday,49616.13559322034,36–45
78828,54.0,other,canada,980756,image,music,1672.0,1180.0,1671.0,6845,16302,2022-07-02,792050,False,tablet,positive,#reels #fun,0.27745062,2,4523.0,2022,7,July,Saturday,48703.150097465885,46–55
22411,39.0,male,uae,562735,video,fitness,8190.0,2078.0,186.0,6810,20183,2023-11-07,369427,False,tablet,negative,#fashion,0.51796066,1,10454.0,2023,11,November,Tuesday,48928.41351888668,36–45
67009,38.0,other,usa,628056,image,lifestyle,4350.0,2890.0,54.0,7036,43422,2022-11-24,305465,False,desktop,positive,#love,0.167979365,1,7294.0,2022,11,November,Thursday,51263.87225548902,36–45
25422,58.0,male,brazil,363648,reel,fitness,1287.0,2006.0,877.0,2457,10113,2023-08-15,653291,False,mobile,positive,#tech #lifestyle #fitness,0.412340552,3,4170.0,2023,8,August,Tuesday,49193.1746031746,56+
52468,64.0,male,brazil,430130,text,fashion,10918.0,1309.0,513.0,6882,71705,2022-01-07,568351,False,tablet,positive,#fun,0.177672408,1,12740.0,2022,1,January,Friday,49193.1746031746,56+
42371,54.0,male,france,569988,text,food,16036.0,1497.0,1433.0,7820,61863,2023-08-22,232806,False,mobile,neutral,#reels #fitness #lifestyle,0.309668138,3,18966.0,2023,8,August,Tuesday,51727.67338709677,46–55
67022,44.0,other,brazil,632290,image,travel,6610.0,335.0,1854.0,1611,27441,2023-06-04,221434,False,tablet,negative,#love #travel,0.32065158,2,8799.0,2023,6,June,Sunday,49193.1746031746,36–45
81229,54.0,other,india,175427,video,education,9250.0,569.0,16.0,4241,10919,2023-01-22,525645,False,desktop,neutral,#fun #fitness #music,0.900723509,3,9835.0,2023,1,January,Sunday,52462.38691588785,46–55
61196,38.0,other,uk,400931,reel,lifestyle,6883.0,2360.0,1594.0,3109,36861,2023-01-05,284137,False,tablet,neutral,#fun #fitness,0.293996365,2,10837.0,2023,1,January,Thursday,51119.39350912779,36–45
90354,37.0,other,japan,113898,reel,music,11170.0,598.0,87.0,2537,54107,2023-07-02,339397,False,mobile,positive,#tech #travel #fun,0.219102889,3,11855.0,2023,7,July,Sunday,49616.13559322034,36–45
36715,23.0,female,usa,180800,text,fashion,16514.0,1146.0,1246.0,4357,29273,2023-09-04,782379,False,mobile,neutral,#travel,0.645851126,1,18906.0,2023,9,September,Monday,51263.87225548902,18–25
37605,35.0,female,brazil,838587,text,music,8044.0,864.0,1807.0,5245,156,2022-03-20,599835,False,desktop,negative,#music #travel,68.68589744,2,10715.0,2022,3,March,Sunday,49193.1746031746,26–35
41174,46.0,male,brazil,471167,reel,fashion,8302.0,2418.0,1081.0,1627,52489,2022-08-09,740585,True,mobile,negative,#music #fun,0.224828059,2,11801.0,2022,8,August,Tuesday,49193.1746031746,46–55
19956,64.0,male,france,226718,text,food,2734.0,804.0,703.0,7963,27020,2023-12-09,559700,False,desktop,positive,#foodie #reels,0.156957809,2,4241.0,2023,12,December,Saturday,51727.67338709677,56+
86373,52.0,female,australia,658031,image,travel,1066.0,313.0,1585.0,4440,62567,2023-08-22,255940,False,desktop,negative,#fitness #foodie,0.047373216,2,2964.0,2023,8,August,Tuesday,48346.38336713996,46–55
79252,35.0,male,canada,833898,reel,travel,4970.0,27.0,724.0,7428,63997,2023-07-24,148738,False,mobile,positive,#travel #fun #fitness,0.089394815,3,5721.0,2023,7,July,Monday,48703.150097465885,26–35
71949,41.0,other,uae,867877,text,fitness,17701.0,1253.0,1253.0,7610,71632,2023-02-16,5017,False,mobile,neutral,#fashion,0.282094595,1,20207.0,2023,2,February,Thursday,48928.41351888668,36–45
72646,38.0,male,uae,274458,image,travel,16668.0,1029.0,1177.0,1998,95437,2023-04-24,41584,False,desktop,neutral,#fitness #foodie,0.19776397,2,18874.0,2023,4,April,Monday,48928.41351888668,36–45
80017,19.0,male,uae,230864,image,fashion,7794.0,2520.0,1296.0,2926,33487,2023-11-13,540803,False,mobile,positive,#reels,0.346701705,1,11610.0,2023,11,November,Monday,48928.41351888668,18–25
73037,52.0,female,uae,252395,reel,fitness,4114.0,1996.0,1905.0,1131,16141,2022-04-07,388044,False,desktop,positive,#love #tech #reels,0.496561551,3,8015.0,2022,4,April,Thursday,48928.41351888668,46–55
99818,45.0,other,germany,562485,image,travel,12834.0,1341.0,1012.0,1992,21358,2023-10-20,647240,False,tablet,positive,#lifestyle #travel #reels,0.713737241,3,15187.0,2023,10,October,Friday,48605.40612244898,36–45
16548,33.0,other,usa,272391,reel,education,16431.0,1248.0,1897.0,5676,13166,2023-01-28,388741,False,mobile,positive,#tech #fun,1.486860094,2,19576.0,2023,1,January,Saturday,51263.87225548902,26–35
83294,14.0,female,australia,641156,image,education,6138.0,2136.0,894.0,7604,2713,2023-04-13,602056,False,mobile,positive,#fashion,3.379284924,1,9168.0,2023,4,April,Thursday,48346.38336713996,Under 18
33177,30.0,other,canada,330804,reel,food,19643.0,2087.0,451.0,513,94473,2023-01-06,544267,False,desktop,neutral,#reels #travel #foodie,0.234786659,3,22181.0,2023,1,January,Friday,48703.150097465885,26–35
34022,59.0,other,canada,888512,reel,fashion,10270.0,680.0,1329.0,5040,87393,2023-01-28,112673,False,tablet,positive,#fashion #music,0.140503244,2,12279.0,2023,1,January,Saturday,48703.150097465885,56+
15542,45.0,other,france,244848,reel,tech,10498.0,374.0,426.0,712,19319,2022-01-18,217343,False,tablet,negative,#love,0.584812879,1,11298.0,2022,1,January,Tuesday,51727.67338709677,36–45
70428,49.0,female,japan,297303,reel,food,3415.0,2440.0,117.0,3161,90877,2022-07-03,16528,False,mobile,negative,#love #music,0.065715197,2,5972.0,2022,7,July,Sunday,49616.13559322034,46–55
32740,46.0,other,brazil,284884,image,food,12595.0,1041.0,687.0,214,69193,2022-05-23,117260,False,desktop,neutral,#fitness #foodie #fashion,0.207000708,3,14323.0,2022,5,May,Monday,49193.1746031746,46–55
69353,32.0,male,brazil,687559,reel,travel,6450.0,1550.0,1021.0,5746,69807,2023-04-08,589424,False,desktop,positive,#travel #music #fashion,0.129227728,3,9021.0,2023,4,April,Saturday,49193.1746031746,26–35
66532,47.0,male,australia,177585,text,fitness,13410.0,2179.0,579.0,5438,5082,2023-05-22,129224,False,mobile,neutral,#foodie,3.181424636,1,16168.0,2023,5,May,Monday,48346.38336713996,46–55
26052,63.0,other,germany,551758,image,music,6164.0,2337.0,250.0,603,79168,2022-11-30,444455,False,tablet,positive,#fashion #reels,0.110537086,2,8751.0,2022,11,November,Wednesday,48605.40612244898,56+
57076,62.0,female,india,224147,reel,fitness,7787.0,1853.0,402.0,6981,82654,2022-03-03,278182,False,desktop,neutral,#travel #fashion #music,0.121494423,3,10042.0,2022,3,March,Thursday,52462.38691588785,56+
63420,30.0,female,uk,115628,image,education,15924.0,805.0,1765.0,3769,52860,2022-06-12,359152,False,desktop,positive,#music,0.349867575,1,18494.0,2022,6,June,Sunday,51119.39350912779,26–35
10671,58.0,female,australia,487994,image,fashion,12518.0,2256.0,920.0,4867,56858,2023-07-06,272635,False,mobile,positive,#foodie #music #fitness,0.276020965,3,15694.0,2023,7,July,Thursday,48346.38336713996,56+
10163,36.0,other,india,359517,image,travel,81.0,2374.0,199.0,669,48662,2022-06-28,226272,False,mobile,positive,#fashion,0.054539476,1,2654.0,2022,6,June,Tuesday,52462.38691588785,36–45
51424,20.0,other,uk,239337,image,fitness,3005.0,2550.0,1169.0,1080,61133,2022-08-23,15659,False,tablet,neutral,#music,0.109989695,1,6724.0,2022,8,August,Tuesday,51119.39350912779,18–25
63744,42.0,male,canada,491016,reel,education,8408.0,278.0,1074.0,4654,71373,2022-03-01,134792,False,tablet,positive,#reels,0.136746389,1,9760.0,2022,3,March,Tuesday,48703.150097465885,36–45
80331,56.0,female,germany,898892,image,lifestyle,334.0,1405.0,913.0,1425,45770,2022-08-16,75123,False,desktop,negative,#lifestyle #fitness #music,0.057941883,3,2652.0,2022,8,August,Tuesday,48605.40612244898,56+
20634,22.0,male,australia,359970,text,music,11103.0,787.0,1391.0,2269,91197,2022-08-27,21078,False,mobile,negative,#fashion #love,0.14562979,2,13281.0,2022,8,August,Saturday,48346.38336713996,18–25
14798,35.0,male,uae,627765,image,tech,8944.0,951.0,1721.0,474,89965,2023-07-22,244759,True,mobile,positive,#fun #love #travel,0.129116879,3,11616.0,2023,7,July,Saturday,48928.41351888668,26–35
32420,64.0,female,canada,888634,image,lifestyle,11953.0,1332.0,319.0,1131,19057,2022-03-25,224471,False,mobile,positive,#fashion,0.713858425,1,13604.0,2022,3,March,Friday,48703.150097465885,56+
39300,38.0,other,india,213846,text,music,10943.0,276.0,198.0,862,66792,2023-12-16,407521,False,tablet,positive,#reels #lifestyle,0.170933645,2,11417.0,2023,12,December,Saturday,52462.38691588785,36–45
99881,23.0,other,australia,975842,reel,travel,3897.0,2345.0,1464.0,811,64174,2022-02-10,152963,False,tablet,positive,#music #foodie #reels,0.120079783,3,7706.0,2022,2,February,Thursday,48346.38336713996,18–25
20749,14.0,male,australia,344000,text,travel,4648.0,432.0,144.0,6323,3968,2023-03-14,667988,False,desktop,neutral,#music #lifestyle #love,1.316532258,3,5224.0,2023,3,March,Tuesday,48346.38336713996,Under 18
35121,38.0,male,france,993185,video,fitness,9674.0,1009.0,1082.0,4272,17251,2023-06-13,594077,False,mobile,positive,#lifestyle #fashion,0.68198945,2,11765.0,2023,6,June,Tuesday,51727.67338709677,36–45
47487,48.0,male,usa,373994,text,music,17166.0,1095.0,1730.0,486,8706,2022-04-15,48667,False,tablet,positive,#foodie #fitness #reels,2.296232483,3,19991.0,2022,4,April,Friday,51263.87225548902,46–55
43361,45.0,male,canada,859981,reel,food,19970.0,316.0,142.0,6557,39438,2023-06-21,379527,False,mobile,positive,#foodie,0.517977585,1,20428.0,2023,6,June,Wednesday,48703.150097465885,36–45
31223,59.0,female,australia,758166,text,travel,3794.0,1211.0,1246.0,691,77111,2023-01-17,193766,False,tablet,negative,#tech #love,0.081064958,2,6251.0,2023,1,January,Tuesday,48346.38336713996,56+
82930,25.0,male,brazil,456512,image,food,15344.0,120.0,1123.0,3108,45404,2022-04-03,248906,False,mobile,positive,#foodie,0.365320236,1,16587.0,2022,4,April,Sunday,49193.1746031746,18–25
24056,52.0,male,brazil,886617,reel,fashion,12874.0,1365.0,1049.0,2622,35754,2022-08-03,785608,False,desktop,positive,#love,0.427588522,1,15288.0,2022,8,August,Wednesday,49193.1746031746,46–55
38380,37.0,other,usa,124718,video,education,5597.0,2700.0,1455.0,267,66497,2023-11-27,791866,True,tablet,positive,#tech,0.146653232,1,9752.0,2023,11,November,Monday,51263.87225548902,36–45
36035,16.0,other,australia,811562,reel,fashion,7050.0,303.0,525.0,784,96103,2022-08-05,507852,False,tablet,positive,#tech #fitness,0.081974548,2,7878.0,2022,8,August,Friday,48346.38336713996,Under 18
40620,54.0,other,uae,780575,image,music,10105.5,935.0,121.0,3873,86934,2023-05-04,231676,False,desktop,neutral,#travel #love #fun,0.070248694,3,11161.5,2023,5,May,Thursday,48928.41351888668,46–55
29877,31.0,female,usa,521541,video,music,17126.0,1497.0,1488.0,2971,54209,2022-05-31,347748,False,desktop,neutral,#music #tech #reels,0.394436348,3,20111.0,2022,5,May,Tuesday,51263.87225548902,26–35
65316,30.0,female,usa,904890,reel,fitness,4544.0,495.0,264.0,6531,93569,2023-01-09,747020,False,mobile,negative,#fun #reels,0.056674753,2,5303.0,2023,1,January,Monday,51263.87225548902,26–35
74041,49.0,other,india,230293,reel,fashion,10105.5,2232.0,1030.0,2401,39098,2023-09-23,333849,False,tablet,negative,#travel #love #fitness,0.412732109,3,13367.5,2023,9,September,Saturday,52462.38691588785,46–55
63352,42.0,other,india,484486,image,lifestyle,4355.0,2935.0,730.0,4909,88303,2023-03-25,365699,True,mobile,neutral,#travel,0.090823641,1,8020.0,2023,3,March,Saturday,52462.38691588785,36–45
40911,31.0,male,japan,771366,text,music,19992.0,2855.0,1243.0,3341,57469,2023-02-26,684245,False,mobile,positive,#music,0.419182516,1,24090.0,2023,2,February,Sunday,49616.13559322034,26–35
42784,35.0,male,canada,849440,text,lifestyle,19655.0,2379.0,1718.0,3071,81864,2023-10-08,542014,True,mobile,positive,#fashion #fun #lifestyle,0.290139744,3,23752.0,2023,10,October,Sunday,48703.150097465885,26–35
13191,28.0,female,uk,526185,video,lifestyle,18894.0,712.0,395.0,2316,86477,2022-07-26,685288,False,tablet,neutral,#fashion #reels #music,0.231286932,3,20001.0,2022,7,July,Tuesday,51119.39350912779,26–35
43160,13.0,female,usa,701108,image,fitness,8285.0,1497.0,912.0,7609,6090,2023-12-03,718815,False,desktop,negative,#love #tech,1.9408867,2,10694.0,2023,12,December,Sunday,51263.87225548902,Under 18
74641,24.0,male,india,990446,image,fitness,13308.0,349.0,1480.0,7472,78283,2023-11-01,135397,False,mobile,positive,#tech #love,0.193362544,2,15137.0,2023,11,November,Wednesday,52462.38691588785,18–25
59723,36.0,other,germany,520871,text,lifestyle,17759.0,2885.0,107.0,5365,18450,2023-04-22,139085,False,tablet,positive,#reels,1.124715447,1,20751.0,2023,4,April,Saturday,48605.40612244898,36–45
13631,46.0,male,japan,850039,text,food,2516.0,2367.0,1515.0,1201,3386,2023-08-11,723591,False,mobile,positive,#love #travel,1.889545186,2,6398.0,2023,8,August,Friday,49616.13559322034,46–55
16172,20.0,female,australia,181234,video,lifestyle,13155.0,2584.0,1927.0,5186,50247,2023-07-18,631305,False,desktop,positive,#fashion,0.351583179,1,17666.0,2023,7,July,Tuesday,48346.38336713996,18–25
52080,30.0,female,canada,753570,text,food,16474.0,2459.0,858.0,276,84162,2022-08-14,204495,False,desktop,negative,#reels #tech,0.235153632,2,19791.0,2022,8,August,Sunday,48703.150097465885,26–35
99097,38.0,male,australia,593622,video,fashion,15403.0,905.0,635.0,5327,99360,2023-08-29,61015,False,tablet,positive,#tech #music #love,0.170521337,3,16943.0,2023,8,August,Tuesday,48346.38336713996,36–45
30281,17.0,male,japan,371246,reel,food,1479.0,1827.0,1705.0,306,27720,2023-11-21,221765,False,tablet,neutral,#tech,0.180772006,1,5011.0,2023,11,November,Tuesday,49616.13559322034,Under 18
38671,38.0,male,france,953539,video,music,17338.0,2580.0,1483.0,5669,317,2023-01-22,108535,False,desktop,negative,#tech #lifestyle #fitness,67.51104101,3,21401.0,2023,1,January,Sunday,51727.67338709677,36–45
61431,42.0,female,brazil,334501,video,travel,8214.0,501.0,932.0,630,53198,2022-04-16,443026,False,tablet,neutral,#travel,0.181341404,1,9647.0,2022,4,April,Saturday,49193.1746031746,36–45
38602,25.0,other,canada,750616,video,tech,12310.0,1177.0,1939.0,2585,88215,2022-03-17,489952,False,desktop,neutral,#lifestyle #tech,0.17486822,2,15426.0,2022,3,March,Thursday,48703.150097465885,18–25
98789,31.0,male,brazil,184079,reel,travel,19689.0,913.0,768.0,6661,44405,2023-05-31,73111,False,mobile,positive,#love #fashion,0.481252111,2,21370.0,2023,5,May,Wednesday,49193.1746031746,26–35
61399,41.0,female,germany,491313,text,travel,18105.0,1515.0,1012.0,7441,99871,2022-07-06,435308,False,desktop,negative,#fitness,0.206786755,1,20632.0,2022,7,July,Wednesday,48605.40612244898,36–45
33472,15.0,female,australia,718725,video,fitness,2547.0,526.0,1390.0,7400,45842,2023-06-16,582656,False,mobile,neutral,#travel #fashion #music,0.097356136,3,4463.0,2023,6,June,Friday,48346.38336713996,Under 18
59230,38.0,female,france,703858,text,tech,4923.0,1192.0,1815.0,1137,19356,2022-10-02,680960,False,tablet,negative,#fashion,0.409692085,1,7930.0,2022,10,October,Sunday,51727.67338709677,36–45
83616,52.0,male,germany,716944,video,fitness,16572.0,2026.0,1148.0,2181,16516,2023-10-10,37137,False,mobile,positive,#music #tech,1.195567934,2,19746.0,2023,10,October,Tuesday,48605.40612244898,46–55
17099,24.0,male,uk,297937,text,food,16207.0,710.0,1185.0,7592,19971,2023-06-23,651199,False,desktop,neutral,#love #foodie #travel,0.906414301,3,18102.0,2023,6,June,Friday,51119.39350912779,18–25
35431,14.0,other,australia,480445,video,lifestyle,459.0,2040.0,35.0,6968,23271,2023-10-10,7003,True,tablet,positive,#reels #tech,0.108890894,2,2534.0,2023,10,October,Tuesday,48346.38336713996,Under 18
66492,23.0,female,japan,796780,text,education,2236.0,2797.0,1027.0,1713,90636,2022-01-18,94316,False,tablet,negative,#fashion #tech,0.06686085,2,6060.0,2022,1,January,Tuesday,49616.13559322034,18–25
57684,56.0,male,france,256454,image,education,580.0,111.0,412.0,1048,86902,2022-10-12,771605,False,desktop,neutral,#music,0.012692458,1,1103.0,2022,10,October,Wednesday,51727.67338709677,56+
40111,40.0,female,canada,138795,reel,education,18545.0,2510.0,1110.0,1583,3178,2022-10-29,356807,False,tablet,positive,#fashion #love #reels,6.974512272,3,22165.0,2022,10,October,Saturday,48703.150097465885,36–45
73936,30.0,female,france,151425,video,food,14439.0,2099.0,482.0,3351,95046,2023-05-14,508567,False,desktop,positive,#lifestyle #tech,0.179071187,2,17020.0,2023,5,May,Sunday,51727.67338709677,26–35
32614,25.0,other,australia,681690,reel,tech,10105.5,1672.0,911.0,5462,37730,2023-10-12,563077,False,mobile,neutral,#reels #fashion #foodie,0.193426981,3,12688.5,2023,10,October,Thursday,48346.38336713996,18–25
51991,49.0,male,india,555755,video,fashion,10626.0,2302.0,1799.0,4908,77754,2022-09-14,486921,False,mobile,positive,#reels #travel #tech,0.189405047,3,14727.0,2022,9,September,Wednesday,52462.38691588785,46–55
80476,34.0,male,germany,831563,image,food,5897.0,1497.0,602.0,1834,87493,2022-08-07,128070,False,tablet,negative,#music #foodie #love,0.09313888,3,7996.0,2022,8,August,Sunday,48605.40612244898,26–35
70920,24.0,female,france,465271,image,travel,19286.0,299.0,1830.0,6215,77846,2023-10-06,631217,False,desktop,positive,#fun,0.275094417,1,21415.0,2023,10,October,Friday,51727.67338709677,18–25
73530,14.0,female,brazil,863011,reel,tech,8664.0,957.0,1081.0,7161,80667,2022-12-23,25037,False,desktop,neutral,#fitness #reels #fashion,0.132668873,3,10702.0,2022,12,December,Friday,49193.1746031746,Under 18
46224,49.0,other,germany,936081,video,tech,17242.0,2474.0,1163.0,951,37162,2022-09-13,118114,True,mobile,positive,#fashion,0.561837361,1,20879.0,2022,9,September,Tuesday,48605.40612244898,46–55
17788,19.0,other,brazil,303567,text,food,11181.0,1890.0,171.0,2032,99118,2023-08-31,792520,False,mobile,positive,#lifestyle,0.133598337,1,13242.0,2023,8,August,Thursday,49193.1746031746,18–25
38082,38.0,other,france,719405,video,food,18824.0,306.0,259.0,1224,80406,2022-10-01,2825,False,tablet,negative,#fitness #music #lifestyle,0.241138721,3,19389.0,2022,10,October,Saturday,51727.67338709677,36–45
99570,38.0,other,india,361712,text,fitness,11898.0,2146.0,1518.0,5445,36848,2022-11-30,67869,False,desktop,positive,#fitness #travel,0.42232957,2,15562.0,2022,11,November,Wednesday,52462.38691588785,36–45
86816,36.0,other,germany,564962,reel,fitness,10105.5,1497.0,24.0,32,37251,2023-01-03,541384,False,tablet,positive,#music,0.049824166,1,11626.5,2023,1,January,Tuesday,48605.40612244898,36–45
93588,24.0,other,japan,833413,reel,travel,16899.0,2018.0,197.0,96,51276,2022-01-15,413791,False,tablet,positive,#foodie #music,0.372766987,2,19114.0,2022,1,January,Saturday,49616.13559322034,18–25
26531,28.0,female,germany,287350,image,music,7355.0,2277.0,578.0,7724,44789,2022-06-28,565519,False,tablet,neutral,#fitness #reels,0.227957757,2,10210.0,2022,6,June,Tuesday,48605.40612244898,26–35
98340,35.0,other,canada,440300,text,tech,10585.0,2698.0,1012.0,4358,39730,2023-03-21,131873,False,desktop,positive,#lifestyle #music,0.344953436,2,14295.0,2023,3,March,Tuesday,48703.150097465885,26–35
54857,52.0,female,france,529960,video,education,17759.0,1277.0,1141.0,7017,19098,2023-02-07,421008,True,mobile,neutral,#fashion,1.056498063,1,20177.0,2023,2,February,Tuesday,51727.67338709677,46–55
20142,21.0,female,uk,450484,image,fashion,3669.0,1427.0,791.0,5009,66446,2022-03-29,48786,True,desktop,positive,#tech #fun,0.08859826,2,5887.0,2022,3,March,Tuesday,51119.39350912779,18–25
58355,44.0,male,australia,130568,reel,fashion,14382.0,1517.0,5.0,3141,10747,2022-04-04,193379,False,desktop,negative,#fun #fashion,1.479854843,2,15904.0,2022,4,April,Monday,48346.38336713996,36–45
19866,27.0,female,usa,371056,image,tech,15436.0,1185.0,1120.0,7980,78840,2023-01-30,363652,True,desktop,neutral,#love,0.225025368,1,17741.0,2023,1,January,Monday,51263.87225548902,26–35
80067,49.0,female,uae,787887,video,travel,18774.0,1931.0,71.0,6436,6133,2022-01-28,498288,False,tablet,positive,#fashion #love,3.387575412,2,20776.0,2022,1,January,Friday,48928.41351888668,46–55
74027,25.0,other,uk,412570,video,education,3262.0,1455.0,928.0,7060,80881,2023-11-28,315451,False,tablet,negative,#music #foodie,0.069793895,2,5645.0,2023,11,November,Tuesday,51119.39350912779,18–25
67906,17.0,male,brazil,472507,reel,fitness,4638.0,1179.0,431.0,2777,26461,2022-03-16,567434,False,desktop,positive,#reels,0.236121084,1,6248.0,2022,3,March,Wednesday,49193.1746031746,Under 18
38138,23.0,other,japan,330066,image,fitness,2866.0,1346.0,962.0,3278,66460,2022-02-23,739703,False,tablet,neutral,#fun #reels #love,0.077851339,3,5174.0,2022,2,February,Wednesday,49616.13559322034,18–25
39956,22.0,other,japan,353007,text,fitness,9251.0,628.0,379.0,171,34595,2022-11-17,76111,False,tablet,negative,#fun,0.296516838,1,10258.0,2022,11,November,Thursday,49616.13559322034,18–25
86295,64.0,other,uae,594957,text,fashion,8948.0,1214.0,1793.0,4853,18716,2023-07-13,549128,True,mobile,positive,#fun #tech #foodie,0.638758282,3,11955.0,2023,7,July,Thursday,48928.41351888668,56+
15439,25.0,male,india,102355,text,fashion,19879.0,1199.0,549.0,5021,5780,2022-08-22,640021,True,desktop,negative,#fitness,3.741695502,1,21627.0,2022,8,August,Monday,52462.38691588785,18–25
57241,53.0,other,canada,196429,video,travel,187.0,1961.0,807.0,5514,72381,2023-09-22,160889,True,desktop,neutral,#reels #music,0.040825631,2,2955.0,2023,9,September,Friday,48703.150097465885,46–55
52533,58.0,female,australia,810093,image,fashion,10573.0,2995.0,55.0,5375,7705,2022-08-18,267521,False,tablet,neutral,#foodie #fun,1.76807268,2,13623.0,2022,8,August,Thursday,48346.38336713996,56+
38270,62.0,other,uk,559501,text,food,19098.0,516.0,1012.0,7431,33630,2022-11-28,380092,False,desktop,positive,#travel,0.601486768,1,20626.0,2022,11,November,Monday,51119.39350912779,56+
88815,27.0,other,usa,578187,image,fashion,7408.0,844.0,1126.0,900,98425,2023-11-25,229159,False,desktop,negative,#love #fun,0.095280671,2,9378.0,2023,11,November,Saturday,51263.87225548902,26–35
49279,54.0,other,germany,538949,reel,fitness,10105.5,1547.0,215.0,7431,80448,2023-04-17,755378,False,desktop,neutral,#music,0.229228819,1,11867.5,2023,4,April,Monday,48605.40612244898,46–55
33888,19.0,male,uae,211151,text,travel,3533.0,1594.0,20.0,6660,37429,2022-11-13,713735,False,desktop,neutral,#lifestyle #tech,0.137513693,2,5147.0,2022,11,November,Sunday,48928.41351888668,18–25
27630,52.0,female,india,400670,image,tech,4140.0,2880.0,1650.0,5129,3405,2022-04-11,704963,False,tablet,positive,#tech,2.546255507,1,8670.0,2022,4,April,Monday,52462.38691588785,46–55
71063,40.0,male,japan,904520,video,tech,4042.0,819.0,209.0,4366,94479,2022-09-05,369301,False,mobile,positive,#love #music,0.053662719,2,5070.0,2022,9,September,Monday,49616.13559322034,36–45
45144,44.0,female,usa,427521,reel,travel,19435.0,2858.0,290.0,741,40638,2023-04-25,581563,False,tablet,neutral,#travel #love,0.555711403,2,22583.0,2023,4,April,Tuesday,51263.87225548902,36–45
62161,47.0,male,japan,275477,reel,food,7733.0,761.0,714.0,5431,31494,2023-09-17,507105,False,mobile,positive,#love #reels #music,0.29237315,3,9208.0,2023,9,September,Sunday,49616.13559322034,46–55
87360,27.0,female,france,532058,reel,tech,14676.0,1362.0,1994.0,7537,54144,2022-08-09,189371,False,desktop,positive,#travel,0.333037825,1,18032.0,2022,8,August,Tuesday,51727.67338709677,26–35
60979,60.0,male,uae,686076,reel,fitness,6005.0,2366.0,834.0,2614,9833,2022-12-05,274838,False,desktop,negative,#tech,0.936133428,1,9205.0,2022,12,December,Monday,48928.41351888668,56+
16979,48.0,other,india,604898,video,tech,5870.0,110.0,1012.0,1922,8712,2022-05-28,424363,False,desktop,neutral,#love #reels,0.707874197,2,6992.0,2022,5,May,Saturday,52462.38691588785,46–55
36189,33.0,male,germany,675817,video,tech,3904.0,1841.0,1174.0,6696,63966,2022-10-23,603501,False,desktop,positive,#love,0.108166839,1,6919.0,2022,10,October,Sunday,48605.40612244898,26–35
52600,18.0,male,brazil,212833,text,fitness,15467.0,806.0,1984.0,2697,4536,2023-12-10,499399,False,desktop,negative,#tech #reels,4.024911817,2,18257.0,2023,12,December,Sunday,49193.1746031746,Under 18
69560,13.0,other,india,203578,video,fashion,11973.0,1496.0,190.0,390,26659,2023-02-11,488596,False,desktop,negative,#fitness #travel #foodie,0.512359803,3,13659.0,2023,2,February,Saturday,52462.38691588785,Under 18
88040,16.0,other,australia,283455,video,food,14208.0,1243.0,406.0,958,73950,2023-08-04,424896,False,desktop,positive,#reels #foodie,0.214428668,2,15857.0,2023,8,August,Friday,48346.38336713996,Under 18
71558,23.0,female,germany,605527,reel,education,2261.0,486.0,213.0,7282,41493,2023-04-23,252967,False,mobile,positive,#fashion #reels #fun,0.071337334,3,2960.0,2023,4,April,Sunday,48605.40612244898,18–25
96205,56.0,female,uk,663465,video,fitness,13045.0,810.0,1914.0,4670,16435,2022-01-24,71460,False,tablet,positive,#reels #foodie,0.959476726,2,15769.0,2022,1,January,Monday,51119.39350912779,56+
16910,38.0,female,india,741191,reel,fitness,17804.0,2043.0,553.0,343,22815,2022-07-05,782385,False,desktop,positive,#music #travel,0.894148586,2,20400.0,2022,7,July,Tuesday,52462.38691588785,36–45
67713,49.0,male,germany,663344,image,lifestyle,14508.0,516.0,1501.0,3481,4265,2022-06-19,263300,False,desktop,positive,#tech #travel,3.874560375,2,16525.0,2022,6,June,Sunday,48605.40612244898,46–55
56857,35.0,female,uk,581465,image,travel,16862.0,834.0,959.0,1569,51890,2023-06-28,374614,False,desktop,positive,#fashion,0.359510503,1,18655.0,2023,6,June,Wednesday,51119.39350912779,26–35
44964,41.0,male,india,690709,image,music,6577.0,623.0,1217.0,5497,53129,2023-03-14,734839,False,mobile,negative,#tech #fashion,0.158425719,2,8417.0,2023,3,March,Tuesday,52462.38691588785,36–45
95667,33.0,male,usa,788992,image,food,6785.0,1047.0,1273.0,7931,96673,2022-10-28,139541,False,desktop,neutral,#travel,0.094183485,1,9105.0,2022,10,October,Friday,51263.87225548902,26–35
35227,60.0,female,brazil,401829,image,fashion,8884.0,1564.0,592.0,455,80408,2023-11-19,753373,False,tablet,neutral,#fashion #fun,0.137299771,2,11040.0,2023,11,November,Sunday,49193.1746031746,56+
15978,57.0,female,usa,308294,image,lifestyle,3038.0,1155.0,40.0,5542,18099,2022-12-30,116726,False,mobile,negative,#fashion #travel #love,0.233880325,3,4233.0,2022,12,December,Friday,51263.87225548902,56+
97527,57.0,male,australia,168590,image,education,193.0,2603.0,369.0,443,15605,2022-06-26,510132,False,mobile,neutral,#music #foodie,0.202819609,2,3165.0,2022,6,June,Sunday,48346.38336713996,56+
27153,61.0,other,germany,371121,reel,fitness,16442.0,1344.0,19.0,4292,22488,2022-05-24,318523,False,desktop,neutral,#fitness #tech #foodie,0.791755603,3,17805.0,2022,5,May,Tuesday,48605.40612244898,56+
69765,39.0,other,uk,977000,reel,education,18270.0,496.0,1032.0,2915,46561,2023-06-07,565246,False,mobile,neutral,#tech #music #fashion,0.425205644,3,19798.0,2023,6,June,Wednesday,51119.39350912779,36–45
49071,51.0,male,france,935399,reel,education,11801.0,2935.0,824.0,2410,80151,2023-04-26,448105,False,desktop,negative,#love #lifestyle,0.194133573,2,15560.0,2023,4,April,Wednesday,51727.67338709677,46–55
79519,52.0,female,india,436216,reel,education,2580.0,2429.0,1659.0,3481,98939,2023-05-07,389081,False,tablet,neutral,#fashion #foodie #lifestyle,0.067395062,3,6668.0,2023,5,May,Sunday,52462.38691588785,46–55
19503,25.0,male,france,508286,video,lifestyle,12879.0,2263.0,1226.0,7931,33990,2023-05-01,547093,False,tablet,positive,#travel,0.481553398,1,16368.0,2023,5,May,Monday,51727.67338709677,18–25
70703,35.0,male,india,575689,video,music,12245.0,2803.0,1936.0,5693,53617,2023-10-21,246253,False,mobile,negative,#music,0.316765205,1,16984.0,2023,10,October,Saturday,52462.38691588785,26–35
74379,28.0,female,australia,907932,text,fashion,13633.0,542.0,1613.0,1417,39957,2023-04-30,172696,False,mobile,positive,#fashion #reels,0.395124759,2,15788.0,2023,4,April,Sunday,48346.38336713996,26–35
67866,42.0,other,france,599203,video,lifestyle,11277.0,915.0,1745.0,5856,87233,2023-03-13,552694,False,desktop,negative,#fashion #tech,0.159767519,2,13937.0,2023,3,March,Monday,51727.67338709677,36–45
26905,16.0,male,uk,634299,reel,lifestyle,7623.0,1801.0,17.0,7676,79739,2022-07-14,637864,False,mobile,negative,#fitness,0.118398776,1,9441.0,2022,7,July,Thursday,51119.39350912779,Under 18
55838,52.0,other,canada,279111,reel,music,220.0,81.0,747.0,7011,82678,2023-04-11,497502,False,tablet,positive,#music,0.012675682,1,1048.0,2023,4,April,Tuesday,48703.150097465885,46–55
68279,28.0,other,usa,502112,image,lifestyle,875.0,993.0,318.0,6709,96640,2022-03-17,770922,False,mobile,neutral,#fitness,0.022620033,1,2186.0,2022,3,March,Thursday,51263.87225548902,26–35
99489,43.0,female,uk,457479,image,fitness,11654.0,1179.0,1735.0,670,48249,2022-06-09,77310,False,tablet,positive,#lifestyle #music #foodie,0.301933719,3,14568.0,2022,6,June,Thursday,51119.39350912779,36–45
36806,54.0,male,japan,533174,text,fitness,1196.0,165.0,860.0,5413,14437,2023-05-05,795609,False,desktop,positive,#reels #foodie,0.153840826,2,2221.0,2023,5,May,Friday,49616.13559322034,46–55
55000,37.0,male,uae,535128,video,travel,10105.5,2255.0,967.0,6001,96304,2022-04-10,435970,False,tablet,positive,#tech,0.231714155,1,13327.5,2022,4,April,Sunday,48928.41351888668,36–45
32168,56.0,other,australia,100814,reel,tech,10105.5,2071.0,1305.0,6168,27783,2022-04-26,666288,False,mobile,positive,#reels,0.80952381,1,13481.5,2022,4,April,Tuesday,48346.38336713996,56+
80119,24.0,other,brazil,568492,video,food,16719.0,806.0,1499.0,2284,63369,2023-01-15,434747,False,tablet,neutral,#love #fashion,0.300209882,2,19024.0,2023,1,January,Sunday,49193.1746031746,18–25
48714,38.0,female,india,517935,text,travel,10105.5,2934.0,1991.0,4556,72854,2023-08-18,758651,False,tablet,positive,#reels,0.183119664,1,15030.5,2023,8,August,Friday,52462.38691588785,36–45
64093,38.0,other,uk,382294,image,fashion,14370.0,2738.0,251.0,5440,79430,2022-03-04,587379,False,mobile,positive,#music #fashion #tech,0.21854463,3,17359.0,2022,3,March,Friday,51119.39350912779,36–45
65419,60.0,female,france,103825,reel,lifestyle,1247.0,331.0,339.0,99,57460,2022-05-12,362374,False,desktop,positive,#love #travel #foodie,0.033362339,3,1917.0,2022,5,May,Thursday,51727.67338709677,56+
59145,45.0,male,uae,674656,image,fitness,13250.0,1585.0,750.0,2787,50864,2022-09-05,495602,True,tablet,positive,#tech,0.306405316,1,15585.0,2022,9,September,Monday,48928.41351888668,36–45
87425,40.0,female,canada,508016,reel,lifestyle,7111.0,1534.0,967.0,7857,5497,2023-01-30,788687,False,mobile,positive,#tech #fitness #love,1.74859014,3,9612.0,2023,1,January,Monday,48703.150097465885,36–45
87811,21.0,other,japan,175535,image,fitness,1886.0,1616.0,461.0,407,65049,2023-10-05,24451,True,tablet,negative,#fitness,0.060923304,1,3963.0,2023,10,October,Thursday,49616.13559322034,18–25
12461,24.0,male,france,186390,image,education,310.0,2288.0,1804.0,7322,45131,2023-02-15,33364,False,tablet,positive,#foodie,0.097538277,1,4402.0,2023,2,February,Wednesday,51727.67338709677,18–25
24291,17.0,female,usa,604484,text,food,10760.0,2883.0,630.0,977,95165,2023-03-04,436779,False,tablet,neutral,#foodie #lifestyle,0.149981611,2,14273.0,2023,3,March,Saturday,51263.87225548902,Under 18
56804,64.0,male,canada,323923,video,travel,17988.0,180.0,400.0,7601,68369,2023-11-01,650086,False,desktop,positive,#reels,0.271585075,1,18568.0,2023,11,November,Wednesday,48703.150097465885,56+
86971,40.0,female,uae,729364,image,travel,3546.0,1316.0,370.0,2798,24938,2023-12-29,221400,False,tablet,positive,#travel #fitness,0.209800305,2,5232.0,2023,12,December,Friday,48928.41351888668,36–45
74946,47.0,other,germany,830377,reel,fashion,5351.0,2016.0,281.0,5553,22525,2022-11-22,591943,False,mobile,neutral,#travel,0.339533851,1,7648.0,2022,11,November,Tuesday,48605.40612244898,46–55
94080,17.0,other,germany,279577,video,education,17381.0,1106.0,389.0,142,39219,2023-06-30,55412,False,mobile,neutral,#music #travel #reels,0.48129733,3,18876.0,2023,6,June,Friday,48605.40612244898,Under 18
71332,46.0,male,uae,877765,video,travel,496.0,1589.0,336.0,6672,99211,2023-01-10,580343,False,tablet,positive,#love,0.024402536,1,2421.0,2023,1,January,Tuesday,48928.41351888668,46–55
87794,58.0,male,germany,682187,image,travel,17347.0,2137.0,1923.0,7452,51764,2022-10-25,96917,False,desktop,neutral,#foodie,0.413549957,1,21407.0,2022,10,October,Tuesday,48605.40612244898,56+
40841,46.0,male,australia,838142,image,tech,10196.0,2486.0,1368.0,3076,33225,2022-10-06,684929,False,mobile,neutral,#travel #foodie,0.422874342,2,14050.0,2022,10,October,Thursday,48346.38336713996,46–55
58758,25.0,female,uk,909033,image,music,1198.0,1738.0,1542.0,6666,7411,2022-10-23,350844,False,desktop,neutral,#lifestyle,0.604236945,1,4478.0,2022,10,October,Sunday,51119.39350912779,18–25
86272,51.0,other,india,241749,video,food,10537.0,2590.0,272.0,719,35269,2023-06-11,183209,False,desktop,negative,#lifestyle,0.379908702,1,13399.0,2023,6,June,Sunday,52462.38691588785,46–55
47643,54.0,male,uk,522768,text,lifestyle,5910.0,2240.0,1276.0,1459,34142,2022-04-25,294978,False,mobile,negative,#tech,0.276082245,1,9426.0,2022,4,April,Monday,51119.39350912779,46–55
60408,57.0,male,japan,884609,image,music,5484.0,487.0,1019.0,417,33856,2023-05-08,486084,False,mobile,neutral,#fashion #travel #foodie,0.206462665,3,6990.0,2023,5,May,Monday,49616.13559322034,56+
53950,60.0,male,uk,843218,video,travel,13397.0,611.0,1877.0,1104,81240,2022-02-26,265003,False,desktop,positive,#love,0.195531758,1,15885.0,2022,2,February,Saturday,51119.39350912779,56+
66849,26.0,female,uk,561107,video,fashion,576.0,1112.0,639.0,544,16501,2022-05-22,241968,True,tablet,positive,#fashion #lifestyle #tech,0.141021756,3,2327.0,2022,5,May,Sunday,51119.39350912779,26–35
38044,23.0,male,usa,593915,reel,lifestyle,19544.0,1397.0,1397.0,7153,50990,2023-12-20,795001,False,desktop,positive,#lifestyle #fitness #foodie,0.438085899,3,22338.0,2023,12,December,Wednesday,51263.87225548902,18–25
25997,54.0,male,india,223355,image,fitness,10105.5,1456.0,1627.0,6960,6728,2023-10-14,773549,False,mobile,positive,#lifestyle,0.466111772,1,13188.5,2023,10,October,Saturday,52462.38691588785,46–55
89751,50.0,male,uk,977882,text,education,15989.0,2193.0,817.0,7544,70757,2023-09-11,436223,False,desktop,positive,#music,0.268510536,1,18999.0,2023,9,September,Monday,51119.39350912779,46–55
33911,16.0,female,india,264364,reel,education,11624.0,1337.0,1919.0,6302,93209,2023-02-13,235018,False,mobile,positive,#fitness,0.159641236,1,14880.0,2023,2,February,Monday,52462.38691588785,Under 18
65533,45.0,male,brazil,228424,image,travel,15835.0,326.0,5.0,5905,50165,2022-03-19,143585,False,tablet,positive,#tech #music,0.322256553,2,16166.0,2022,3,March,Saturday,49193.1746031746,36–45
92566,19.0,male,germany,225451,reel,travel,228.0,2200.0,1437.0,6770,41625,2022-01-02,670058,False,tablet,positive,#foodie,0.092852853,1,3865.0,2022,1,January,Sunday,48605.40612244898,18–25
24571,53.0,female,france,428241,image,lifestyle,16190.0,401.0,585.0,3288,91564,2022-02-04,342971,False,tablet,negative,#music,0.18758464,1,17176.0,2022,2,February,Friday,51727.67338709677,46–55
67941,38.0,other,usa,829063,reel,music,12022.0,2867.0,1521.0,772,32498,2023-01-30,190848,False,tablet,negative,#reels #fashion #tech,0.504954151,3,16410.0,2023,1,January,Monday,51263.87225548902,36–45
68005,49.0,female,germany,771544,text,fitness,984.0,487.0,1079.0,1693,34339,2022-08-06,85420,False,tablet,positive,#foodie #tech,0.074259588,2,2550.0,2022,8,August,Saturday,48605.40612244898,46–55
96250,63.0,other,india,320408,reel,tech,12660.0,2114.0,1830.0,1068,68799,2022-03-08,433741,False,mobile,positive,#fun #lifestyle,0.241340717,2,16604.0,2022,3,March,Tuesday,52462.38691588785,56+
68712,22.0,male,germany,428885,reel,food,18851.0,2136.0,1421.0,3703,48747,2022-03-10,236469,False,desktop,positive,#music,0.45967957,1,22408.0,2022,3,March,Thursday,48605.40612244898,18–25
53541,55.0,male,uk,685665,reel,tech,10041.0,1158.0,821.0,5334,21855,2022-08-12,658158,False,tablet,positive,#fun,0.549988561,1,12020.0,2022,8,August,Friday,51119.39350912779,46–55
33387,27.0,other,france,505255,image,music,531.0,2249.0,237.0,7678,49169,2022-12-27,435582,False,mobile,positive,#fashion,0.0613598,1,3017.0,2022,12,December,Tuesday,51727.67338709677,26–35
58908,50.0,female,uk,669449,image,fashion,13711.0,2475.0,489.0,4223,91274,2023-04-03,218301,False,desktop,neutral,#reels,0.182691676,1,16675.0,2023,4,April,Monday,51119.39350912779,46–55
95457,27.0,male,japan,790366,text,lifestyle,11227.0,2987.0,1045.0,7421,90859,2022-10-21,247616,False,desktop,neutral,#music,0.167941536,1,15259.0,2022,10,October,Friday,49616.13559322034,26–35
23057,17.0,other,uk,248616,reel,travel,8028.0,1202.0,440.0,1573,10701,2022-11-22,619854,False,tablet,positive,#reels,0.903653864,1,9670.0,2022,11,November,Tuesday,51119.39350912779,Under 18
74028,41.0,female,france,637275,video,tech,16945.0,2386.0,1064.0,4972,4117,2022-07-22,173448,False,tablet,positive,#love #music,4.953849891,2,20395.0,2022,7,July,Friday,51727.67338709677,36–45
65731,31.0,other,canada,629527,reel,food,89.0,78.0,857.0,3793,68245,2023-08-16,727358,False,desktop,neutral,#travel #foodie #fashion,0.015004762,3,1024.0,2023,8,August,Wednesday,48703.150097465885,26–35
34858,63.0,female,brazil,669073,video,fashion,5735.0,1620.0,1801.0,7519,32950,2023-08-01,93015,False,desktop,negative,#foodie #fun,0.277875569,2,9156.0,2023,8,August,Tuesday,49193.1746031746,56+
58689,22.0,male,india,123358,video,education,3145.0,1556.0,257.0,2653,46887,2022-10-24,73963,False,mobile,positive,#reels #love,0.105743596,2,4958.0,2022,10,October,Monday,52462.38691588785,18–25
54638,24.0,female,brazil,476903,reel,music,1292.0,377.0,1474.0,540,42110,2022-09-18,680752,True,tablet,positive,#reels #fitness #fun,0.074637853,3,3143.0,2022,9,September,Sunday,49193.1746031746,18–25
56486,16.0,female,japan,575890,video,tech,7559.0,164.0,47.0,2211,71344,2023-06-02,464143,True,desktop,negative,#fun #fitness,0.108908948,2,7770.0,2023,6,June,Friday,49616.13559322034,Under 18
30567,43.0,other,brazil,287522,video,travel,3781.0,1563.0,1833.0,2696,8073,2022-05-12,59039,False,desktop,positive,#reels,0.889012759,1,7177.0,2022,5,May,Thursday,49193.1746031746,36–45
39739,30.0,other,germany,319592,reel,food,19889.0,748.0,502.0,1558,94050,2022-11-21,40758,False,tablet,positive,#fashion #tech #travel,0.224763424,3,21139.0,2022,11,November,Monday,48605.40612244898,26–35
67804,28.0,other,uae,259500,image,travel,2391.0,1720.0,138.0,130,30013,2022-03-09,290355,True,mobile,positive,#reels #foodie #fun,0.141571985,3,4249.0,2022,3,March,Wednesday,48928.41351888668,26–35
13754,52.0,other,usa,109096,reel,travel,17602.0,2984.0,1225.0,7765,13456,2022-05-06,104219,False,mobile,negative,#music #foodie,1.620912604,2,21811.0,2022,5,May,Friday,51263.87225548902,46–55
37044,48.0,other,france,147582,text,fashion,13204.0,1845.0,1675.0,2743,51993,2023-01-28,672591,False,tablet,positive,#tech,0.321658685,1,16724.0,2023,1,January,Saturday,51727.67338709677,46–55
77260,37.0,female,usa,812755,video,food,2252.0,154.0,508.0,4599,66433,2023-02-06,154772,False,mobile,negative,#fun #foodie,0.043863742,2,2914.0,2023,2,February,Monday,51263.87225548902,36–45
76912,35.0,male,france,998027,text,fitness,3891.0,1146.0,1012.0,5543,31682,2023-11-14,252584,False,mobile,positive,#tech #foodie #fashion,0.179597248,3,6049.0,2023,11,November,Tuesday,51727.67338709677,26–35
18706,24.0,male,india,561373,video,education,9866.0,1063.0,1309.0,3820,21235,2022-12-02,192571,False,mobile,positive,#fashion,0.576312691,1,12238.0,2022,12,December,Friday,52462.38691588785,18–25
18894,46.0,other,brazil,725782,image,music,17159.0,2216.0,1256.0,2231,50014,2022-01-29,75437,False,desktop,positive,#lifestyle,0.412504499,1,20631.0,2022,1,January,Saturday,49193.1746031746,46–55
28037,48.0,other,india,431628,video,travel,5229.0,2839.0,1339.0,825,41677,2023-11-19,755692,False,desktop,negative,#foodie #fitness,0.225712023,2,9407.0,2023,11,November,Sunday,52462.38691588785,46–55
93986,49.0,male,uk,887719,reel,music,10105.5,1353.0,460.0,2718,77708,2023-09-09,538767,False,mobile,negative,#reels #love,0.120528131,2,11918.5,2023,9,September,Saturday,51119.39350912779,46–55
91942,15.0,female,uk,809870,video,food,10105.5,1463.0,669.0,7125,12724,2022-02-14,671002,True,tablet,neutral,#lifestyle #love #fun,0.172508645,3,12237.5,2022,2,February,Monday,51119.39350912779,Under 18
61612,21.0,other,usa,648190,text,travel,1787.0,1516.0,1573.0,7690,20347,2022-04-11,490360,False,tablet,positive,#reels #fun,0.239642208,2,4876.0,2022,4,April,Monday,51263.87225548902,18–25
39725,30.0,female,australia,418332,reel,tech,12042.0,2401.0,1610.0,1022,15607,2022-08-14,588477,False,tablet,neutral,#music #love,1.028576921,2,16053.0,2022,8,August,Sunday,48346.38336713996,26–35
15926,55.0,male,australia,475038,text,tech,8069.0,1497.0,1344.0,2601,65125,2023-02-23,489763,False,mobile,negative,#reels,0.149558541,1,10910.0,2023,2,February,Thursday,48346.38336713996,46–55
19496,47.0,male,uae,514380,image,food,11726.0,2545.0,1198.0,5354,17251,2023-09-08,699099,False,tablet,positive,#foodie,0.89670164,1,15469.0,2023,9,September,Friday,48928.41351888668,46–55
66447,46.0,other,australia,967636,text,education,3915.0,1497.0,1062.0,4226,32415,2022-09-19,235667,True,desktop,positive,#reels #lifestyle,0.200616998,2,6474.0,2022,9,September,Monday,48346.38336713996,46–55
39806,53.0,female,japan,232844,text,fashion,14655.0,2392.0,432.0,696,31204,2023-11-08,425954,False,tablet,positive,#tech,0.560152545,1,17479.0,2023,11,November,Wednesday,49616.13559322034,46–55
98199,38.0,other,germany,284126,text,fitness,12644.0,2690.0,484.0,1037,87621,2022-10-19,724400,False,tablet,positive,#foodie,0.180527499,1,15818.0,2022,10,October,Wednesday,48605.40612244898,36–45
51321,16.0,male,germany,751088,reel,tech,92.0,788.0,1608.0,813,30398,2022-07-31,758388,False,desktop,neutral,#travel #foodie #reels,0.08184749,3,2488.0,2022,7,July,Sunday,48605.40612244898,Under 18
75095,41.0,female,uk,859864,image,fashion,10934.0,2424.0,1081.0,3837,36053,2023-10-18,101714,False,desktop,positive,#travel #tech #fun,0.400493718,3,14439.0,2023,10,October,Wednesday,51119.39350912779,36–45
32656,53.0,other,australia,420437,image,fitness,1677.0,1318.0,495.0,658,58464,2023-04-01,479422,False,mobile,positive,#fashion #tech #love,0.059694855,3,3490.0,2023,4,April,Saturday,48346.38336713996,46–55
65147,57.0,other,uae,574514,image,tech,3864.0,2481.0,874.0,2427,56681,2022-08-24,102652,False,mobile,positive,#lifestyle #foodie #music,0.127361903,3,7219.0,2022,8,August,Wednesday,48928.41351888668,56+
59666,62.0,other,france,631501,text,fitness,17785.0,2548.0,600.0,1083,60937,2023-06-18,46617,False,mobile,positive,#music #reels #lifestyle,0.343518716,3,20933.0,2023,6,June,Sunday,51727.67338709677,56+
92368,27.0,male,uk,377085,reel,lifestyle,17990.0,2568.0,1808.0,2974,17561,2022-03-10,3525,False,mobile,positive,#love,1.273617676,1,22366.0,2022,3,March,Thursday,51119.39350912779,26–35
48787,40.0,other,india,982313,reel,travel,12148.0,561.0,1157.0,7459,44319,2023-08-04,391184,True,mobile,positive,#reels #lifestyle #love,0.31286807,3,13866.0,2023,8,August,Friday,52462.38691588785,36–45
72946,54.0,female,australia,509180,reel,food,10105.5,512.0,1012.0,1183,77438,2022-09-03,367058,False,desktop,positive,#fashion #music #travel,0.160502596,3,11629.5,2022,9,September,Saturday,48346.38336713996,46–55
31727,28.0,other,uk,126855,text,tech,17281.0,515.0,1532.0,5566,96947,2023-07-29,518995,False,desktop,neutral,#fun,0.199366664,1,19328.0,2023,7,July,Saturday,51119.39350912779,26–35
78056,24.0,male,australia,625334,image,tech,15113.0,1539.0,1986.0,6681,13601,2022-08-25,576867,False,desktop,positive,#fun,1.370340416,1,18638.0,2022,8,August,Thursday,48346.38336713996,18–25
13081,64.0,other,japan,901341,text,music,4587.0,2544.0,606.0,2624,11170,2022-11-27,283619,False,tablet,positive,#fashion #fun,0.692658908,2,7737.0,2022,11,November,Sunday,49616.13559322034,56+
44196,17.0,male,uae,834474,reel,travel,19515.0,2649.0,155.0,5505,1726,2022-12-29,477370,False,tablet,positive,#reels #travel,12.93105446,2,22319.0,2022,12,December,Thursday,48928.41351888668,Under 18
46735,46.0,male,usa,516584,text,tech,17916.0,1185.0,200.0,5189,77446,2023-06-15,439096,False,tablet,positive,#tech,0.249218811,1,19301.0,2023,6,June,Thursday,51263.87225548902,46–55
90102,54.0,female,canada,478997,video,tech,10169.0,666.0,1021.0,7549,64669,2023-04-10,176795,True,mobile,positive,#love #tech #reels,0.183333591,3,11856.0,2023,4,April,Monday,48703.150097465885,46–55
89578,13.0,female,uae,194135,image,lifestyle,1798.0,1497.0,1963.0,2732,39514,2022-08-17,357323,False,tablet,neutral,#tech #love,0.134408058,2,5258.0,2022,8,August,Wednesday,48928.41351888668,Under 18
35498,51.0,other,australia,695543,image,tech,13782.0,2412.0,498.0,1997,28960,2023-05-24,236723,False,mobile,positive,#fun #reels #foodie,0.576381215,3,16692.0,2023,5,May,Wednesday,48346.38336713996,46–55
86865,44.0,male,india,312568,reel,tech,17735.0,1567.0,1425.0,2011,30560,2023-01-17,767798,False,mobile,negative,#reels #music #lifestyle,0.678239529,3,20727.0,2023,1,January,Tuesday,52462.38691588785,36–45
41656,38.0,male,india,844502,text,tech,13408.0,1448.0,1519.0,1248,95177,2022-05-07,420514,False,mobile,negative,#music #tech,0.172047869,2,16375.0,2022,5,May,Saturday,52462.38691588785,36–45
77695,29.0,female,usa,871224,reel,fashion,10030.0,966.0,487.0,7675,60070,2023-10-20,539507,False,mobile,neutral,#travel #fun #love,0.191160313,3,11483.0,2023,10,October,Friday,51263.87225548902,26–35
47900,60.0,female,brazil,508840,text,tech,10752.0,1980.0,159.0,3736,54684,2022-04-24,771237,False,tablet,negative,#lifestyle #fun,0.23573623,2,12891.0,2022,4,April,Sunday,49193.1746031746,56+
94899,39.0,other,india,335787,video,travel,7051.0,1598.0,1234.0,6183,64386,2022-08-31,69819,False,desktop,negative,#fashion #love #lifestyle,0.153496102,3,9883.0,2022,8,August,Wednesday,52462.38691588785,36–45
57701,36.0,male,uk,468522,image,lifestyle,9855.0,1980.0,1476.0,5265,70409,2022-05-25,2512,False,mobile,positive,#travel,0.189052536,1,13311.0,2022,5,May,Wednesday,51119.39350912779,36–45
29033,47.0,female,india,896784,image,tech,10589.0,363.0,1707.0,2413,37912,2023-07-07,281810,False,tablet,positive,#travel #tech #fashion,0.333904832,3,12659.0,2023,7,July,Friday,52462.38691588785,46–55
20805,58.0,other,canada,458565,text,fitness,11395.0,107.0,1093.0,7777,94459,2023-11-04,43677,False,mobile,positive,#lifestyle #travel,0.133338274,2,12595.0,2023,11,November,Saturday,48703.150097465885,56+
45851,54.0,male,usa,966971,image,lifestyle,12833.0,622.0,830.0,4343,46077,2023-03-15,221481,False,mobile,negative,#fashion #fun #foodie,0.310024524,3,14285.0,2023,3,March,Wednesday,51263.87225548902,46–55
36832,51.0,male,uk,371367,text,lifestyle,598.0,320.0,971.0,11,42188,2022-12-04,24480,False,desktop,positive,#fashion #lifestyle,0.044775766,2,1889.0,2022,12,December,Sunday,51119.39350912779,46–55
73437,38.0,female,australia,349048,reel,fitness,14367.0,509.0,1337.0,2010,11730,2023-02-12,294071,False,mobile,positive,#fashion #travel,1.382182438,2,16213.0,2023,2,February,Sunday,48346.38336713996,36–45
23944,61.0,other,uae,964686,video,travel,18428.0,2719.0,430.0,3607,42175,2023-08-12,639551,False,desktop,positive,#fitness #lifestyle #music,0.511606402,3,21577.0,2023,8,August,Saturday,48928.41351888668,56+
29873,50.0,female,usa,953283,text,fashion,16642.0,1064.0,1405.0,736,62344,2022-06-17,620159,True,tablet,positive,#love #foodie #music,0.306541127,3,19111.0,2022,6,June,Friday,51263.87225548902,46–55
50372,35.0,other,canada,150044,video,education,8003.0,303.0,1680.0,509,10200,2023-09-14,294208,False,mobile,neutral,#foodie #fashion,0.979019608,2,9986.0,2023,9,September,Thursday,48703.150097465885,26–35
99464,34.0,male,germany,976650,reel,music,10097.0,968.0,1190.0,1268,65342,2023-12-08,708882,False,desktop,positive,#travel,0.187551651,1,12255.0,2023,12,December,Friday,48605.40612244898,26–35
25379,16.0,other,canada,709288,reel,education,13207.0,1438.0,1978.0,6094,29203,2022-06-16,124074,False,mobile,neutral,#fashion #travel #reels,0.56922234,3,16623.0,2022,6,June,Thursday,48703.150097465885,Under 18
46751,61.0,other,france,993672,reel,travel,11824.0,1417.0,1414.0,4266,34196,2023-06-17,611088,False,mobile,neutral,#fun #music #lifestyle,0.428558896,3,14655.0,2023,6,June,Saturday,51727.67338709677,56+
99822,21.0,other,france,827362,text,fashion,797.0,2412.0,1342.0,7199,69759,2022-06-14,553730,False,mobile,positive,#travel #reels,0.065238894,2,4551.0,2022,6,June,Tuesday,51727.67338709677,18–25
15110,16.0,other,germany,393172,video,food,10105.5,2785.0,116.0,5745,99715,2023-10-04,237532,False,desktop,positive,#travel #fashion #fun,0.136348593,3,13006.5,2023,10,October,Wednesday,48605.40612244898,Under 18
64341,19.0,other,japan,934385,video,fitness,5713.0,988.0,696.0,4816,77866,2022-09-19,98816,False,tablet,positive,#fun #fashion #foodie,0.094996533,3,7397.0,2022,9,September,Monday,49616.13559322034,18–25
22087,35.0,female,india,157965,image,music,7311.0,2199.0,1535.0,3042,11907,2023-07-18,645409,False,desktop,neutral,#foodie #fitness,0.92760561,2,11045.0,2023,7,July,Tuesday,52462.38691588785,26–35
33762,14.0,other,uae,334466,text,lifestyle,5911.0,258.0,202.0,4910,56823,2022-09-18,372806,False,tablet,neutral,#reels #music,0.112120092,2,6371.0,2022,9,September,Sunday,48928.41351888668,Under 18
92617,61.0,male,brazil,169776,image,lifestyle,3954.0,2754.0,1185.0,6572,35051,2022-06-24,726862,False,desktop,positive,#fashion #tech #love,0.225186157,3,7893.0,2022,6,June,Friday,49193.1746031746,56+
19596,36.0,male,brazil,393603,image,lifestyle,9819.0,1974.0,1844.0,1058,15527,2022-04-06,337900,False,desktop,positive,#fun #fitness,0.878276551,2,13637.0,2022,4,April,Wednesday,49193.1746031746,36–45
28313,52.0,other,uae,190932,text,fitness,4312.0,2270.0,961.0,4300,253,2022-12-23,78321,False,tablet,neutral,#foodie #music,29.81422925,2,7543.0,2022,12,December,Friday,48928.41351888668,46–55
76549,43.0,male,canada,968763,image,fitness,8980.0,1289.0,461.0,889,54834,2023-01-05,274736,False,tablet,positive,#love,0.195681511,1,10730.0,2023,1,January,Thursday,48703.150097465885,36–45
33705,59.0,female,germany,780049,image,music,18440.0,229.0,1873.0,5503,63913,2023-07-06,779475,False,tablet,neutral,#travel #love,0.321405661,2,20542.0,2023,7,July,Thursday,48605.40612244898,56+
77364,43.0,female,germany,573662,image,education,15828.0,2486.0,943.0,2952,66451,2023-12-22,360800,False,desktop,negative,#fun #fitness #foodie,0.289792479,3,19257.0,2023,12,December,Friday,48605.40612244898,36–45
83445,38.0,other,australia,430126,reel,education,13952.0,149.0,699.0,3337,1219,2022-05-22,677677,False,tablet,neutral,#lifestyle #foodie #fashion,12.14109926,3,14800.0,2022,5,May,Sunday,48346.38336713996,36–45
88645,52.0,female,usa,496562,text,education,7102.0,909.0,1578.0,5696,60712,2022-06-16,656186,True,mobile,positive,#foodie #music,0.157942417,2,9589.0,2022,6,June,Thursday,51263.87225548902,46–55
12023,60.0,other,uk,276251,reel,fashion,12660.0,1497.0,200.0,7610,84175,2023-12-04,437485,False,mobile,positive,#fun #fitness,0.164383724,2,14357.0,2023,12,December,Monday,51119.39350912779,56+
69796,63.0,female,france,739061,image,lifestyle,15427.0,634.0,1254.0,3681,38033,2022-11-15,393889,False,mobile,positive,#foodie #love,0.455262535,2,17315.0,2022,11,November,Tuesday,51727.67338709677,56+
90073,55.0,other,brazil,926949,image,travel,1447.0,1893.0,515.0,2744,66845,2023-09-23,193615,False,mobile,neutral,#love #fun #fashion,0.057670731,3,3855.0,2023,9,September,Saturday,49193.1746031746,46–55
74429,46.0,other,india,431822,reel,fashion,16898.0,2446.0,1775.0,4845,63910,2023-10-20,782146,False,tablet,positive,#fun,0.330449069,1,21119.0,2023,10,October,Friday,52462.38691588785,46–55
71627,36.0,male,uk,312678,image,lifestyle,12651.0,621.0,1229.0,1508,88448,2022-12-01,105384,False,tablet,positive,#love #music,0.163949439,2,14501.0,2022,12,December,Thursday,51119.39350912779,36–45
43848,61.0,male,canada,474635,text,fitness,18297.0,2190.0,1354.0,7128,99510,2023-04-19,168665,False,mobile,neutral,#music #tech,0.219485479,2,21841.0,2023,4,April,Wednesday,48703.150097465885,56+
47804,38.0,male,australia,959055,video,fitness,15112.0,947.0,605.0,7637,80621,2023-10-03,483857,False,tablet,neutral,#music,0.206695526,1,16664.0,2023,10,October,Tuesday,48346.38336713996,36–45
25379,28.0,male,uk,582504,reel,fitness,1951.0,1093.0,743.0,3337,30122,2022-05-25,555665,False,mobile,positive,#lifestyle,0.125722064,1,3787.0,2022,5,May,Wednesday,51119.39350912779,26–35
69664,59.0,other,australia,312243,video,lifestyle,13827.0,53.0,874.0,3033,27472,2022-02-23,192696,False,desktop,negative,#fitness #reels,0.537055911,2,14754.0,2022,2,February,Wednesday,48346.38336713996,56+
37766,25.0,female,brazil,580970,video,education,8965.0,843.0,346.0,6034,78201,2022-05-02,295249,False,tablet,positive,#music #fun,0.129844887,2,10154.0,2022,5,May,Monday,49193.1746031746,18–25
78099,27.0,other,brazil,459553,video,fitness,328.0,2985.0,348.0,1767,27335,2022-05-04,554102,False,desktop,neutral,#travel #music #fitness,0.133930858,3,3661.0,2022,5,May,Wednesday,49193.1746031746,26–35
46060,39.0,male,india,410719,reel,food,8985.0,2599.0,1012.0,1132,66673,2022-06-16,375579,False,tablet,positive,#reels #tech,0.203305686,2,12596.0,2022,6,June,Thursday,52462.38691588785,36–45
79122,16.0,male,germany,994933,image,fitness,12884.0,1865.0,1183.0,7656,68969,2023-10-17,482420,False,tablet,positive,#tech,0.231002334,1,15932.0,2023,10,October,Tuesday,48605.40612244898,Under 18
26087,28.0,female,canada,407183,text,music,5973.0,298.0,1648.0,1201,82433,2022-01-22,314985,True,tablet,positive,#love #fun #music,0.096065896,3,7919.0,2022,1,January,Saturday,48703.150097465885,26–35
58868,42.0,male,japan,805315,image,music,17794.0,2739.0,1275.0,248,28818,2022-10-03,565061,False,desktop,negative,#foodie #fitness,0.756749254,2,21808.0,2022,10,October,Monday,49616.13559322034,36–45
33225,56.0,other,uae,180260,text,lifestyle,7714.0,2605.0,1245.0,1895,73540,2023-02-12,498114,False,desktop,positive,#love #lifestyle,0.157247756,2,11564.0,2023,2,February,Sunday,48928.41351888668,56+
16643,42.0,other,india,680159,image,education,1137.0,444.0,857.0,5124,82675,2023-04-27,730561,False,mobile,positive,#tech #love #fitness,0.029488963,3,2438.0,2023,4,April,Thursday,52462.38691588785,36–45
46727,48.0,other,brazil,291750,video,fashion,17952.0,97.0,1629.0,5276,15655,2022-10-26,500419,False,desktop,negative,#fitness #foodie,1.256978601,2,19678.0,2022,10,October,Wednesday,49193.1746031746,46–55
21005,15.0,male,usa,745061,video,fitness,4472.0,2105.0,1970.0,229,73093,2022-10-04,445503,False,desktop,neutral,#fitness,0.116933222,1,8547.0,2022,10,October,Tuesday,51263.87225548902,Under 18
75697,34.0,other,germany,524567,text,education,3274.0,176.0,393.0,2675,31588,2022-11-18,761427,False,mobile,negative,#fitness,0.121660124,1,3843.0,2022,11,November,Friday,48605.40612244898,26–35
26029,61.0,female,uae,684981,reel,education,3273.0,718.0,1419.0,1284,18963,2022-04-25,734855,False,desktop,positive,#reels #lifestyle,0.285292412,2,5410.0,2022,4,April,Monday,48928.41351888668,56+
24226,34.0,other,usa,917865,image,tech,19853.0,1308.0,993.0,2875,91559,2022-09-29,27142,True,desktop,positive,#fun #lifestyle #travel,0.241964198,3,22154.0,2022,9,September,Thursday,51263.87225548902,26–35
73646,62.0,male,india,174797,video,food,15151.0,2038.0,977.0,320,22405,2022-06-17,250798,False,mobile,neutral,#tech,0.81080116,1,18166.0,2022,6,June,Friday,52462.38691588785,56+
70603,62.0,male,uk,310087,text,music,10155.0,2713.0,166.0,7294,97311,2023-03-12,21723,False,desktop,neutral,#tech #travel,0.133941692,2,13034.0,2023,3,March,Sunday,51119.39350912779,56+
38731,61.0,male,japan,902236,image,lifestyle,5362.0,322.0,975.0,27,36474,2022-09-21,130030,True,mobile,positive,#love #music,0.182568405,2,6659.0,2022,9,September,Wednesday,49616.13559322034,56+
78926,24.0,male,australia,848141,text,fitness,4636.0,2722.0,451.0,2898,5303,2022-09-07,697048,False,tablet,neutral,#travel,1.4725627,1,7809.0,2022,9,September,Wednesday,48346.38336713996,18–25
15997,33.0,female,uae,931533,reel,tech,5346.0,1723.0,1161.0,509,61282,2023-04-07,150963,False,tablet,positive,#reels #travel #music,0.134297184,3,8230.0,2023,4,April,Friday,48928.41351888668,26–35
65506,16.0,male,uae,815475,reel,lifestyle,17620.0,1393.0,859.0,6371,95704,2023-03-15,559850,False,desktop,neutral,#fashion,0.207640224,1,19872.0,2023,3,March,Wednesday,48928.41351888668,Under 18
88229,43.0,female,india,702651,image,fashion,10938.0,1989.0,1896.0,640,31867,2022-12-08,18787,False,tablet,positive,#love #foodie #fun,0.465152038,3,14823.0,2022,12,December,Thursday,52462.38691588785,36–45
59815,56.0,male,uae,207904,reel,food,4208.0,845.0,209.0,4636,37872,2023-04-11,476834,True,desktop,positive,#foodie #fun,0.138941698,2,5262.0,2023,4,April,Tuesday,48928.41351888668,56+
52092,43.0,female,australia,406844,image,education,4468.0,89.0,767.0,3250,55720,2022-02-27,294255,False,mobile,negative,#tech #fitness #foodie,0.095549174,3,5324.0,2022,2,February,Sunday,48346.38336713996,36–45
72539,35.0,female,australia,739240,image,fitness,2346.0,130.0,1608.0,3747,16799,2022-01-05,145811,True,mobile,neutral,#music #foodie #love,0.243109709,3,4084.0,2022,1,January,Wednesday,48346.38336713996,26–35
76077,32.0,female,usa,439720,reel,fashion,13984.0,1052.0,213.0,2719,32393,2023-09-15,168892,False,mobile,neutral,#foodie #fitness,0.470749853,2,15249.0,2023,9,September,Friday,51263.87225548902,26–35
31817,27.0,male,uk,643765,text,lifestyle,1042.0,2709.0,1801.0,3903,88083,2022-09-22,742660,False,tablet,positive,#foodie #fashion #music,0.063031459,3,5552.0,2022,9,September,Thursday,51119.39350912779,26–35
47861,35.0,female,australia,378271,text,tech,13063.0,2105.0,1383.0,5005,22525,2022-09-06,528304,False,mobile,neutral,#fun #fitness #lifestyle,0.734783574,3,16551.0,2022,9,September,Tuesday,48346.38336713996,26–35
23428,40.0,other,japan,317790,image,lifestyle,8199.0,1080.0,1686.0,1311,84281,2022-04-05,390896,False,mobile,negative,#tech,0.130100497,1,10965.0,2022,4,April,Tuesday,49616.13559322034,36–45
53934,28.0,other,uae,650337,video,music,3731.0,993.0,1258.0,5613,82864,2023-11-28,707303,False,desktop,negative,#tech,0.072190577,1,5982.0,2023,11,November,Tuesday,48928.41351888668,26–35
20258,49.0,male,usa,622471,image,lifestyle,9765.0,1417.0,972.0,3336,34382,2023-04-02,308728,False,desktop,neutral,#love,0.353498924,1,12154.0,2023,4,April,Sunday,51263.87225548902,46–55
67775,33.0,other,brazil,636761,text,food,7302.0,189.0,1751.0,1490,99512,2022-11-13,194252,False,desktop,positive,#fun #love,0.092873221,2,9242.0,2022,11,November,Sunday,49193.1746031746,26–35
91580,27.0,other,usa,837605,image,fitness,16844.0,2123.0,1420.0,1418,87143,2022-04-29,213895,False,desktop,positive,#travel #reels #fashion,0.233948797,3,20387.0,2022,4,April,Friday,51263.87225548902,26–35
15469,29.0,other,japan,330582,text,fashion,16294.0,2418.0,303.0,7599,50982,2022-07-21,202993,False,mobile,neutral,#foodie #fashion #fun,0.372974775,3,19015.0,2022,7,July,Thursday,49616.13559322034,26–35
38854,62.0,male,germany,948268,reel,food,2302.0,898.0,1132.0,1458,68821,2022-02-22,369282,False,desktop,positive,#fitness #love,0.062945903,2,4332.0,2022,2,February,Tuesday,48605.40612244898,56+
16256,38.0,male,usa,404608,image,tech,19017.0,2898.0,856.0,3459,17722,2022-11-13,544128,False,tablet,neutral,#fashion,1.284900124,1,22771.0,2022,11,November,Sunday,51263.87225548902,36–45
86256,38.0,other,brazil,638002,image,education,10105.5,1760.0,1835.0,4904,5555,2023-11-04,52154,False,tablet,neutral,#fashion #love,2.365076508,2,13700.5,2023,11,November,Saturday,49193.1746031746,36–45
43937,31.0,male,australia,423022,reel,fitness,361.0,505.0,860.0,5656,35792,2022-09-01,114557,False,tablet,positive,#lifestyle,0.048223067,1,1726.0,2022,9,September,Thursday,48346.38336713996,26–35
11651,42.0,female,france,459625,reel,education,5493.0,1966.0,1999.0,7312,6896,2022-04-04,185337,False,desktop,neutral,#travel,1.371519722,1,9458.0,2022,4,April,Monday,51727.67338709677,36–45
60288,57.0,other,france,312875,video,food,17171.0,182.0,1855.0,7342,58634,2023-07-06,91181,False,mobile,positive,#fitness #love #fun,0.3275915,3,19208.0,2023,7,July,Thursday,51727.67338709677,56+
94730,30.0,male,france,927946,reel,tech,16592.0,153.0,807.0,2567,22523,2022-10-07,275379,False,desktop,negative,#fashion #foodie,0.779292279,2,17552.0,2022,10,October,Friday,51727.67338709677,26–35
35051,26.0,male,germany,196988,video,tech,8458.0,1292.0,1413.0,1337,27107,2022-04-02,206434,False,tablet,positive,#fitness #reels #fun,0.411812447,3,11163.0,2022,4,April,Saturday,48605.40612244898,26–35
37386,48.0,other,brazil,367280,reel,fashion,5092.0,2950.0,119.0,3692,48221,2022-02-07,758625,False,desktop,positive,#fun,0.169241617,1,8161.0,2022,2,February,Monday,49193.1746031746,46–55
85054,48.0,male,japan,198115,text,music,16937.0,1953.0,1863.0,5248,93106,2023-02-17,535144,False,tablet,neutral,#love #foodie,0.222896484,2,20753.0,2023,2,February,Friday,49616.13559322034,46–55
26184,32.0,other,india,131516,image,lifestyle,8025.0,1046.0,1633.0,4609,96482,2022-08-31,673665,False,mobile,negative,#love,0.110942974,1,10704.0,2022,8,August,Wednesday,52462.38691588785,26–35
43787,64.0,male,france,439126,reel,tech,13817.0,2573.0,1233.0,3081,50361,2022-12-30,648308,False,mobile,positive,#tech,0.34993348,1,17623.0,2022,12,December,Friday,51727.67338709677,56+
31621,31.0,female,india,557094,text,music,9779.0,605.0,426.0,346,79545,2023-10-10,279204,False,mobile,positive,#fashion #fun,0.135897919,2,10810.0,2023,10,October,Tuesday,52462.38691588785,26–35
85564,57.0,other,germany,145099,reel,tech,4516.0,1366.0,1567.0,116,27792,2022-03-05,495777,True,mobile,positive,#love,0.26802677,1,7449.0,2022,3,March,Saturday,48605.40612244898,56+
87984,56.0,female,india,976492,image,lifestyle,6451.0,2926.0,944.0,2458,47149,2022-07-20,529104,False,mobile,negative,#reels,0.218901779,1,10321.0,2022,7,July,Wednesday,52462.38691588785,56+
69792,19.0,other,uae,637476,reel,travel,14530.0,2386.0,329.0,1420,82642,2022-11-03,486556,False,desktop,neutral,#fun #fashion,0.208671136,2,17245.0,2022,11,November,Thursday,48928.41351888668,18–25
55253,56.0,male,germany,861733,reel,tech,9310.0,1958.0,1249.0,1854,18821,2022-06-24,532555,False,mobile,positive,#fun #foodie #tech,0.665054992,3,12517.0,2022,6,June,Friday,48605.40612244898,56+
44051,16.0,female,india,735361,image,fitness,1513.0,1064.0,1750.0,3082,75758,2023-11-20,166938,True,desktop,neutral,#love #music #foodie,0.05711608,3,4327.0,2023,11,November,Monday,52462.38691588785,Under 18
59811,46.0,male,usa,937620,reel,education,13336.0,1699.0,634.0,5517,34126,2023-08-20,355791,False,tablet,negative,#fun #music,0.45915138,2,15669.0,2023,8,August,Sunday,51263.87225548902,46–55
40447,14.0,other,france,486221,image,education,11595.0,517.0,1170.0,1631,4601,2023-11-03,205566,False,tablet,positive,#fashion #reels #travel,2.886763747,3,13282.0,2023,11,November,Friday,51727.67338709677,Under 18
93930,17.0,other,uk,629848,video,food,6749.0,2454.0,1363.0,1999,73476,2023-11-25,335397,False,mobile,positive,#tech,0.143802058,1,10566.0,2023,11,November,Saturday,51119.39350912779,Under 18
40254,22.0,other,canada,604373,reel,lifestyle,7005.0,137.0,563.0,7260,7389,2023-07-02,444159,False,desktop,neutral,#reels #tech #travel,1.042766274,3,7705.0,2023,7,July,Sunday,48703.150097465885,18–25
94045,44.0,other,germany,208763,text,lifestyle,18728.0,1122.0,179.0,7269,75796,2022-04-09,379954,False,mobile,positive,#fitness #love,0.264248773,2,20029.0,2022,4,April,Saturday,48605.40612244898,36–45
67418,54.0,other,australia,529613,reel,lifestyle,18355.0,2388.0,289.0,2145,60739,2022-08-14,302865,True,tablet,neutral,#lifestyle #foodie,0.34626846,2,21032.0,2022,8,August,Sunday,48346.38336713996,46–55
24472,53.0,female,canada,570409,image,fitness,4438.0,1339.0,186.0,4377,84043,2023-07-03,629367,False,desktop,positive,#tech,0.070951775,1,5963.0,2023,7,July,Monday,48703.150097465885,46–55
13471,25.0,other,japan,485795,image,lifestyle,12880.0,2589.0,485.0,6098,7290,2022-09-30,332194,False,tablet,negative,#music,2.188477366,1,15954.0,2022,9,September,Friday,49616.13559322034,18–25
18329,51.0,male,germany,924514,text,fitness,12256.0,2272.0,1360.0,806,76072,2022-07-05,322312,True,desktop,positive,#tech #fun #fashion,0.208854769,3,15888.0,2022,7,July,Tuesday,48605.40612244898,46–55
44865,17.0,female,germany,315448,text,music,10176.0,2308.0,1131.0,7003,51778,2023-03-28,132967,False,tablet,neutral,#reels #tech,0.262949515,2,13615.0,2023,3,March,Tuesday,48605.40612244898,Under 18
56850,22.0,male,india,141430,image,music,16359.0,1102.0,1149.0,1691,63872,2023-07-15,602303,False,mobile,neutral,#tech #fashion,0.291363978,2,18610.0,2023,7,July,Saturday,52462.38691588785,18–25
64220,22.0,other,germany,543738,video,education,14412.0,696.0,772.0,2704,94615,2023-05-20,499775,False,mobile,neutral,#fitness #foodie,0.167838081,2,15880.0,2023,5,May,Saturday,48605.40612244898,18–25
16397,50.0,male,france,664685,video,fashion,14287.0,810.0,1729.0,5540,90556,2022-04-04,679429,False,mobile,negative,#fashion #tech,0.185807677,2,16826.0,2022,4,April,Monday,51727.67338709677,46–55
45525,39.0,female,brazil,307932,image,travel,17589.0,472.0,1832.0,3435,36540,2022-11-03,625400,False,tablet,positive,#fun #fitness,0.544417077,2,19893.0,2022,11,November,Thursday,49193.1746031746,36–45
63072,63.0,female,brazil,229189,video,lifestyle,13044.0,76.0,1057.0,210,11360,2023-06-01,581067,False,tablet,neutral,#travel,1.247975352,1,14177.0,2023,6,June,Thursday,49193.1746031746,56+
93820,33.0,female,japan,649535,text,education,18239.0,2309.0,1461.0,1690,18397,2022-06-23,211820,False,tablet,positive,#lifestyle #fitness #foodie,1.196336359,3,22009.0,2022,6,June,Thursday,49616.13559322034,26–35
94530,20.0,male,uae,251015,video,travel,18383.0,1025.0,1299.0,1777,2545,2023-11-26,449735,False,mobile,neutral,#fitness #love,8.136345776,2,20707.0,2023,11,November,Sunday,48928.41351888668,18–25
33284,13.0,female,uk,794820,text,education,2435.0,2064.0,1517.0,6651,9076,2022-03-14,220983,False,tablet,neutral,#tech #travel #fun,0.662847069,3,6016.0,2022,3,March,Monday,51119.39350912779,Under 18
71330,40.0,male,uae,666274,reel,lifestyle,11166.0,343.0,181.0,3147,83507,2022-05-25,412528,False,tablet,positive,#fun #love #tech,0.139988264,3,11690.0,2022,5,May,Wednesday,48928.41351888668,36–45
93369,61.0,other,france,406658,text,fitness,3098.0,939.0,1262.0,5442,21375,2023-10-26,396670,False,mobile,positive,#fashion,0.247906433,1,5299.0,2023,10,October,Thursday,51727.67338709677,56+
35122,51.0,other,france,311980,reel,education,3386.0,2741.0,1857.0,2499,94060,2022-02-25,195707,True,tablet,neutral,#lifestyle,0.08488199,1,7984.0,2022,2,February,Friday,51727.67338709677,46–55
80553,26.0,male,usa,691296,text,food,5440.0,845.0,1371.0,686,54486,2023-11-26,745959,False,desktop,neutral,#travel,0.140513159,1,7656.0,2023,11,November,Sunday,51263.87225548902,26–35
91906,33.0,female,brazil,782315,text,travel,12735.0,1030.0,145.0,2670,80607,2023-09-26,573872,False,tablet,negative,#music #fun #reels,0.172565658,3,13910.0,2023,9,September,Tuesday,49193.1746031746,26–35
72812,42.0,male,canada,933799,video,travel,10008.0,2293.0,1067.0,5066,66085,2022-09-01,54212,False,mobile,neutral,#reels #foodie #fitness,0.202284936,3,13368.0,2022,9,September,Thursday,48703.150097465885,36–45
17999,33.0,male,australia,524018,text,fitness,6436.0,985.0,1894.0,929,80743,2022-07-23,441744,False,desktop,neutral,#fitness #lifestyle #love,0.115366038,3,9315.0,2022,7,July,Saturday,48346.38336713996,26–35
32436,61.0,male,germany,170408,image,music,18161.0,173.0,1839.0,4113,34295,2023-08-14,617302,False,mobile,negative,#reels #fun,0.588219857,2,20173.0,2023,8,August,Monday,48605.40612244898,56+
52963,21.0,other,uk,324155,reel,travel,7403.0,845.0,498.0,1314,64268,2022-01-16,660478,False,mobile,negative,#fun,0.136086388,1,8746.0,2022,1,January,Sunday,51119.39350912779,18–25
12096,29.0,male,australia,929773,reel,fashion,10696.0,692.0,802.0,2833,68231,2022-05-06,177858,False,mobile,negative,#lifestyle,0.178657795,1,12190.0,2022,5,May,Friday,48346.38336713996,26–35
35279,17.0,other,uae,244763,text,fitness,2939.0,1008.0,1998.0,1773,51528,2023-08-22,744424,False,desktop,positive,#love,0.115374166,1,5945.0,2023,8,August,Tuesday,48928.41351888668,Under 18
36201,43.0,male,australia,471930,image,travel,17222.0,2328.0,1902.0,2245,71401,2023-04-11,568792,False,desktop,positive,#fitness #fun #tech,0.300443971,3,21452.0,2023,4,April,Tuesday,48346.38336713996,36–45
29715,64.0,other,usa,366897,text,travel,3138.0,1332.0,1318.0,1185,57687,2023-03-04,723960,False,mobile,negative,#tech #travel,0.100334564,2,5788.0,2023,3,March,Saturday,51263.87225548902,56+
39309,52.0,male,uk,626121,text,travel,16559.0,236.0,1794.0,2464,44368,2022-12-17,380864,False,tablet,negative,#love #fitness,0.418973134,2,18589.0,2022,12,December,Saturday,51119.39350912779,46–55
25078,50.0,male,uk,859592,video,fitness,3162.0,2204.0,530.0,383,74773,2023-07-09,299136,False,desktop,positive,#reels #fitness #fashion,0.078851992,3,5896.0,2023,7,July,Sunday,51119.39350912779,46–55
66614,55.0,female,usa,370789,text,music,2752.0,1274.0,1750.0,6343,79907,2022-03-20,330834,True,mobile,neutral,#reels #foodie #travel,0.07228403,3,5776.0,2022,3,March,Sunday,51263.87225548902,46–55
15105,38.0,female,france,336192,text,food,10105.5,1244.0,210.0,5865,83046,2023-05-16,150443,True,tablet,neutral,#tech #fashion,0.172711509,2,11559.5,2023,5,May,Tuesday,51727.67338709677,36–45
12839,48.0,male,usa,477572,video,tech,837.0,337.0,892.0,4990,75351,2023-01-14,521693,False,mobile,positive,#fun #fitness #lifestyle,0.027418349,3,2066.0,2023,1,January,Saturday,51263.87225548902,46–55
78920,38.0,male,france,458121,video,education,12043.0,1234.0,1425.0,3923,69328,2022-09-21,14067,False,desktop,positive,#fun #love #foodie,0.21206439,3,14702.0,2022,9,September,Wednesday,51727.67338709677,36–45
53619,45.0,male,canada,664312,image,lifestyle,15797.0,336.0,1254.0,1521,68685,2022-11-01,304867,False,desktop,neutral,#music,0.253141152,1,17387.0,2022,11,November,Tuesday,48703.150097465885,36–45
52821,25.0,male,japan,872428,video,education,14386.0,1157.0,1362.0,979,93533,2023-05-03,733009,False,tablet,positive,#travel,0.180738349,1,16905.0,2023,5,May,Wednesday,49616.13559322034,18–25
23493,26.0,female,france,733141,reel,travel,2733.0,1867.0,4.0,7210,55398,2022-05-05,783744,False,desktop,negative,#fitness #reels,0.083107693,2,4604.0,2022,5,May,Thursday,51727.67338709677,26–35
27069,45.0,other,australia,311670,reel,education,12002.0,2818.0,310.0,4177,93518,2023-09-10,213992,False,mobile,positive,#lifestyle #travel,0.161787036,2,15130.0,2023,9,September,Sunday,48346.38336713996,36–45
17531,41.0,male,france,240707,image,tech,14601.0,494.0,1804.0,3610,89604,2023-10-08,574925,False,mobile,positive,#love,0.188596491,1,16899.0,2023,10,October,Sunday,51727.67338709677,36–45
47051,55.0,female,japan,775424,text,tech,5206.0,546.0,161.0,7471,39966,2022-03-22,397831,False,tablet,neutral,#lifestyle #fun #love,0.147950758,3,5913.0,2022,3,March,Tuesday,49616.13559322034,46–55
17736,61.0,male,uae,634228,image,travel,2653.0,160.0,215.0,5700,48478,2023-09-13,493108,False,tablet,negative,#fashion #tech,0.062461323,2,3028.0,2023,9,September,Wednesday,48928.41351888668,56+
17710,48.0,male,germany,921601,video,travel,19733.0,2036.0,785.0,3270,62619,2022-06-24,603099,False,tablet,neutral,#travel #tech #love,0.360178221,3,22554.0,2022,6,June,Friday,48605.40612244898,46–55
77155,56.0,other,usa,440791,text,lifestyle,3310.0,2652.0,835.0,7573,24736,2023-11-07,417587,False,tablet,positive,#music,0.274781695,1,6797.0,2023,11,November,Tuesday,51263.87225548902,56+
23975,22.0,male,germany,340739,image,music,4680.0,2434.0,1635.0,1953,94386,2022-05-05,321735,False,mobile,negative,#fashion #reels,0.092693832,2,8749.0,2022,5,May,Thursday,48605.40612244898,18–25
72424,43.0,male,usa,669488,image,tech,18770.0,1741.0,1991.0,5546,11690,2022-12-14,575690,False,mobile,positive,#foodie,1.924893071,1,22502.0,2022,12,December,Wednesday,51263.87225548902,36–45
55603,18.0,other,canada,287401,reel,food,5191.0,1507.0,1194.0,1484,98087,2023-01-02,259850,False,mobile,neutral,#music #fun,0.080459184,2,7892.0,2023,1,January,Monday,48703.150097465885,Under 18
33252,13.0,other,brazil,544374,image,tech,16757.0,1525.0,1984.0,883,93990,2023-06-19,554961,False,mobile,neutral,#love,0.215618683,1,20266.0,2023,6,June,Monday,49193.1746031746,Under 18
90797,19.0,other,australia,785099,text,food,10105.5,987.0,251.0,2527,20090,2023-02-19,158749,False,tablet,negative,#fashion,0.294325535,1,11343.5,2023,2,February,Sunday,48346.38336713996,18–25
11431,39.0,other,australia,339354,image,music,12804.0,1375.0,1704.0,4823,6769,2023-07-28,50872,False,desktop,positive,#tech,2.346432265,1,15883.0,2023,7,July,Friday,48346.38336713996,36–45
84603,33.0,female,uae,248865,image,education,16210.0,1553.0,1061.0,123,16873,2023-12-25,521521,False,mobile,positive,#love #fashion,1.115628519,2,18824.0,2023,12,December,Monday,48928.41351888668,26–35
47481,40.0,female,brazil,707970,video,fashion,1261.0,2281.0,227.0,6671,15748,2022-09-09,701039,False,desktop,positive,#love #lifestyle,0.239331979,2,3769.0,2022,9,September,Friday,49193.1746031746,36–45
19557,28.0,female,brazil,133677,image,food,7633.0,2023.0,1957.0,5757,70252,2023-08-31,261968,False,tablet,neutral,#love #music #fashion,0.165304902,3,11613.0,2023,8,August,Thursday,49193.1746031746,26–35
84971,58.0,male,usa,559512,text,lifestyle,8312.0,1917.0,908.0,525,9967,2023-12-22,224368,False,tablet,positive,#tech #fashion,1.117387378,2,11137.0,2023,12,December,Friday,51263.87225548902,56+
10162,38.0,other,australia,909454,reel,fitness,5532.0,1868.0,1660.0,2086,65888,2023-07-23,347478,False,desktop,positive,#reels #tech #lifestyle,0.137506071,3,9060.0,2023,7,July,Sunday,48346.38336713996,36–45
44742,64.0,other,australia,258337,reel,music,2884.0,1601.0,1301.0,7366,98118,2022-08-22,477301,False,tablet,negative,#fitness,0.058969812,1,5786.0,2022,8,August,Monday,48346.38336713996,56+
29675,32.0,female,brazil,624818,reel,education,10809.0,1299.0,284.0,2155,73688,2022-12-24,41234,False,desktop,negative,#travel,0.168168494,1,12392.0,2022,12,December,Saturday,49193.1746031746,26–35
83997,50.0,male,usa,371695,reel,travel,5623.0,710.0,1533.0,6411,85186,2022-11-22,656256,False,mobile,neutral,#tech,0.092339117,1,7866.0,2022,11,November,Tuesday,51263.87225548902,46–55
27015,37.0,male,france,390538,video,music,11460.0,2506.0,648.0,6099,42774,2022-03-06,64851,False,tablet,neutral,#reels,0.341656146,1,14614.0,2022,3,March,Sunday,51727.67338709677,36–45
60057,40.0,male,france,667275,text,fashion,10234.0,1476.0,365.0,1376,99099,2022-10-20,211240,False,tablet,neutral,#tech #reels,0.121847849,2,12075.0,2022,10,October,Thursday,51727.67338709677,36–45
42591,17.0,female,japan,954528,video,tech,18503.0,2460.0,1643.0,4406,59537,2022-11-20,709997,True,desktop,negative,#foodie #reels,0.379696659,2,22606.0,2022,11,November,Sunday,49616.13559322034,Under 18
19833,33.0,male,india,446241,reel,food,16874.0,1041.0,1091.0,3461,87943,2022-11-27,364567,False,desktop,negative,#reels,0.216117258,1,19006.0,2022,11,November,Sunday,52462.38691588785,26–35
17896,30.0,male,uk,432783,video,fashion,14137.0,71.0,1127.0,4135,43632,2023-06-13,53589,False,desktop,neutral,#music #reels,0.35146223,2,15335.0,2023,6,June,Tuesday,51119.39350912779,26–35
42972,59.0,male,canada,576673,image,education,3045.0,2425.0,1424.0,4876,7965,2022-05-15,286225,False,desktop,positive,#reels #foodie,0.865536723,2,6894.0,2022,5,May,Sunday,48703.150097465885,56+
59733,18.0,other,usa,863129,text,fitness,382.0,2046.0,1269.0,580,50757,2023-02-23,354567,False,desktop,neutral,#tech #foodie #fashion,0.072837244,3,3697.0,2023,2,February,Thursday,51263.87225548902,Under 18
51800,41.0,female,france,102781,image,music,17188.0,2729.0,1700.0,6295,44728,2022-05-10,138033,False,tablet,negative,#fitness,0.483299052,1,21617.0,2022,5,May,Tuesday,51727.67338709677,36–45
15347,31.0,other,uae,117330,video,food,5585.0,2881.0,191.0,1993,12805,2023-07-03,173665,False,desktop,positive,#tech #lifestyle,0.676064037,2,8657.0,2023,7,July,Monday,48928.41351888668,26–35
69063,45.0,other,uk,367401,image,lifestyle,9369.0,1378.0,1730.0,6330,46157,2023-07-23,121486,False,mobile,neutral,#music #love #fitness,0.270316528,3,12477.0,2023,7,July,Sunday,51119.39350912779,36–45
12643,13.0,female,uk,682930,video,tech,2217.0,1817.0,643.0,4525,31886,2022-12-23,771068,False,desktop,negative,#travel #music #tech,0.146678793,3,4677.0,2022,12,December,Friday,51119.39350912779,Under 18
50785,57.0,other,uk,809609,video,tech,9487.0,2198.0,1319.0,6135,64483,2023-06-06,356278,False,tablet,positive,#foodie #fitness,0.201665555,2,13004.0,2023,6,June,Tuesday,51119.39350912779,56+
28681,15.0,male,brazil,413807,text,food,12718.0,1103.0,1167.0,3935,65279,2023-04-05,574706,False,mobile,positive,#foodie #fashion,0.229599105,2,14988.0,2023,4,April,Wednesday,49193.1746031746,Under 18
60026,54.0,male,japan,659244,text,music,15115.0,719.0,906.0,456,37522,2023-08-16,742436,False,tablet,positive,#love,0.446138266,1,16740.0,2023,8,August,Wednesday,49616.13559322034,46–55
25892,33.0,male,uae,335439,text,fitness,18798.0,2015.0,730.0,2800,78854,2023-08-25,517784,False,desktop,negative,#foodie #fun #fashion,0.273201106,3,21543.0,2023,8,August,Friday,48928.41351888668,26–35
57299,47.0,male,india,902047,reel,music,650.0,1931.0,25.0,5346,44337,2023-09-24,644579,False,tablet,negative,#foodie #fashion #tech,0.058777094,3,2606.0,2023,9,September,Sunday,52462.38691588785,46–55
27073,53.0,female,uae,887313,text,travel,8169.0,2177.0,1274.0,1451,89909,2023-09-06,223355,False,tablet,positive,#foodie,0.129241789,1,11620.0,2023,9,September,Wednesday,48928.41351888668,46–55
40682,52.0,other,uae,495063,image,travel,16312.0,1194.0,1630.0,203,50550,2023-05-10,154747,False,desktop,positive,#reels #lifestyle,0.378555885,2,19136.0,2023,5,May,Wednesday,48928.41351888668,46–55
24289,15.0,other,usa,860263,text,tech,10943.0,405.0,1889.0,2826,29892,2023-06-23,78498,True,tablet,neutral,#love #travel #fashion,0.442827512,3,13237.0,2023,6,June,Friday,51263.87225548902,Under 18
17927,37.0,male,japan,745553,text,education,3198.0,1945.0,711.0,4213,77078,2022-09-18,117449,False,tablet,neutral,#lifestyle,0.075949039,1,5854.0,2022,9,September,Sunday,49616.13559322034,36–45
58330,57.0,male,germany,449790,text,education,17325.0,1056.0,614.0,1852,81143,2023-07-27,75064,False,tablet,neutral,#fashion #tech,0.234092898,2,18995.0,2023,7,July,Thursday,48605.40612244898,56+
76707,50.0,other,japan,227148,video,fitness,8732.0,535.0,192.0,5923,63971,2022-05-16,322695,True,mobile,negative,#travel,0.147863876,1,9459.0,2022,5,May,Monday,49616.13559322034,46–55
87454,57.0,female,germany,399480,video,tech,5805.0,2244.0,1012.0,3465,76092,2023-09-01,163947,False,tablet,negative,#love #fashion #travel,0.1107738,3,9061.0,2023,9,September,Friday,48605.40612244898,56+
75428,32.0,other,india,706138,text,travel,18913.0,2964.0,1025.0,4045,60297,2023-10-23,730822,False,desktop,neutral,#foodie #music #fun,0.379819892,3,22902.0,2023,10,October,Monday,52462.38691588785,26–35
60601,64.0,male,usa,719942,video,tech,1202.0,1069.0,1782.0,6365,11999,2022-08-15,716242,False,desktop,negative,#fun,0.337778148,1,4053.0,2022,8,August,Monday,51263.87225548902,56+
87465,56.0,male,brazil,271003,video,music,17034.0,273.0,1626.0,4992,32344,2022-08-16,474973,False,tablet,positive,#tech #fitness,0.585363591,2,18933.0,2022,8,August,Tuesday,49193.1746031746,56+
12539,57.0,female,uk,537140,reel,food,3006.0,1766.0,1068.0,6206,65279,2022-09-15,525642,False,desktop,negative,#foodie #travel,0.089462155,2,5840.0,2022,9,September,Thursday,51119.39350912779,56+
32669,46.0,other,usa,909398,image,education,19288.0,132.0,938.0,2443,23684,2023-02-18,575120,False,mobile,positive,#tech,0.859567641,1,20358.0,2023,2,February,Saturday,51263.87225548902,46–55
80968,33.0,female,brazil,537239,video,education,8505.0,263.0,2.0,2052,11120,2022-08-08,315426,False,desktop,neutral,#fun #love,0.788669065,2,8770.0,2022,8,August,Monday,49193.1746031746,26–35
30644,60.0,female,usa,111320,image,lifestyle,9375.0,366.0,929.0,7501,33083,2022-08-24,86273,False,desktop,neutral,#tech #foodie #love,0.322522141,3,10670.0,2022,8,August,Wednesday,51263.87225548902,56+
28745,35.0,male,brazil,689413,video,food,13105.0,2872.0,1871.0,7459,14351,2022-01-20,386240,False,tablet,neutral,#fun #love,1.243676399,2,17848.0,2022,1,January,Thursday,49193.1746031746,26–35
38228,18.0,other,usa,322172,text,lifestyle,16505.0,2052.0,1472.0,4603,71880,2023-02-28,410062,False,mobile,positive,#lifestyle #tech #fashion,0.278644964,3,20029.0,2023,2,February,Tuesday,51263.87225548902,Under 18
44521,63.0,male,japan,335077,video,fitness,6603.0,2316.0,1599.0,2192,33047,2023-02-17,775269,False,mobile,negative,#foodie #fashion #fitness,0.318273973,3,10518.0,2023,2,February,Friday,49616.13559322034,56+
36928,25.0,other,japan,217296,video,travel,3682.0,850.0,1158.0,5049,51938,2023-01-24,70722,False,desktop,neutral,#reels #fun,0.109553699,2,5690.0,2023,1,January,Tuesday,49616.13559322034,18–25
28322,61.0,male,japan,225355,image,fitness,13460.0,2780.0,1314.0,2709,54831,2022-12-11,527115,False,desktop,positive,#love #fun,0.320147362,2,17554.0,2022,12,December,Sunday,49616.13559322034,56+
67714,35.0,male,uk,817218,text,fitness,13559.0,1729.0,277.0,1182,16860,2023-10-12,721685,False,tablet,negative,#fun,0.923190985,1,15565.0,2023,10,October,Thursday,51119.39350912779,26–35
97896,21.0,other,canada,551930,reel,travel,10105.5,1444.0,175.0,6041,73681,2023-04-12,447317,False,tablet,neutral,#lifestyle #tech,0.115131445,2,11724.5,2023,4,April,Wednesday,48703.150097465885,18–25
72292,29.0,male,australia,111780,image,fashion,14234.0,1369.0,1951.0,2828,64746,2022-07-08,245209,False,mobile,positive,#fun #foodie,0.271120996,2,17554.0,2022,7,July,Friday,48346.38336713996,26–35
39055,14.0,male,germany,962662,text,fashion,11889.0,1948.0,281.0,958,18311,2023-09-09,115656,False,tablet,positive,#music,0.77101196,1,14118.0,2023,9,September,Saturday,48605.40612244898,Under 18
52891,31.0,other,japan,825705,text,tech,1729.0,2116.0,1143.0,7106,24256,2023-01-03,40403,False,mobile,positive,#reels #fitness,0.205639842,2,4988.0,2023,1,January,Tuesday,49616.13559322034,26–35
91912,31.0,male,canada,614249,image,fashion,11747.0,2847.0,1797.0,4074,24061,2023-01-20,177643,False,mobile,neutral,#tech #reels #foodie,0.681226882,3,16391.0,2023,1,January,Friday,48703.150097465885,26–35
16588,38.0,other,germany,736984,video,food,17502.0,357.0,1197.0,5950,44286,2022-04-08,71207,False,desktop,neutral,#reels #fun,0.430293998,2,19056.0,2022,4,April,Friday,48605.40612244898,36–45
16304,54.0,male,usa,591193,text,education,2168.0,1711.0,1462.0,2058,18811,2022-09-27,155313,False,mobile,neutral,#reels,0.283929616,1,5341.0,2022,9,September,Tuesday,51263.87225548902,46–55
17345,54.0,male,india,730363,reel,lifestyle,12413.0,1409.0,458.0,68,91714,2023-10-27,667777,False,mobile,positive,#tech #lifestyle,0.15570142,2,14280.0,2023,10,October,Friday,52462.38691588785,46–55
39300,38.0,male,brazil,353731,video,education,14884.0,324.0,1653.0,5823,79146,2022-08-06,1553,False,mobile,negative,#love #fitness #fun,0.213036666,3,16861.0,2022,8,August,Saturday,49193.1746031746,36–45
34259,21.0,female,canada,233001,image,fitness,12973.0,750.0,950.0,1637,29620,2022-01-21,787309,False,mobile,positive,#lifestyle #travel,0.495374747,2,14673.0,2022,1,January,Friday,48703.150097465885,18–25
98553,29.0,other,uae,457297,image,education,7668.0,255.0,340.0,5059,90964,2022-09-29,211747,False,desktop,positive,#foodie #travel #lifestyle,0.090838134,3,8263.0,2022,9,September,Thursday,48928.41351888668,26–35
25352,39.0,male,france,610452,image,tech,13260.0,2466.0,696.0,5663,89604,2023-12-15,314219,True,tablet,positive,#fun #lifestyle #foodie,0.183273068,3,16422.0,2023,12,December,Friday,51727.67338709677,36–45
43365,59.0,female,canada,507460,image,fitness,11308.0,2258.0,1778.0,201,24925,2022-06-09,140931,False,tablet,positive,#lifestyle #love,0.61560682,2,15344.0,2022,6,June,Thursday,48703.150097465885,56+
29446,14.0,male,japan,984847,reel,travel,17434.0,1497.0,725.0,265,72908,2023-05-07,78941,False,mobile,positive,#love #foodie,0.261548801,2,19656.0,2023,5,May,Sunday,49616.13559322034,Under 18
12336,48.0,female,japan,996147,reel,music,8896.0,1497.0,120.0,6251,37604,2023-03-05,349966,True,tablet,neutral,#travel #foodie #reels,0.255265397,3,10513.0,2023,3,March,Sunday,49616.13559322034,46–55
72032,31.0,male,canada,222636,text,education,6640.0,576.0,574.0,3125,39338,2023-07-30,669357,False,tablet,neutral,#tech,0.198027353,1,7790.0,2023,7,July,Sunday,48703.150097465885,26–35
85415,29.0,male,brazil,477546,reel,fashion,19283.0,2213.0,1920.0,7094,91101,2023-08-19,792114,False,mobile,positive,#travel #foodie,0.257033402,2,23416.0,2023,8,August,Saturday,49193.1746031746,26–35
17521,17.0,female,germany,111116,image,music,19591.0,2261.0,1684.0,7505,46983,2023-08-08,795368,False,mobile,positive,#love #fashion,0.500947151,2,23536.0,2023,8,August,Tuesday,48605.40612244898,Under 18
81707,51.0,male,usa,319026,reel,travel,13919.0,2576.0,1516.0,6333,30742,2023-07-26,511233,False,tablet,neutral,#reels #lifestyle #love,0.585876,3,18011.0,2023,7,July,Wednesday,51263.87225548902,46–55
33481,30.0,other,france,445445,video,tech,7674.0,1871.0,275.0,238,72156,2023-10-21,544738,False,desktop,neutral,#tech #fitness,0.136094019,2,9820.0,2023,10,October,Saturday,51727.67338709677,26–35
28474,19.0,other,usa,529111,video,lifestyle,18392.0,1152.0,968.0,5046,28399,2022-02-16,423058,False,tablet,positive,#foodie,0.722278953,1,20512.0,2022,2,February,Wednesday,51263.87225548902,18–25
56760,29.0,female,uk,833996,text,food,4721.0,2050.0,986.0,6486,44146,2022-08-11,116806,False,mobile,positive,#lifestyle #love #foodie,0.175712409,3,7757.0,2022,8,August,Thursday,51119.39350912779,26–35
65718,51.0,other,brazil,648155,image,fashion,1066.0,894.0,28.0,290,84763,2022-06-07,95636,False,tablet,positive,#music #travel,0.02345363,2,1988.0,2022,6,June,Tuesday,49193.1746031746,46–55
54629,48.0,female,japan,995939,reel,travel,10138.0,2943.0,1834.0,3394,4676,2022-02-16,63464,False,tablet,neutral,#fun,3.189692044,1,14915.0,2022,2,February,Wednesday,49616.13559322034,46–55
55232,52.0,other,uk,625496,text,lifestyle,1918.0,1783.0,1760.0,6464,7283,2023-12-23,546346,False,desktop,neutral,#travel,0.749828367,1,5461.0,2023,12,December,Saturday,51119.39350912779,46–55
96544,57.0,male,usa,799445,text,music,9457.0,1093.0,684.0,1808,59200,2023-06-17,660933,False,tablet,neutral,#reels,0.189763514,1,11234.0,2023,6,June,Saturday,51263.87225548902,56+
77169,16.0,other,usa,427716,reel,education,10726.0,2099.0,1267.0,2089,76450,2022-12-17,140560,False,tablet,neutral,#fun #reels,0.184329627,2,14092.0,2022,12,December,Saturday,51263.87225548902,Under 18
60669,50.0,male,france,558450,text,fashion,14282.0,436.0,320.0,954,26452,2022-11-15,238017,False,mobile,positive,#lifestyle #fashion,0.568501437,2,15038.0,2022,11,November,Tuesday,51727.67338709677,46–55
88021,37.0,male,australia,183748,image,fitness,17711.0,1021.0,642.0,5317,62024,2022-08-19,769535,False,desktop,positive,#fun #love #foodie,0.312362956,3,19374.0,2022,8,August,Friday,48346.38336713996,36–45
79184,17.0,other,usa,242324,reel,food,7448.0,2141.0,351.0,7032,48506,2022-10-25,310353,False,tablet,positive,#tech,0.204923102,1,9940.0,2022,10,October,Tuesday,51263.87225548902,Under 18
57945,42.0,female,germany,185261,video,education,1142.0,2634.0,531.0,4728,77232,2023-03-21,426025,False,tablet,positive,#fitness,0.05576704,1,4307.0,2023,3,March,Tuesday,48605.40612244898,36–45
23140,24.0,male,germany,868731,video,music,19607.0,2650.0,1104.0,1930,55652,2022-04-15,717338,False,mobile,neutral,#travel,0.419769281,1,23361.0,2022,4,April,Friday,48605.40612244898,18–25
93457,16.0,male,canada,320667,reel,lifestyle,1415.0,2133.0,1316.0,6989,15644,2023-09-30,590161,False,mobile,neutral,#fitness #travel #lifestyle,0.310917924,3,4864.0,2023,9,September,Saturday,48703.150097465885,Under 18
24357,36.0,other,france,957315,text,fashion,6374.0,517.0,293.0,4080,89775,2022-10-26,277990,False,desktop,positive,#tech #fitness,0.080022278,2,7184.0,2022,10,October,Wednesday,51727.67338709677,36–45
78673,41.0,female,france,656459,text,education,10105.5,741.0,1520.0,283,59518,2022-03-09,378285,False,desktop,positive,#music #fitness,0.050757754,2,12366.5,2022,3,March,Wednesday,51727.67338709677,36–45
75633,21.0,female,japan,652805,video,food,10105.5,2024.0,457.0,806,57273,2023-06-22,567475,False,desktop,positive,#love,0.106909015,1,12586.5,2023,6,June,Thursday,49616.13559322034,18–25
86943,16.0,other,usa,255346,video,lifestyle,17936.0,2477.0,746.0,6325,90210,2023-11-04,660295,False,mobile,positive,#tech #reels,0.23455271,2,21159.0,2023,11,November,Saturday,51263.87225548902,Under 18
88258,63.0,female,australia,651936,image,fitness,17246.0,862.0,1836.0,7779,1185,2023-09-12,218134,True,mobile,neutral,#travel #foodie,16.83037975,2,19944.0,2023,9,September,Tuesday,48346.38336713996,56+
22924,36.0,other,uae,431798,text,music,9347.0,2041.0,732.0,5130,96325,2023-08-19,361766,False,mobile,positive,#tech,0.125824033,1,12120.0,2023,8,August,Saturday,48928.41351888668,36–45
79286,26.0,other,uk,904342,image,fitness,1328.0,2876.0,1705.0,1906,36597,2022-02-10,646245,False,mobile,negative,#reels #lifestyle #music,0.161461322,3,5909.0,2022,2,February,Thursday,51119.39350912779,26–35
84071,17.0,other,france,357471,video,travel,17413.0,42.0,1581.0,6888,86348,2022-07-19,531202,False,desktop,positive,#reels,0.220456756,1,19036.0,2022,7,July,Tuesday,51727.67338709677,Under 18
67326,30.0,male,canada,309691,video,music,18760.0,1497.0,1083.0,6585,1587,2023-07-02,449425,False,desktop,negative,#fitness #lifestyle #love,13.66729679,3,21340.0,2023,7,July,Sunday,48703.150097465885,26–35
40651,54.0,male,canada,149647,video,tech,19625.0,1733.0,1631.0,2676,74176,2023-01-10,327915,False,desktop,neutral,#fun #travel #fashion,0.309925043,3,22989.0,2023,1,January,Tuesday,48703.150097465885,46–55
80202,31.0,male,usa,571939,video,travel,12063.0,1497.0,1804.0,7591,25089,2023-02-10,86227,False,mobile,positive,#foodie,0.56877516,1,15364.0,2023,2,February,Friday,51263.87225548902,26–35
58777,24.0,other,usa,624712,image,food,3140.0,1326.0,542.0,3571,81591,2022-08-22,147470,True,mobile,positive,#fun #lifestyle #reels,0.061379319,3,5008.0,2022,8,August,Monday,51263.87225548902,18–25
26994,30.0,male,uae,807259,video,music,17265.0,1205.0,379.0,6531,92665,2023-05-23,633282,False,mobile,negative,#lifestyle #music #love,0.203410133,3,18849.0,2023,5,May,Tuesday,48928.41351888668,26–35
77263,29.0,male,india,650929,reel,travel,8730.0,2216.0,323.0,4671,40205,2022-08-30,632313,False,mobile,negative,#reels,0.280288521,1,11269.0,2022,8,August,Tuesday,52462.38691588785,26–35
69634,42.0,male,india,484560,text,lifestyle,10105.5,2250.0,1651.0,3759,46469,2022-12-05,168776,False,tablet,positive,#reels #music,0.386451183,2,14006.5,2022,12,December,Monday,52462.38691588785,36–45
20800,36.0,other,usa,778514,video,fashion,3557.0,2753.0,1085.0,6597,7202,2022-01-20,224296,False,desktop,positive,#lifestyle #reels #fitness,1.026798112,3,7395.0,2022,1,January,Thursday,51263.87225548902,36–45
47823,23.0,other,brazil,803526,text,lifestyle,13211.0,2590.0,944.0,4069,66645,2023-10-26,365138,False,desktop,positive,#travel #music #lifestyle,0.251256658,3,16745.0,2023,10,October,Thursday,49193.1746031746,18–25
73878,47.0,other,germany,396145,video,travel,14386.0,2149.0,1169.0,1618,20866,2022-06-20,125390,True,tablet,neutral,#lifestyle #fashion,0.848461612,2,17704.0,2022,6,June,Monday,48605.40612244898,46–55
28708,35.0,male,germany,638834,image,tech,18580.0,1599.0,842.0,5022,63894,2022-08-04,623786,False,desktop,positive,#foodie #love #fun,0.328998028,3,21021.0,2022,8,August,Thursday,48605.40612244898,26–35
22819,29.0,female,uae,272596,text,lifestyle,18334.0,2393.0,361.0,5121,88725,2022-01-16,151670,False,mobile,positive,#foodie #reels,0.237678219,2,21088.0,2022,1,January,Sunday,48928.41351888668,26–35
84905,13.0,male,uae,101304,image,lifestyle,9802.0,2650.0,52.0,4906,74609,2022-10-10,162134,False,desktop,neutral,#fashion #reels #fun,0.167593722,3,12504.0,2022,10,October,Monday,48928.41351888668,Under 18
73870,38.0,male,japan,747010,video,lifestyle,3163.0,441.0,401.0,7896,3179,2022-10-28,590508,True,mobile,neutral,#tech,1.259830135,1,4005.0,2022,10,October,Friday,49616.13559322034,36–45
19283,44.0,other,australia,998880,reel,tech,10105.5,249.0,1586.0,5361,86472,2022-06-14,635495,False,mobile,positive,#fitness #reels,0.072832824,2,11940.5,2022,6,June,Tuesday,48346.38336713996,36–45
40573,21.0,other,canada,968800,reel,music,4007.0,877.0,680.0,808,12267,2023-11-22,475718,False,mobile,neutral,#reels #fitness,0.453574631,2,5564.0,2023,11,November,Wednesday,48703.150097465885,18–25
88707,27.0,male,germany,188327,reel,lifestyle,4675.0,1886.0,1892.0,7227,67822,2022-09-15,489106,False,tablet,positive,#fitness #fashion #reels,0.124635074,3,8453.0,2022,9,September,Thursday,48605.40612244898,26–35
40933,40.0,male,brazil,896454,reel,food,14058.0,1303.0,992.0,6511,44379,2023-08-11,373339,False,desktop,positive,#love,0.368485094,1,16353.0,2023,8,August,Friday,49193.1746031746,36–45
15774,36.0,female,usa,306958,reel,fitness,16233.0,1740.0,868.0,3786,9498,2023-09-09,197610,False,mobile,positive,#fun #lifestyle #fashion,1.983680775,3,18841.0,2023,9,September,Saturday,51263.87225548902,36–45
82055,47.0,female,france,177354,image,tech,4751.0,1112.0,706.0,941,61240,2022-12-19,559911,False,desktop,positive,#tech #fitness,0.107266492,2,6569.0,2022,12,December,Monday,51727.67338709677,46–55
20983,34.0,other,brazil,526833,reel,food,6219.0,1944.0,1472.0,39,4618,2022-03-28,89556,False,tablet,positive,#foodie #reels,2.086401039,2,9635.0,2022,3,March,Monday,49193.1746031746,26–35
28133,39.0,female,japan,220045,video,tech,15445.0,2718.0,1106.0,1338,45552,2023-06-10,309325,False,desktop,positive,#tech,0.423011064,1,19269.0,2023,6,June,Saturday,49616.13559322034,36–45
24939,31.0,female,brazil,955930,image,tech,8418.0,1898.0,378.0,4652,49556,2022-01-09,385643,False,desktop,neutral,#tech,0.215796271,1,10694.0,2022,1,January,Sunday,49193.1746031746,26–35
10781,57.0,other,france,289896,image,music,7735.0,2022.0,645.0,1321,54390,2023-04-08,629424,False,desktop,positive,#reels #foodie #fun,0.191248391,3,10402.0,2023,4,April,Saturday,51727.67338709677,56+
66700,24.0,female,uk,223780,reel,fitness,8783.0,247.0,1481.0,1654,36322,2023-06-20,618973,False,desktop,positive,#love #fitness,0.289383845,2,10511.0,2023,6,June,Tuesday,51119.39350912779,18–25
37624,32.0,male,india,825750,text,fashion,18459.0,2699.0,932.0,6123,6182,2023-09-16,224056,True,tablet,neutral,#music,3.573277257,1,22090.0,2023,9,September,Saturday,52462.38691588785,26–35
16823,38.0,female,uk,134307,video,music,14456.0,2948.0,1803.0,5012,99254,2022-10-24,240833,False,desktop,positive,#travel,0.193513612,1,19207.0,2022,10,October,Monday,51119.39350912779,36–45
28489,33.0,other,canada,347659,image,music,13140.0,2138.0,80.0,3068,22211,2022-08-05,156677,False,mobile,positive,#love #fashion,0.691459187,2,15358.0,2022,8,August,Friday,48703.150097465885,26–35
49961,61.0,male,canada,885244,video,food,10863.0,1497.0,730.0,4738,90706,2022-08-16,103566,False,tablet,neutral,#tech #lifestyle #travel,0.134059489,3,13090.0,2022,8,August,Tuesday,48703.150097465885,56+
39118,57.0,female,germany,561696,text,tech,15225.0,1869.0,513.0,6593,20039,2022-02-01,790612,False,desktop,positive,#fashion,0.878636659,1,17607.0,2022,2,February,Tuesday,48605.40612244898,56+
91816,13.0,male,france,743933,image,education,18406.0,1862.0,1332.0,394,51926,2023-03-07,196237,False,desktop,positive,#foodie #fitness,0.415976582,2,21600.0,2023,3,March,Tuesday,51727.67338709677,Under 18
32263,22.0,male,canada,365388,video,tech,2078.0,1188.0,920.0,791,52682,2022-06-19,155448,False,mobile,positive,#music,0.079457879,1,4186.0,2022,6,June,Sunday,48703.150097465885,18–25
23565,59.0,female,uae,125090,reel,travel,12142.0,2595.0,762.0,3633,48919,2022-08-19,314887,False,tablet,positive,#reels,0.316829862,1,15499.0,2022,8,August,Friday,48928.41351888668,56+
30354,44.0,female,germany,426421,image,lifestyle,12073.0,1353.0,493.0,6231,73176,2022-03-11,698943,False,tablet,positive,#fashion #lifestyle,0.190212638,2,13919.0,2022,3,March,Friday,48605.40612244898,36–45
52951,51.0,other,japan,735847,image,fashion,3321.0,1497.0,1259.0,6676,19633,2022-04-21,3436,False,mobile,negative,#music,0.341618703,1,6077.0,2022,4,April,Thursday,49616.13559322034,46–55
33648,38.0,other,germany,199895,image,fitness,12337.0,933.0,1691.0,1944,47530,2022-03-30,650773,False,desktop,neutral,#tech #music,0.314769619,2,14961.0,2022,3,March,Wednesday,48605.40612244898,36–45
60729,30.0,male,uk,222641,image,education,15061.0,980.0,940.0,7555,3447,2022-01-02,567035,False,desktop,negative,#foodie #travel #reels,4.926312736,3,16981.0,2022,1,January,Sunday,51119.39350912779,26–35
51971,60.0,other,usa,541752,reel,food,6011.0,1497.0,1060.0,743,48579,2022-02-25,27049,False,tablet,positive,#foodie #lifestyle,0.16344511,2,8568.0,2022,2,February,Friday,51263.87225548902,56+
28658,58.0,male,uae,369999,text,tech,18820.0,168.0,740.0,6524,4049,2023-11-01,764787,True,tablet,positive,#lifestyle #foodie #travel,4.872314152,3,19728.0,2023,11,November,Wednesday,48928.41351888668,56+
31253,44.0,male,uae,353555,text,lifestyle,7087.0,2671.0,1680.0,5674,95513,2022-09-28,278343,False,desktop,positive,#foodie #tech #lifestyle,0.119753332,3,11438.0,2022,9,September,Wednesday,48928.41351888668,36–45
74166,39.0,other,australia,873790,video,food,9996.0,378.0,324.0,6574,16988,2022-10-01,797209,False,mobile,neutral,#fashion,0.629738639,1,10698.0,2022,10,October,Saturday,48346.38336713996,36–45
58563,40.0,other,uae,358845,reel,music,19743.0,1232.0,1079.0,7702,94914,2023-06-28,257569,False,mobile,positive,#love,0.232357713,1,22054.0,2023,6,June,Wednesday,48928.41351888668,36–45
36390,30.0,other,uae,211113,reel,fitness,1730.0,1932.0,1144.0,5335,73401,2022-09-27,595964,False,desktop,neutral,#reels #music #lifestyle,0.065475947,3,4806.0,2022,9,September,Tuesday,48928.41351888668,26–35
98664,38.0,female,uk,412518,video,fashion,14077.0,1925.0,313.0,4372,30184,2022-07-09,595369,False,mobile,positive,#foodie #tech #fashion,0.540518155,3,16315.0,2022,7,July,Saturday,51119.39350912779,36–45
61578,61.0,male,brazil,636809,reel,travel,6618.0,193.0,1012.0,193,36274,2023-12-23,515612,False,tablet,positive,#tech #foodie,0.221784198,2,7823.0,2023,12,December,Saturday,49193.1746031746,56+
89025,38.0,male,uae,724434,reel,music,6899.0,263.0,1795.0,7894,52769,2023-04-28,128348,False,desktop,negative,#reels,0.169739809,1,8957.0,2023,4,April,Friday,48928.41351888668,36–45
42658,30.0,male,usa,307091,image,fashion,1029.0,1497.0,102.0,4274,64096,2022-11-04,313746,False,mobile,positive,#travel #fitness,0.037459436,2,2628.0,2022,11,November,Friday,51263.87225548902,26–35
16852,56.0,other,india,244776,image,music,10105.5,1653.0,438.0,5262,43764,2022-01-22,487827,False,mobile,negative,#fashion #love,0.393451238,2,12196.5,2022,1,January,Saturday,52462.38691588785,56+
12551,20.0,other,uk,158933,image,travel,411.0,1471.0,816.0,6140,97627,2022-01-14,274341,False,tablet,neutral,#tech #foodie #love,0.027635797,3,2698.0,2022,1,January,Friday,51119.39350912779,18–25
81947,43.0,other,uk,695389,reel,food,1981.0,2015.0,746.0,3897,47734,2023-05-01,724498,False,tablet,neutral,#fun #fashion,0.099342188,2,4742.0,2023,5,May,Monday,51119.39350912779,36–45
71001,46.0,other,brazil,143856,reel,fashion,9539.0,1763.0,37.0,5657,70893,2023-12-19,148484,False,desktop,positive,#fitness #tech #fun,0.15994527,3,11339.0,2023,12,December,Tuesday,49193.1746031746,46–55
59159,19.0,other,australia,661544,text,music,19854.0,520.0,812.0,217,99983,2023-06-30,432581,False,tablet,positive,#tech,0.211896022,1,21186.0,2023,6,June,Friday,48346.38336713996,18–25
61707,48.0,female,brazil,943784,image,fashion,1305.0,918.0,1643.0,3582,38391,2023-04-09,480699,False,tablet,neutral,#fun #lifestyle,0.100700685,2,3866.0,2023,4,April,Sunday,49193.1746031746,46–55
43243,30.0,other,germany,882948,video,fashion,12478.0,2526.0,1437.0,5083,10010,2023-07-22,418244,False,desktop,neutral,#music #fashion,1.642457542,2,16441.0,2023,7,July,Saturday,48605.40612244898,26–35
31800,50.0,male,india,523831,reel,fitness,13246.0,1300.0,1247.0,7226,30704,2023-03-09,535334,False,mobile,positive,#reels,0.514362949,1,15793.0,2023,3,March,Thursday,52462.38691588785,46–55
85939,21.0,other,canada,221638,image,food,4595.0,573.0,1016.0,7513,20983,2023-07-29,17948,False,tablet,neutral,#travel,0.294714769,1,6184.0,2023,7,July,Saturday,48703.150097465885,18–25
67828,21.0,male,japan,862570,text,education,17199.0,1537.0,1316.0,4652,93838,2023-02-04,599613,False,desktop,neutral,#music #foodie #lifestyle,0.213687419,3,20052.0,2023,2,February,Saturday,49616.13559322034,18–25
17239,58.0,other,canada,888359,image,travel,11697.0,1383.0,1719.0,3490,53826,2023-08-15,541115,False,tablet,positive,#fashion #fun,0.274941478,2,14799.0,2023,8,August,Tuesday,48703.150097465885,56+
16710,20.0,other,australia,894733,text,fashion,15422.0,2890.0,154.0,5343,56117,2023-07-06,379512,False,tablet,positive,#fun,0.329062494,1,18466.0,2023,7,July,Thursday,48346.38336713996,18–25
31384,63.0,male,australia,186849,text,food,9668.0,1380.0,1055.0,7517,97292,2022-10-06,114841,False,mobile,positive,#fun,0.124398717,1,12103.0,2022,10,October,Thursday,48346.38336713996,56+
31038,47.0,male,uae,829353,reel,education,5612.0,1497.0,1257.0,2815,89747,2022-04-20,522300,False,tablet,positive,#tech,0.093507304,1,8366.0,2022,4,April,Wednesday,48928.41351888668,46–55
50846,30.0,male,brazil,564244,text,lifestyle,2037.0,895.0,1930.0,7789,37183,2022-02-17,668707,False,tablet,negative,#travel #music #love,0.13075868,3,4862.0,2022,2,February,Thursday,49193.1746031746,26–35
97983,17.0,male,germany,955191,text,fitness,9522.0,1106.0,488.0,3903,54567,2022-03-23,275730,False,tablet,positive,#fun #music,0.203712867,2,11116.0,2022,3,March,Wednesday,48605.40612244898,Under 18
77821,38.0,female,uae,974479,video,fitness,11998.0,516.0,1785.0,3923,13371,2023-11-17,554927,False,mobile,negative,#fashion #lifestyle,1.069403934,2,14299.0,2023,11,November,Friday,48928.41351888668,36–45
47991,40.0,male,france,449135,text,lifestyle,7086.0,1023.0,1593.0,1785,54031,2023-09-17,131543,False,tablet,neutral,#love,0.179563584,1,9702.0,2023,9,September,Sunday,51727.67338709677,36–45
89057,42.0,other,germany,949490,video,food,1149.0,895.0,1356.0,4172,64556,2022-10-05,760130,False,desktop,positive,#lifestyle #tech #fun,0.052667452,3,3400.0,2022,10,October,Wednesday,48605.40612244898,36–45
16971,16.0,other,australia,592474,video,travel,16390.0,464.0,1698.0,7962,38674,2023-01-16,579687,True,desktop,positive,#fitness #music,0.479702125,2,18552.0,2023,1,January,Monday,48346.38336713996,Under 18
39139,51.0,female,australia,516650,image,food,1436.0,1610.0,1040.0,4694,51221,2022-11-06,571688,False,mobile,negative,#lifestyle #reels #fashion,0.079771969,3,4086.0,2022,11,November,Sunday,48346.38336713996,46–55
95445,32.0,male,uk,916773,image,food,3250.0,612.0,1437.0,3833,27779,2023-07-06,400074,False,mobile,neutral,#fun #fitness #love,0.190755607,3,5299.0,2023,7,July,Thursday,51119.39350912779,26–35
87067,37.0,other,france,994277,reel,tech,17078.0,604.0,1789.0,5327,76894,2023-06-26,430747,True,mobile,neutral,#travel,0.253218717,1,19471.0,2023,6,June,Monday,51727.67338709677,36–45
90257,40.0,female,uae,462022,reel,education,14263.0,1654.0,1681.0,1182,1859,2022-08-28,259280,False,tablet,positive,#fashion #fun #tech,9.466379774,3,17598.0,2022,8,August,Sunday,48928.41351888668,36–45
94742,24.0,other,australia,782159,reel,fitness,19683.0,620.0,1764.0,523,55818,2022-07-02,232603,False,mobile,negative,#music #love #fitness,0.395338421,3,22067.0,2022,7,July,Saturday,48346.38336713996,18–25
47711,14.0,female,france,942252,text,travel,4843.0,2602.0,239.0,3296,28728,2022-07-03,560882,False,desktop,positive,#music,0.267474241,1,7684.0,2022,7,July,Sunday,51727.67338709677,Under 18
16530,55.0,female,india,508890,image,tech,12433.0,2183.0,1309.0,5477,29775,2023-07-08,610648,False,desktop,positive,#love #music #fashion,0.534844668,3,15925.0,2023,7,July,Saturday,52462.38691588785,46–55
21116,26.0,male,japan,406935,text,lifestyle,11559.0,2377.0,345.0,6956,18765,2023-04-11,385349,False,tablet,negative,#tech #travel #music,0.761044498,3,14281.0,2023,4,April,Tuesday,49616.13559322034,26–35
75794,34.0,female,brazil,320712,image,food,4952.0,2442.0,1398.0,4479,62368,2023-10-01,219770,False,tablet,positive,#lifestyle #love #fitness,0.140969728,3,8792.0,2023,10,October,Sunday,49193.1746031746,26–35
10282,43.0,other,australia,627543,text,lifestyle,7842.0,155.0,15.0,7711,11326,2023-03-13,351324,True,tablet,neutral,#fun #music,0.707398905,2,8012.0,2023,3,March,Monday,48346.38336713996,36–45
89473,35.0,other,india,789186,reel,fitness,25.0,2917.0,586.0,5685,48082,2023-08-17,245669,False,tablet,neutral,#travel,0.073374652,1,3528.0,2023,8,August,Thursday,52462.38691588785,26–35
11898,60.0,male,germany,891376,image,tech,10105.5,2585.0,1012.0,6647,17607,2022-08-21,352499,False,desktop,positive,#love #music,0.322996535,2,13702.5,2022,8,August,Sunday,48605.40612244898,56+
14135,32.0,male,brazil,531042,image,education,8019.0,2715.0,259.0,5569,71467,2023-12-05,261810,False,desktop,positive,#foodie #travel,0.153819245,2,10993.0,2023,12,December,Tuesday,49193.1746031746,26–35
16629,50.0,female,france,916929,video,tech,19873.0,243.0,1918.0,6385,1334,2022-01-01,357021,False,mobile,neutral,#foodie #reels #love,16.51724138,3,22034.0,2022,1,January,Saturday,51727.67338709677,46–55
95120,16.0,male,brazil,914155,image,travel,8523.0,2594.0,360.0,368,56128,2023-05-20,509080,False,tablet,positive,#travel #reels #fashion,0.204479048,3,11477.0,2023,5,May,Saturday,49193.1746031746,Under 18
99087,27.0,other,canada,898277,image,education,5161.0,449.0,1422.0,7794,6056,2022-12-28,28644,False,desktop,positive,#lifestyle,1.161162483,1,7032.0,2022,12,December,Wednesday,48703.150097465885,26–35
75031,36.0,other,uk,976265,text,food,10105.5,2325.0,459.0,5590,49926,2023-12-20,573739,False,desktop,positive,#music #fitness #fashion,0.396827304,3,12889.5,2023,12,December,Wednesday,51119.39350912779,36–45
43380,37.0,male,france,561322,reel,music,1852.0,753.0,1946.0,4383,92914,2023-12-10,372157,True,mobile,positive,#love #tech,0.048980778,2,4551.0,2023,12,December,Sunday,51727.67338709677,36–45
27071,13.0,male,india,455183,video,music,7723.0,405.0,1539.0,398,18789,2022-10-10,431085,False,desktop,neutral,#fun #music #fitness,0.514503167,3,9667.0,2022,10,October,Monday,52462.38691588785,Under 18
30074,19.0,male,australia,566202,text,travel,15706.0,2818.0,930.0,2151,66904,2023-06-13,196248,False,desktop,positive,#fashion,0.290774842,1,19454.0,2023,6,June,Tuesday,48346.38336713996,18–25
77843,43.0,female,france,316879,image,tech,10623.0,1069.0,1786.0,5430,21581,2022-06-18,38929,False,tablet,positive,#lifestyle #fitness #fashion,0.624530837,3,13478.0,2022,6,June,Saturday,51727.67338709677,36–45
49901,24.0,female,usa,337079,text,education,19968.0,748.0,1108.0,3880,85241,2022-07-05,790873,True,mobile,neutral,#foodie #tech,0.256027029,2,21824.0,2022,7,July,Tuesday,51263.87225548902,18–25
21205,54.0,other,canada,155569,reel,tech,3809.0,2819.0,1086.0,126,86739,2022-05-02,221471,False,tablet,neutral,#fun #lifestyle #foodie,0.088933467,3,7714.0,2022,5,May,Monday,48703.150097465885,46–55
65661,17.0,female,india,181434,video,travel,1311.0,1294.0,99.0,2087,4294,2023-03-17,630429,False,tablet,negative,#travel,0.629715883,1,2704.0,2023,3,March,Friday,52462.38691588785,Under 18
15906,56.0,female,germany,310997,text,tech,18278.0,1579.0,1857.0,3143,95434,2023-10-01,85690,False,mobile,positive,#tech #reels,0.227528973,2,21714.0,2023,10,October,Sunday,48605.40612244898,56+
12591,62.0,female,usa,344790,image,education,11198.0,2285.0,754.0,1770,28470,2023-11-09,544731,False,mobile,positive,#reels,0.500070249,1,14237.0,2023,11,November,Thursday,51263.87225548902,56+
72987,54.0,female,france,887176,text,fashion,6238.0,2035.0,294.0,7025,94290,2023-04-19,70491,False,tablet,neutral,#fashion,0.090857991,1,8567.0,2023,4,April,Wednesday,51727.67338709677,46–55
73370,50.0,male,uk,529498,image,fitness,7788.0,1190.0,1947.0,7088,10351,2022-05-02,624978,False,tablet,positive,#music #fun #lifestyle,1.055453579,3,10925.0,2022,5,May,Monday,51119.39350912779,46–55
90685,38.0,male,usa,152082,video,food,6977.0,1399.0,1185.0,4053,63456,2023-10-22,51786,True,tablet,neutral,#lifestyle #reels,0.150671331,2,9561.0,2023,10,October,Sunday,51263.87225548902,36–45
64400,51.0,other,brazil,547905,video,fitness,6409.0,2248.0,928.0,246,83269,2022-10-19,784039,False,tablet,neutral,#fun #reels #music,0.115108864,3,9585.0,2022,10,October,Wednesday,49193.1746031746,46–55
35150,30.0,female,france,438551,text,food,2070.0,2793.0,1201.0,5925,4129,2022-09-04,495487,False,mobile,positive,#fun #tech #music,1.468636474,3,6064.0,2022,9,September,Sunday,51727.67338709677,26–35
41852,14.0,male,india,703360,video,education,2656.0,2279.0,1467.0,3318,68496,2022-07-07,458792,False,desktop,neutral,#tech #reels #music,0.093465312,3,6402.0,2022,7,July,Thursday,52462.38691588785,Under 18
52870,22.0,male,france,951198,reel,tech,4134.0,723.0,327.0,6455,69149,2023-06-07,373306,False,mobile,positive,#music,0.074968546,1,5184.0,2023,6,June,Wednesday,51727.67338709677,18–25
62756,38.0,male,uk,165711,text,music,3484.0,1441.0,1351.0,2081,36087,2022-10-11,58536,False,desktop,neutral,#foodie #fitness #reels,0.173913043,3,6276.0,2022,10,October,Tuesday,51119.39350912779,36–45
66481,42.0,other,japan,608469,image,education,10105.5,1177.0,763.0,6272,41238,2023-07-11,256168,False,mobile,negative,#travel #tech,0.454362481,2,12045.5,2023,7,July,Tuesday,49616.13559322034,36–45
11283,56.0,male,brazil,889649,text,travel,10854.0,724.0,1065.0,2057,70566,2022-05-04,459916,False,tablet,positive,#fashion #foodie #fun,0.179165604,3,12643.0,2022,5,May,Wednesday,49193.1746031746,56+
43691,29.0,other,australia,573858,image,music,14544.0,86.0,241.0,5287,4777,2022-09-04,668420,False,desktop,neutral,#foodie,3.113041658,1,14871.0,2022,9,September,Sunday,48346.38336713996,26–35
11125,16.0,other,france,736288,video,travel,12309.0,2750.0,1365.0,5903,5572,2023-02-10,129899,False,mobile,neutral,#lifestyle #love,2.947595118,2,16424.0,2023,2,February,Friday,51727.67338709677,Under 18
77065,38.0,female,uk,939941,image,tech,6148.0,2867.0,1114.0,5335,39576,2022-12-03,497610,False,mobile,negative,#music,0.255937942,1,10129.0,2022,12,December,Saturday,51119.39350912779,36–45
36170,53.0,female,usa,555186,image,food,5791.0,53.0,1051.0,2989,89861,2022-06-08,181413,False,mobile,neutral,#foodie,0.076729616,1,6895.0,2022,6,June,Wednesday,51263.87225548902,46–55
18438,43.0,male,usa,384501,image,tech,17303.0,1497.0,458.0,7575,13828,2022-09-24,480839,False,tablet,neutral,#love #fashion,1.411050043,2,19258.0,2022,9,September,Saturday,51263.87225548902,36–45
30095,63.0,male,india,928786,image,food,17290.0,1065.0,666.0,5871,24314,2022-10-19,514446,True,mobile,neutral,#love #reels,0.78230649,2,19021.0,2022,10,October,Wednesday,52462.38691588785,56+
26154,51.0,female,brazil,400714,reel,tech,19594.0,1253.0,1654.0,3597,46749,2023-08-13,112797,False,mobile,positive,#tech,0.481315108,1,22501.0,2023,8,August,Sunday,49193.1746031746,46–55
18004,46.0,other,usa,631322,image,music,19103.0,741.0,1408.0,5721,78119,2022-05-31,436202,True,tablet,neutral,#lifestyle,0.272046493,1,21252.0,2022,5,May,Tuesday,51263.87225548902,46–55
19752,18.0,other,australia,116263,text,tech,11858.0,2741.0,1510.0,7078,96680,2022-10-12,178814,False,desktop,negative,#travel #love,0.166621845,2,16109.0,2022,10,October,Wednesday,48346.38336713996,Under 18
65426,62.0,female,japan,281171,reel,tech,15002.0,2483.0,219.0,7185,35397,2022-05-31,108142,False,desktop,positive,#fitness #tech,0.50015538,2,17704.0,2022,5,May,Tuesday,49616.13559322034,56+
36819,50.0,other,japan,305384,image,music,4895.0,1872.0,858.0,339,92467,2022-05-04,67213,False,tablet,positive,#reels #travel #foodie,0.082461851,3,7625.0,2022,5,May,Wednesday,49616.13559322034,46–55
34217,57.0,female,india,602574,image,travel,10556.0,2641.0,263.0,2728,74763,2022-09-29,272244,False,desktop,neutral,#fashion #foodie #travel,0.180035579,3,13460.0,2022,9,September,Thursday,52462.38691588785,56+
98708,63.0,female,france,175348,image,food,17176.0,1497.0,1012.0,1591,56722,2022-12-06,115983,False,mobile,positive,#reels #love,0.34880646,2,19685.0,2022,12,December,Tuesday,51727.67338709677,56+
42994,38.0,male,usa,709563,reel,lifestyle,9919.0,2214.0,1069.0,7843,91168,2023-12-30,468476,False,mobile,positive,#reels #fashion #fun,0.144809582,3,13202.0,2023,12,December,Saturday,51263.87225548902,36–45
25036,56.0,male,uk,520141,image,tech,11419.0,1946.0,1303.0,5783,68109,2023-10-21,218803,False,desktop,positive,#lifestyle #tech,0.215360672,2,14668.0,2023,10,October,Saturday,51119.39350912779,56+
87275,27.0,female,germany,875299,image,fitness,12378.0,2613.0,1138.0,3161,99489,2023-12-31,276458,True,desktop,positive,#music,0.162118425,1,16129.0,2023,12,December,Sunday,48605.40612244898,26–35
59416,26.0,male,japan,381719,image,fitness,3725.0,1486.0,1191.0,1308,4762,2023-08-31,709417,False,desktop,positive,#reels #lifestyle #music,1.344393112,3,6402.0,2023,8,August,Thursday,49616.13559322034,26–35
19587,18.0,female,uae,122231,video,education,11558.0,72.0,434.0,4629,40596,2023-03-23,378667,False,tablet,positive,#fashion,0.297172135,1,12064.0,2023,3,March,Thursday,48928.41351888668,Under 18
10645,62.0,other,india,963367,text,education,13057.0,724.0,1269.0,3338,2765,2023-07-16,163083,True,desktop,neutral,#lifestyle,5.443037975,1,15050.0,2023,7,July,Sunday,52462.38691588785,56+
40930,49.0,other,france,803091,image,travel,1360.0,2995.0,483.0,4904,76820,2023-04-02,49776,True,tablet,positive,#lifestyle #fun #music,0.062978391,3,4838.0,2023,4,April,Sunday,51727.67338709677,46–55
91835,62.0,other,canada,909532,text,fashion,2048.0,269.0,1398.0,6576,91313,2023-07-09,540097,False,desktop,neutral,#fun,0.04068424,1,3715.0,2023,7,July,Sunday,48703.150097465885,56+
40090,44.0,other,india,766128,video,lifestyle,6252.0,218.0,279.0,6901,46042,2023-06-15,245514,True,tablet,positive,#music #travel,0.146583554,2,6749.0,2023,6,June,Thursday,52462.38691588785,36–45
97489,15.0,female,uk,609135,video,travel,11167.0,546.0,1769.0,2698,8575,2022-04-23,529842,False,tablet,neutral,#reels #love #foodie,1.572244898,3,13482.0,2022,4,April,Saturday,51119.39350912779,Under 18
62142,15.0,other,germany,290409,image,fashion,19580.0,1101.0,1045.0,3123,95388,2023-12-26,368518,True,mobile,neutral,#travel,0.227764499,1,21726.0,2023,12,December,Tuesday,48605.40612244898,Under 18
36475,38.0,other,uae,871745,text,travel,205.0,2355.0,713.0,7234,37339,2023-06-14,489585,False,desktop,neutral,#love #music #foodie,0.087656338,3,3273.0,2023,6,June,Wednesday,48928.41351888668,36–45
28888,34.0,other,japan,873418,reel,education,11678.0,1788.0,67.0,6740,23003,2023-10-08,588037,False,mobile,positive,#music #foodie #fitness,0.588314568,3,13533.0,2023,10,October,Sunday,49616.13559322034,26–35
53732,22.0,other,brazil,674985,image,fitness,15185.0,1968.0,1671.0,2297,61234,2023-06-10,773801,False,mobile,neutral,#music #travel #fitness,0.307410916,3,18824.0,2023,6,June,Saturday,49193.1746031746,18–25
91623,63.0,female,uae,111357,reel,tech,19699.0,1927.0,742.0,5450,17271,2022-03-05,47222,True,tablet,positive,#music #travel,1.295118986,2,22368.0,2022,3,March,Saturday,48928.41351888668,56+
56305,15.0,other,japan,560189,video,food,8814.0,420.0,1081.0,7047,12760,2023-01-28,226477,True,tablet,positive,#music,0.80838558,1,10315.0,2023,1,January,Saturday,49616.13559322034,Under 18
56037,24.0,male,canada,780306,video,education,18061.0,1259.0,1550.0,6558,58300,2023-11-06,130754,False,tablet,positive,#travel,0.357975986,1,20870.0,2023,11,November,Monday,48703.150097465885,18–25
19346,41.0,male,canada,841784,text,tech,11479.0,1857.0,1287.0,7290,42758,2023-05-14,64857,False,tablet,positive,#fitness #lifestyle,0.341994481,2,14623.0,2023,5,May,Sunday,48703.150097465885,36–45
10587,60.0,male,japan,695326,reel,fitness,11204.0,2896.0,1705.0,5321,23389,2023-06-02,153411,False,mobile,positive,#lifestyle #reels #foodie,0.675745008,3,15805.0,2023,6,June,Friday,49616.13559322034,56+
22763,29.0,male,brazil,992344,reel,music,13839.0,2933.0,1446.0,2053,8088,2022-12-21,255904,False,tablet,neutral,#lifestyle #fashion #fun,2.252472799,3,18218.0,2022,12,December,Wednesday,49193.1746031746,26–35
69165,19.0,male,india,679437,image,food,19396.0,2509.0,1021.0,4944,40074,2023-09-25,482623,False,mobile,neutral,#travel #reels #lifestyle,0.57209163,3,22926.0,2023,9,September,Monday,52462.38691588785,18–25
79615,25.0,male,brazil,105566,text,fashion,11829.0,584.0,1522.0,1509,32152,2022-06-02,143393,False,mobile,positive,#fun #tech,0.433410052,2,13935.0,2022,6,June,Thursday,49193.1746031746,18–25
46116,38.0,female,usa,746762,text,fashion,10892.0,1497.0,290.0,5318,92892,2022-11-25,631990,False,desktop,positive,#travel #music,0.137191577,2,12679.0,2022,11,November,Friday,51263.87225548902,36–45
95751,16.0,male,japan,928008,reel,fitness,1871.0,2963.0,168.0,3807,45254,2023-11-21,640111,False,desktop,positive,#fun #love,0.110531666,2,5002.0,2023,11,November,Tuesday,49616.13559322034,Under 18
35556,22.0,other,japan,939750,video,food,6934.0,2085.0,1583.0,12,2521,2023-04-24,450770,False,tablet,neutral,#foodie,4.205474018,1,10602.0,2023,4,April,Monday,49616.13559322034,18–25
69042,51.0,male,brazil,431694,text,tech,19612.0,1789.0,1485.0,6149,60249,2023-01-26,597067,False,mobile,neutral,#music,0.379856927,1,22886.0,2023,1,January,Thursday,49193.1746031746,46–55
28099,36.0,female,australia,489203,video,fitness,2335.0,2473.0,1631.0,4034,69567,2023-07-29,434984,False,mobile,positive,#love,0.092558253,1,6439.0,2023,7,July,Saturday,48346.38336713996,36–45
55096,29.0,male,australia,675696,image,fashion,1725.0,1892.0,1862.0,5530,71661,2023-02-16,494318,False,mobile,neutral,#tech,0.076457208,1,5479.0,2023,2,February,Thursday,48346.38336713996,26–35
81986,64.0,other,uk,546722,text,music,9306.0,1497.0,555.0,7288,41684,2022-09-15,688117,False,desktop,positive,#foodie #tech,0.296084829,2,11358.0,2022,9,September,Thursday,51119.39350912779,56+
23230,18.0,other,australia,873358,text,fitness,5985.0,204.0,352.0,1580,26276,2023-07-31,310767,False,mobile,positive,#fun #tech,0.248934389,2,6541.0,2023,7,July,Monday,48346.38336713996,Under 18
39009,31.0,female,canada,441293,image,music,7216.0,2752.0,1263.0,3433,47640,2023-05-22,533359,False,mobile,positive,#lifestyle,0.235747271,1,11231.0,2023,5,May,Monday,48703.150097465885,26–35
80969,17.0,female,usa,926599,text,tech,16544.0,741.0,1826.0,4633,94993,2023-11-30,271234,False,mobile,positive,#tech #travel,0.201183245,2,19111.0,2023,11,November,Thursday,51263.87225548902,Under 18
43866,44.0,male,japan,395843,reel,travel,1425.0,1204.0,282.0,2051,45405,2023-12-12,204557,False,desktop,positive,#travel #love #fun,0.064111882,3,2911.0,2023,12,December,Tuesday,49616.13559322034,36–45
94246,22.0,female,uae,348089,reel,music,1733.0,2087.0,1472.0,3876,37373,2022-10-21,105335,False,tablet,positive,#fashion,0.14159955,1,5292.0,2022,10,October,Friday,48928.41351888668,18–25
86975,21.0,male,canada,411689,image,music,12607.0,1497.0,1605.0,5908,88901,2023-04-22,157674,False,tablet,negative,#fun,0.192348792,1,15709.0,2023,4,April,Saturday,48703.150097465885,18–25
51855,39.0,male,uk,593985,video,lifestyle,10603.0,2953.0,1788.0,6130,42469,2023-12-06,135466,False,tablet,positive,#love #fun,0.36129883,2,15344.0,2023,12,December,Wednesday,51119.39350912779,36–45
91557,25.0,other,germany,283501,video,lifestyle,12152.0,167.0,1089.0,6427,44927,2023-05-23,341132,False,desktop,positive,#travel,0.298439691,1,13408.0,2023,5,May,Tuesday,48605.40612244898,18–25
16416,31.0,female,usa,476071,text,education,15801.0,641.0,1350.0,4817,79031,2022-04-29,138325,False,desktop,positive,#fitness,0.225126849,1,17792.0,2022,4,April,Friday,51263.87225548902,26–35
82516,33.0,female,australia,318422,video,lifestyle,18906.0,1105.0,1012.0,7159,94797,2023-11-22,108075,False,tablet,neutral,#lifestyle #fitness #reels,0.215892908,3,21023.0,2023,11,November,Wednesday,48346.38336713996,26–35
65915,36.0,male,france,909818,video,travel,16985.0,2734.0,958.0,1823,44030,2023-04-23,305403,False,tablet,positive,#music #fun #foodie,0.469611628,3,20677.0,2023,4,April,Sunday,51727.67338709677,36–45
28058,50.0,female,india,421417,image,tech,9747.0,1823.0,1004.0,3430,66434,2023-07-18,2942,False,desktop,positive,#travel #fashion,0.189270554,2,12574.0,2023,7,July,Tuesday,52462.38691588785,46–55
86637,16.0,other,uae,736600,video,education,13531.0,2647.0,476.0,2740,3562,2023-09-14,6737,False,tablet,positive,#music #fun,4.675463223,2,16654.0,2023,9,September,Thursday,48928.41351888668,Under 18
50718,36.0,other,japan,928017,video,food,13985.0,101.0,1871.0,1788,96302,2023-09-02,386751,False,mobile,positive,#reels,0.165697493,1,15957.0,2023,9,September,Saturday,49616.13559322034,36–45
42602,47.0,female,germany,492270,video,music,1520.0,2807.0,284.0,1952,50579,2022-11-15,679217,False,desktop,negative,#fun,0.091164317,1,4611.0,2022,11,November,Tuesday,48605.40612244898,46–55
84658,15.0,other,india,859652,reel,fitness,2390.0,1497.0,30.0,7449,7549,2023-01-30,343119,False,tablet,positive,#fitness #travel #love,0.68684594,3,3917.0,2023,1,January,Monday,52462.38691588785,Under 18
88112,16.0,other,brazil,107509,reel,tech,1117.0,88.0,447.0,2704,58138,2022-02-17,554490,False,tablet,positive,#lifestyle #foodie #fitness,0.02841515,3,1652.0,2022,2,February,Thursday,49193.1746031746,Under 18
68067,49.0,male,brazil,843212,image,travel,7300.0,2392.0,213.0,951,60860,2023-09-05,653623,False,desktop,positive,#tech #love #fun,0.162750575,3,9905.0,2023,9,September,Tuesday,49193.1746031746,46–55
37516,52.0,other,usa,342225,text,music,10105.5,2847.0,1716.0,4723,45290,2023-03-14,520956,False,desktop,neutral,#foodie #music,0.315279311,2,14668.5,2023,3,March,Tuesday,51263.87225548902,46–55
97969,60.0,female,usa,963039,image,education,12459.0,1946.0,1737.0,3420,30263,2023-04-20,233880,False,mobile,neutral,#tech,0.533390609,1,16142.0,2023,4,April,Thursday,51263.87225548902,56+
11089,47.0,female,usa,324350,text,fashion,6141.0,607.0,1603.0,3027,96716,2023-08-09,25925,True,desktop,neutral,#music #tech,0.086345589,2,8351.0,2023,8,August,Wednesday,51263.87225548902,46–55
47346,43.0,other,canada,998817,text,lifestyle,19464.0,2206.0,1048.0,3101,48342,2023-07-04,690349,False,desktop,negative,#music,0.469943321,1,22718.0,2023,7,July,Tuesday,48703.150097465885,36–45
84663,38.0,female,canada,834124,video,lifestyle,7939.0,2583.0,1783.0,3960,33053,2023-12-29,516775,False,mobile,neutral,#music #reels,0.372280882,2,12305.0,2023,12,December,Friday,48703.150097465885,36–45
20487,37.0,male,brazil,308222,video,tech,4777.0,2210.0,1396.0,5873,90689,2022-05-16,553277,False,tablet,positive,#travel,0.092436789,1,8383.0,2022,5,May,Monday,49193.1746031746,36–45
10155,52.0,other,usa,569053,image,music,11432.0,285.0,396.0,3588,39899,2023-06-02,401735,False,desktop,neutral,#lifestyle #love,0.303591569,2,12113.0,2023,6,June,Friday,51263.87225548902,46–55
77494,25.0,other,uae,355117,image,lifestyle,14271.0,864.0,336.0,6517,12388,2022-11-20,82993,False,tablet,neutral,#tech #travel #music,1.248869874,3,15471.0,2022,11,November,Sunday,48928.41351888668,18–25
86229,16.0,other,uk,163305,image,lifestyle,3801.0,54.0,1012.0,3845,27573,2022-07-16,192637,False,mobile,neutral,#love #lifestyle,0.173720669,2,4867.0,2022,7,July,Saturday,51119.39350912779,Under 18
48547,58.0,female,usa,987517,reel,music,7057.0,575.0,967.0,5737,27691,2022-04-21,739047,False,desktop,neutral,#fun #fashion #fitness,0.310534109,3,8599.0,2022,4,April,Thursday,51263.87225548902,56+
38795,26.0,female,japan,404995,reel,tech,7510.0,2080.0,854.0,1147,28491,2023-07-04,449621,False,mobile,positive,#music #love #travel,0.3665719,3,10444.0,2023,7,July,Tuesday,49616.13559322034,26–35
65296,25.0,other,uae,439054,reel,tech,8099.0,557.0,902.0,3517,9977,2022-04-25,640616,False,tablet,positive,#music,0.958003408,1,9558.0,2022,4,April,Monday,48928.41351888668,18–25
31447,39.0,female,japan,134407,reel,education,15193.0,1497.0,671.0,3058,91203,2023-11-28,491839,False,mobile,positive,#foodie #love #lifestyle,0.181945769,3,17361.0,2023,11,November,Tuesday,49616.13559322034,36–45
46598,18.0,female,france,933038,reel,travel,16132.0,992.0,1303.0,1417,73227,2023-12-25,708659,False,desktop,positive,#foodie #tech,0.251642154,2,18427.0,2023,12,December,Monday,51727.67338709677,Under 18
51814,29.0,other,brazil,731565,video,travel,18926.0,800.0,768.0,3909,98139,2023-05-03,412270,False,desktop,neutral,#music #love #fun,0.208826257,3,20494.0,2023,5,May,Wednesday,49193.1746031746,26–35
85330,48.0,other,usa,310590,text,lifestyle,4450.0,195.0,622.0,4745,88582,2022-12-31,353692,False,tablet,neutral,#lifestyle,0.059459032,1,5267.0,2022,12,December,Saturday,51263.87225548902,46–55
97960,52.0,female,australia,754492,reel,education,10105.5,447.0,558.0,3689,52650,2023-04-29,70812,True,tablet,negative,#fashion #lifestyle #love,0.295422602,3,11110.5,2023,4,April,Saturday,48346.38336713996,46–55
73278,61.0,other,india,538868,image,tech,6960.0,1821.0,1714.0,2772,90406,2022-11-06,791735,False,tablet,positive,#reels #love #fitness,0.116087428,3,10495.0,2022,11,November,Sunday,52462.38691588785,56+
65077,38.0,other,usa,765608,text,tech,16583.0,1614.0,547.0,4907,10594,2022-04-23,374218,False,tablet,positive,#fashion #lifestyle #fitness,1.769303379,3,18744.0,2022,4,April,Saturday,51263.87225548902,36–45
81906,29.0,other,uk,372659,reel,lifestyle,6996.0,2972.0,922.0,5175,178,2022-09-27,243188,False,desktop,negative,#lifestyle #fashion,61.17977528,2,10890.0,2022,9,September,Tuesday,51119.39350912779,26–35
19528,53.0,other,france,462722,reel,food,18567.0,91.0,1221.0,6275,77774,2022-11-16,533064,False,desktop,negative,#tech,0.255599558,1,19879.0,2022,11,November,Wednesday,51727.67338709677,46–55
60100,14.0,female,usa,978777,video,fashion,14201.0,607.0,553.0,2828,83141,2022-06-24,583290,False,desktop,positive,#travel #reels #lifestyle,0.184758422,3,15361.0,2022,6,June,Friday,51263.87225548902,Under 18
18179,25.0,other,india,241902,video,fitness,5043.0,1251.0,478.0,2169,9077,2022-01-19,220237,False,mobile,positive,#tech,0.746061474,1,6772.0,2022,1,January,Wednesday,52462.38691588785,18–25
58781,64.0,male,india,422775,video,fitness,7834.0,285.0,1012.0,2249,32693,2022-07-22,741962,False,mobile,neutral,#music #reels,0.27412596,2,9131.0,2022,7,July,Friday,52462.38691588785,56+
65267,14.0,male,canada,462928,reel,music,19877.0,2921.0,1625.0,7887,90658,2022-05-06,191380,False,tablet,neutral,#music #foodie,0.269397075,2,24423.0,2022,5,May,Friday,48703.150097465885,Under 18
92379,64.0,male,uk,225496,video,lifestyle,9556.0,101.0,1880.0,3858,69854,2023-04-12,302194,False,tablet,positive,#foodie #music #travel,0.16515876,3,11537.0,2023,4,April,Wednesday,51119.39350912779,56+
33952,40.0,other,uk,829443,reel,education,1852.0,139.0,1603.0,6085,71365,2022-09-11,701683,False,tablet,positive,#reels #foodie #fashion,0.050360821,3,3594.0,2022,9,September,Sunday,51119.39350912779,36–45
63798,55.0,male,uae,328170,text,music,16263.0,834.0,69.0,1625,2823,2022-10-19,441692,True,desktop,neutral,#lifestyle #fashion,6.080765143,2,17166.0,2022,10,October,Wednesday,48928.41351888668,46–55
60939,38.0,male,australia,507544,text,fitness,12629.0,1678.0,504.0,2749,9873,2022-06-01,29785,False,mobile,positive,#tech #travel,1.50015193,2,14811.0,2022,6,June,Wednesday,48346.38336713996,36–45
39516,34.0,other,uk,505895,reel,travel,1662.0,2313.0,109.0,7432,49610,2022-07-18,196680,False,tablet,neutral,#reels,0.082322112,1,4084.0,2022,7,July,Monday,51119.39350912779,26–35
66526,59.0,other,france,645346,image,education,14734.0,2620.0,1405.0,2605,67401,2022-07-18,565986,False,tablet,positive,#fitness #reels,0.278319313,2,18759.0,2022,7,July,Monday,51727.67338709677,56+
20449,55.0,other,australia,488370,reel,music,7589.0,534.0,396.0,1847,33672,2023-11-18,520212,False,desktop,neutral,#fitness,0.252999525,1,8519.0,2023,11,November,Saturday,48346.38336713996,46–55
60290,15.0,male,canada,328845,text,education,10650.0,2570.0,1432.0,5961,79703,2023-03-29,651441,False,mobile,positive,#travel #love #fashion,0.183832478,3,14652.0,2023,3,March,Wednesday,48703.150097465885,Under 18
96661,47.0,male,uk,408840,text,music,16596.0,15.0,350.0,7207,71285,2022-06-29,1336,False,tablet,negative,#foodie,0.237932244,1,16961.0,2022,6,June,Wednesday,51119.39350912779,46–55
82954,24.0,male,canada,864323,reel,travel,4655.0,560.0,1557.0,578,84750,2022-08-06,462662,False,tablet,positive,#love #fitness #music,0.079905605,3,6772.0,2022,8,August,Saturday,48703.150097465885,18–25
32746,36.0,other,india,138872,reel,food,8749.0,2925.0,1524.0,1136,38859,2023-09-22,600148,False,tablet,neutral,#fashion #travel,0.339638179,2,13198.0,2023,9,September,Friday,52462.38691588785,36–45
77990,17.0,female,usa,679259,reel,lifestyle,10797.0,2383.0,994.0,3410,94976,2022-11-16,666136,False,tablet,positive,#reels #fitness,0.149237702,2,14174.0,2022,11,November,Wednesday,51263.87225548902,Under 18
68810,32.0,female,uk,968515,text,travel,19503.0,909.0,788.0,3133,14639,2022-01-23,252694,False,mobile,negative,#fitness,1.448186352,1,21200.0,2022,1,January,Sunday,51119.39350912779,26–35
93297,51.0,other,india,647594,image,lifestyle,6645.0,1413.0,1934.0,2274,40693,2023-09-29,225940,False,mobile,neutral,#fun #foodie #love,0.245545917,3,9992.0,2023,9,September,Friday,52462.38691588785,46–55
25223,51.0,male,usa,521426,reel,lifestyle,11895.0,2217.0,1730.0,2221,45122,2022-03-25,226435,False,tablet,positive,#music #reels #tech,0.351092593,3,15842.0,2022,3,March,Friday,51263.87225548902,46–55
82237,25.0,other,usa,145693,text,music,19075.0,912.0,420.0,5115,98546,2023-12-12,25966,False,desktop,neutral,#fitness #tech #foodie,0.207080957,3,20407.0,2023,12,December,Tuesday,51263.87225548902,18–25
12597,53.0,female,india,914671,reel,education,1994.0,118.0,1580.0,1157,93771,2022-11-22,604164,False,tablet,neutral,#tech #foodie #lifestyle,0.039372514,3,3692.0,2022,11,November,Tuesday,52462.38691588785,46–55
75677,57.0,male,japan,717654,text,tech,14866.0,2057.0,921.0,7452,60865,2023-11-30,526715,False,desktop,positive,#lifestyle #fitness,0.293173417,2,17844.0,2023,11,November,Thursday,49616.13559322034,56+
12659,24.0,female,australia,431061,reel,fashion,15122.0,2477.0,110.0,3858,33151,2022-11-25,418037,True,tablet,positive,#love #fitness #travel,0.53419203,3,17709.0,2022,11,November,Friday,48346.38336713996,18–25
96516,25.0,male,japan,462512,text,fashion,16858.0,1491.0,208.0,1649,96882,2023-08-27,354767,False,tablet,negative,#music #love #reels,0.191542289,3,18557.0,2023,8,August,Sunday,49616.13559322034,18–25
84567,22.0,female,brazil,598109,reel,lifestyle,8233.0,2096.0,1765.0,7275,82403,2022-11-26,311198,False,desktop,neutral,#fun,0.146766501,1,12094.0,2022,11,November,Saturday,49193.1746031746,18–25
25037,45.0,other,germany,325449,video,fashion,10843.0,2254.0,1462.0,6286,50830,2023-11-25,54830,False,tablet,positive,#travel #fashion #fun,0.286425339,3,14559.0,2023,11,November,Saturday,48605.40612244898,36–45
56738,38.0,female,usa,238519,reel,fashion,3992.0,513.0,1201.0,4664,94084,2023-12-12,51317,False,mobile,negative,#love #foodie,0.060647932,2,5706.0,2023,12,December,Tuesday,51263.87225548902,36–45
81678,28.0,female,uae,579120,text,fitness,4823.0,2007.0,930.0,5413,84965,2023-04-18,234818,True,desktop,positive,#music #reels #lifestyle,0.091331725,3,7760.0,2023,4,April,Tuesday,48928.41351888668,26–35
22109,57.0,male,australia,251343,reel,education,3517.0,1233.0,1785.0,4372,45342,2023-04-23,546140,False,mobile,neutral,#music #travel,0.144126858,2,6535.0,2023,4,April,Sunday,48346.38336713996,56+
32010,47.0,female,usa,559091,image,fitness,2268.0,1162.0,424.0,5611,81003,2022-08-23,740248,False,desktop,positive,#fitness #travel #love,0.047578485,3,3854.0,2022,8,August,Tuesday,51263.87225548902,46–55
18787,15.0,other,france,742757,reel,tech,16006.0,36.0,327.0,1586,66259,2023-07-10,778121,False,mobile,positive,#music #reels,0.247045684,2,16369.0,2023,7,July,Monday,51727.67338709677,Under 18
18472,17.0,other,uae,840870,reel,food,17323.0,2265.0,1907.0,1958,33412,2023-08-11,549784,False,tablet,neutral,#travel #fun,0.643331737,2,21495.0,2023,8,August,Friday,48928.41351888668,Under 18
33383,38.0,other,brazil,847405,reel,education,4438.0,1479.0,10.0,5590,7686,2023-10-15,161982,False,tablet,neutral,#fashion,0.771142337,1,5927.0,2023,10,October,Sunday,49193.1746031746,36–45
71709,23.0,male,brazil,727722,image,travel,11501.0,1535.0,1275.0,2323,82933,2023-11-25,352490,True,desktop,positive,#lifestyle,0.172560983,1,14311.0,2023,11,November,Saturday,49193.1746031746,18–25
79785,19.0,male,france,812203,image,music,6298.0,2227.0,1012.0,233,84563,2022-04-29,730827,False,mobile,negative,#fitness,0.110923217,1,9537.0,2022,4,April,Friday,51727.67338709677,18–25
44518,22.0,female,india,388365,image,music,19369.0,1540.0,1258.0,1265,61176,2022-02-09,607470,True,tablet,negative,#fun #foodie #fitness,0.36234798,3,22167.0,2022,2,February,Wednesday,52462.38691588785,18–25
63909,54.0,female,australia,358180,video,music,13128.0,129.0,1671.0,7425,62499,2022-09-17,274031,False,mobile,neutral,#tech,0.238851822,1,14928.0,2022,9,September,Saturday,48346.38336713996,46–55
28351,64.0,female,canada,454943,image,travel,11319.0,2658.0,253.0,7916,18231,2023-10-03,193604,False,mobile,neutral,#love #foodie,0.780538643,2,14230.0,2023,10,October,Tuesday,48703.150097465885,56+
79624,46.0,male,australia,156467,video,fitness,14722.0,1771.0,1589.0,31,15120,2022-01-06,563330,False,desktop,positive,#foodie #travel #reels,1.195899471,3,18082.0,2022,1,January,Thursday,48346.38336713996,46–55
63330,15.0,male,uae,959701,reel,lifestyle,4989.0,2706.0,1501.0,3438,74871,2022-11-07,139811,False,tablet,negative,#travel #fashion,0.122824592,2,9196.0,2022,11,November,Monday,48928.41351888668,Under 18
25282,20.0,female,japan,211414,video,fashion,6028.0,358.0,128.0,1371,98270,2022-03-07,263759,False,desktop,positive,#fitness #foodie,0.066286761,2,6514.0,2022,3,March,Monday,49616.13559322034,18–25
94866,43.0,male,canada,957017,reel,tech,13626.0,2674.0,1761.0,759,59623,2023-01-09,124592,False,desktop,neutral,#fitness #fashion,0.302920014,2,18061.0,2023,1,January,Monday,48703.150097465885,36–45
31778,23.0,male,brazil,143086,video,food,12325.0,1497.0,1555.0,3203,75143,2022-05-26,65250,False,tablet,neutral,#fashion,0.206299988,1,15377.0,2022,5,May,Thursday,49193.1746031746,18–25
34264,57.0,other,brazil,997369,image,fitness,8422.0,1581.0,99.0,5894,63577,2022-08-22,288131,False,mobile,positive,#fitness #foodie #reels,0.15889394,3,10102.0,2022,8,August,Monday,49193.1746031746,56+
69675,19.0,other,india,710912,image,lifestyle,18883.0,1177.0,289.0,1794,93520,2022-01-29,252422,False,desktop,positive,#reels,0.21758982,1,20349.0,2022,1,January,Saturday,52462.38691588785,18–25
15075,57.0,female,germany,705432,video,tech,10673.0,505.0,1592.0,4888,71344,2023-11-04,481508,False,tablet,positive,#foodie #lifestyle #travel,0.178991926,3,12770.0,2023,11,November,Saturday,48605.40612244898,56+
85948,14.0,female,australia,100638,video,music,13512.0,1532.0,1249.0,5487,90434,2023-10-05,387232,False,mobile,positive,#fun,0.18016454,1,16293.0,2023,10,October,Thursday,48346.38336713996,Under 18
58454,18.0,other,india,957111,image,lifestyle,14472.0,817.0,1676.0,761,70167,2023-10-22,583738,False,mobile,negative,#foodie #tech,0.241780324,2,16965.0,2023,10,October,Sunday,52462.38691588785,Under 18
38365,53.0,male,uae,294006,reel,tech,14900.0,793.0,1148.0,4360,63201,2023-08-17,307471,False,mobile,neutral,#reels,0.266467303,1,16841.0,2023,8,August,Thursday,48928.41351888668,46–55
82766,44.0,female,canada,953192,reel,fitness,2903.0,838.0,1461.0,6358,31882,2023-04-15,716804,False,desktop,negative,#love,0.163164168,1,5202.0,2023,4,April,Saturday,48703.150097465885,36–45
58200,32.0,male,france,147234,reel,tech,7763.0,622.0,1844.0,7382,30004,2022-12-27,274105,True,desktop,negative,#fun #foodie #music,0.340921211,3,10229.0,2022,12,December,Tuesday,51727.67338709677,26–35
21002,46.0,female,usa,423193,reel,education,10960.0,2676.0,1587.0,4080,84173,2023-08-18,313597,False,tablet,neutral,#travel #music #lifestyle,0.180853718,3,15223.0,2023,8,August,Friday,51263.87225548902,46–55
23947,62.0,male,japan,950275,text,fashion,11084.0,96.0,645.0,281,85340,2023-08-08,399936,False,mobile,negative,#fun #lifestyle,0.138563393,2,11825.0,2023,8,August,Tuesday,49616.13559322034,56+
89222,28.0,other,uae,803407,reel,tech,10275.0,1963.0,1827.0,4071,66202,2022-12-21,584182,False,mobile,positive,#lifestyle,0.212455817,1,14065.0,2022,12,December,Wednesday,48928.41351888668,26–35
88610,37.0,female,usa,210406,text,food,2074.0,1305.0,664.0,3903,90841,2023-12-27,63187,False,tablet,neutral,#fitness #travel,0.044506335,2,4043.0,2023,12,December,Wednesday,51263.87225548902,36–45
62142,24.0,other,australia,240813,text,tech,7825.0,1724.0,1370.0,4625,98241,2022-01-26,753637,False,mobile,positive,#fun #reels,0.111145041,2,10919.0,2022,1,January,Wednesday,48346.38336713996,18–25
66307,19.0,other,france,875471,image,education,2065.0,2866.0,697.0,4055,35603,2022-10-17,23523,False,mobile,neutral,#lifestyle #foodie,0.158076567,2,5628.0,2022,10,October,Monday,51727.67338709677,18–25
14493,51.0,male,brazil,425148,image,travel,3208.0,598.0,1774.0,5978,76345,2022-03-12,47348,False,tablet,positive,#travel #reels,0.073089266,2,5580.0,2022,3,March,Saturday,49193.1746031746,46–55
60085,29.0,male,india,423633,video,education,4674.0,2981.0,182.0,6124,82744,2023-11-20,502070,False,tablet,negative,#fashion #fitness #foodie,0.094713816,3,7837.0,2023,11,November,Monday,52462.38691588785,26–35
44228,57.0,male,canada,909423,reel,tech,9094.0,1497.0,350.0,6145,94572,2022-03-30,25658,False,desktop,positive,#travel,0.104386076,1,10941.0,2022,3,March,Wednesday,48703.150097465885,56+
89676,23.0,male,india,205711,reel,music,14137.0,1566.0,1538.0,6656,53300,2022-06-26,767241,True,desktop,positive,#foodie #fitness #tech,0.323470919,3,17241.0,2022,6,June,Sunday,52462.38691588785,18–25
61875,18.0,male,canada,519297,image,lifestyle,15310.0,1324.0,1819.0,815,63027,2022-01-27,759462,False,desktop,positive,#music #love #fashion,0.292779285,3,18453.0,2022,1,January,Thursday,48703.150097465885,Under 18
41655,35.0,male,germany,747049,image,music,9245.0,2590.0,1401.0,4559,52150,2022-10-16,369029,True,tablet,negative,#reels #lifestyle,0.253806328,2,13236.0,2022,10,October,Sunday,48605.40612244898,26–35
53472,39.0,female,germany,868454,image,music,122.0,2414.0,1012.0,1470,34332,2023-07-29,796768,False,desktop,positive,#fitness,0.094459979,1,3548.0,2023,7,July,Saturday,48605.40612244898,36–45
59437,58.0,other,india,681592,video,fitness,17340.0,1852.0,1488.0,5482,91519,2023-06-15,734046,False,mobile,positive,#travel,0.225964007,1,20680.0,2023,6,June,Thursday,52462.38691588785,56+
59416,18.0,male,canada,882670,reel,travel,17370.0,1767.0,677.0,3287,80756,2023-04-29,172872,False,desktop,neutral,#tech,0.245356382,1,19814.0,2023,4,April,Saturday,48703.150097465885,Under 18
69711,50.0,female,canada,437247,video,fitness,9443.0,1068.0,801.0,4259,64121,2023-03-10,89235,False,desktop,neutral,#lifestyle #fun,0.176416463,2,11312.0,2023,3,March,Friday,48703.150097465885,46–55
16816,14.0,other,usa,993595,text,lifestyle,4433.0,1516.0,339.0,5822,43014,2023-05-08,568814,False,desktop,positive,#fashion #love #tech,0.146184963,3,6288.0,2023,5,May,Monday,51263.87225548902,Under 18
87175,34.0,male,india,597288,text,food,990.0,1339.0,1164.0,5706,63956,2022-10-05,176270,False,tablet,positive,#reels,0.054615673,1,3493.0,2022,10,October,Wednesday,52462.38691588785,26–35
74307,32.0,male,uk,348134,reel,fashion,5556.0,2099.0,110.0,2585,46898,2022-12-12,747356,False,mobile,positive,#lifestyle #fashion,0.165572093,2,7765.0,2022,12,December,Monday,51119.39350912779,26–35
56733,37.0,female,australia,218778,image,food,14650.0,563.0,260.0,510,48886,2023-08-02,644397,False,tablet,positive,#fashion #travel,0.316511885,2,15473.0,2023,8,August,Wednesday,48346.38336713996,36–45
21240,27.0,other,brazil,133103,image,travel,4709.0,2546.0,1919.0,5893,38482,2022-08-26,246996,False,mobile,negative,#lifestyle #tech #travel,0.238397173,3,9174.0,2022,8,August,Friday,49193.1746031746,26–35
81363,61.0,male,germany,115330,video,lifestyle,3580.0,976.0,1012.0,7961,23573,2022-05-17,103631,False,desktop,neutral,#music,0.244644296,1,5568.0,2022,5,May,Tuesday,48605.40612244898,56+
42762,41.0,other,uk,509680,text,music,19186.0,1341.0,1879.0,5340,33021,2022-06-12,481908,False,desktop,positive,#travel #fun #fashion,0.6785379,3,22406.0,2022,6,June,Sunday,51119.39350912779,36–45
18259,20.0,female,germany,233206,text,lifestyle,18588.0,1433.0,370.0,554,30095,2022-10-20,209083,False,mobile,positive,#fitness,0.677554411,1,20391.0,2022,10,October,Thursday,48605.40612244898,18–25
60139,49.0,male,france,224679,reel,music,871.0,1497.0,1381.0,3705,20550,2022-01-28,184681,True,tablet,positive,#fitness #foodie #fashion,0.224914842,3,3749.0,2022,1,January,Friday,51727.67338709677,46–55
24849,61.0,other,germany,673697,text,fashion,19208.0,1614.0,1296.0,6784,99214,2022-09-13,203091,False,tablet,positive,#reels,0.222932247,1,22118.0,2022,9,September,Tuesday,48605.40612244898,56+
91768,64.0,female,uae,326270,image,tech,14592.0,1584.0,1720.0,7944,49402,2023-09-16,473202,False,desktop,positive,#reels #fashion #music,0.36225254,3,17896.0,2023,9,September,Saturday,48928.41351888668,56+
99709,45.0,female,germany,100184,image,travel,12922.0,1253.0,1822.0,1306,73773,2023-10-27,335671,False,mobile,negative,#love #fun #fashion,0.21684085,3,15997.0,2023,10,October,Friday,48605.40612244898,36–45
64869,34.0,male,usa,589139,image,fashion,19787.0,1367.0,603.0,3142,15865,2022-09-22,216311,False,mobile,positive,#foodie,1.371383549,1,21757.0,2022,9,September,Thursday,51263.87225548902,26–35
73095,62.0,other,uk,221529,reel,education,10383.0,1394.0,448.0,6004,92434,2023-07-18,771804,False,mobile,negative,#travel #reels,0.132256529,2,12225.0,2023,7,July,Tuesday,51119.39350912779,56+
80910,38.0,male,france,861720,video,education,5550.0,555.0,1729.0,5493,74906,2023-04-26,308210,False,mobile,positive,#travel,0.104584412,1,7834.0,2023,4,April,Wednesday,51727.67338709677,36–45
96710,17.0,male,canada,959231,text,fitness,12774.0,1497.0,1440.0,258,66414,2023-02-05,611914,False,desktop,neutral,#fitness #lifestyle #reels,0.233143614,3,15711.0,2023,2,February,Sunday,48703.150097465885,Under 18
33567,51.0,other,canada,155810,reel,music,3207.0,218.0,1895.0,6588,46490,2023-04-05,459340,False,tablet,neutral,#fitness #lifestyle #reels,0.114433211,3,5320.0,2023,4,April,Wednesday,48703.150097465885,46–55
45292,30.0,other,france,703015,video,fashion,3097.0,533.0,860.0,1224,20733,2023-07-20,331942,True,desktop,negative,#fashion #fun #fitness,0.216562967,3,4490.0,2023,7,July,Thursday,51727.67338709677,26–35
84813,50.0,other,japan,300122,reel,fitness,19462.0,2689.0,1411.0,1665,53220,2022-05-13,215981,False,mobile,negative,#tech #travel,0.442728298,2,23562.0,2022,5,May,Friday,49616.13559322034,46–55
61631,49.0,female,india,564829,text,education,19022.0,2566.0,1361.0,1403,40535,2022-07-10,420456,False,tablet,positive,#travel #foodie,0.566152708,2,22949.0,2022,7,July,Sunday,52462.38691588785,46–55
19885,42.0,female,japan,936978,image,education,11278.0,1495.0,1334.0,1865,79943,2022-05-04,98839,False,desktop,negative,#travel #music,0.17646323,2,14107.0,2022,5,May,Wednesday,49616.13559322034,36–45
69659,63.0,other,uk,659408,video,fitness,19330.0,1373.0,1943.0,7760,7457,2023-03-07,673180,False,mobile,neutral,#tech,3.036878101,1,22646.0,2023,3,March,Tuesday,51119.39350912779,56+
64306,43.0,female,germany,803844,video,lifestyle,19855.0,1497.0,1951.0,765,68189,2022-08-06,50251,False,desktop,neutral,#reels #fitness,0.320418249,2,23303.0,2022,8,August,Saturday,48605.40612244898,36–45
76314,22.0,male,canada,815923,reel,fashion,1624.0,64.0,1352.0,7582,28920,2023-02-07,623425,False,mobile,positive,#lifestyle #fashion #travel,0.105117566,3,3040.0,2023,2,February,Tuesday,48703.150097465885,18–25
75087,27.0,other,usa,437180,reel,lifestyle,15968.0,245.0,1070.0,64,20587,2022-11-18,797733,False,desktop,positive,#fitness,0.839510371,1,17283.0,2022,11,November,Friday,51263.87225548902,26–35
39165,54.0,male,japan,180528,image,education,11149.0,986.0,655.0,3449,79607,2022-10-28,232350,False,desktop,positive,#love,0.160664263,1,12790.0,2022,10,October,Friday,49616.13559322034,46–55
68929,60.0,other,germany,286185,reel,lifestyle,9717.0,1608.0,148.0,2705,22288,2022-03-12,647837,True,desktop,positive,#fitness,0.514761307,1,11473.0,2022,3,March,Saturday,48605.40612244898,56+
77028,56.0,male,brazil,284168,text,music,17866.0,1724.0,349.0,5765,78516,2022-08-02,253987,True,mobile,positive,#tech #fashion,0.25394824,2,19939.0,2022,8,August,Tuesday,49193.1746031746,56+
59812,30.0,other,india,634421,text,food,16642.0,2205.0,322.0,7269,31410,2023-06-29,482955,False,tablet,positive,#fitness #tech #lifestyle,0.610283349,3,19169.0,2023,6,June,Thursday,52462.38691588785,26–35
60500,35.0,male,france,761765,text,food,13640.0,2985.0,864.0,7144,4664,2023-01-09,742942,False,tablet,neutral,#tech,3.749785592,1,17489.0,2023,1,January,Monday,51727.67338709677,26–35
89151,45.0,other,germany,837770,text,lifestyle,16837.0,1498.0,1012.0,6185,88735,2022-12-02,390550,False,mobile,negative,#foodie #travel,0.228602017,2,19347.0,2022,12,December,Friday,48605.40612244898,36–45
68643,28.0,other,india,721281,image,lifestyle,8990.0,1048.0,1143.0,4974,94758,2022-06-20,587277,False,tablet,positive,#tech #fun #foodie,0.117995314,3,11181.0,2022,6,June,Monday,52462.38691588785,26–35
54900,50.0,female,india,215742,image,music,18895.0,2872.0,1004.0,195,20162,2022-12-10,487887,False,tablet,positive,#fitness #love,1.129401845,2,22771.0,2022,12,December,Saturday,52462.38691588785,46–55
52946,47.0,male,canada,772445,image,fitness,4170.0,159.0,397.0,1383,79771,2023-04-01,532399,False,desktop,negative,#fitness #fashion,0.059244588,2,4726.0,2023,4,April,Saturday,48703.150097465885,46–55
17851,46.0,female,canada,659990,reel,lifestyle,5136.0,2865.0,645.0,5891,12515,2023-02-14,433323,False,desktop,negative,#tech #music,0.690850979,2,8646.0,2023,2,February,Tuesday,48703.150097465885,46–55
26288,40.0,male,uk,875435,image,travel,1712.0,1004.0,1220.0,7266,69341,2022-10-28,232958,False,mobile,neutral,#fun #foodie #music,0.056762954,3,3936.0,2022,10,October,Friday,51119.39350912779,36–45
82692,14.0,female,brazil,244574,video,fashion,2002.0,2122.0,412.0,2435,9144,2023-05-11,286602,False,mobile,neutral,#tech,0.496062992,1,4536.0,2023,5,May,Thursday,49193.1746031746,Under 18
77580,42.0,other,france,408623,video,travel,8151.0,2185.0,1462.0,4160,37050,2022-10-18,233950,False,desktop,neutral,#fitness,0.318434548,1,11798.0,2022,10,October,Tuesday,51727.67338709677,36–45
17368,25.0,female,india,703672,video,food,15670.0,1941.0,36.0,5416,20449,2023-03-13,651556,False,mobile,negative,#fun #fashion #music,0.862976185,3,17647.0,2023,3,March,Monday,52462.38691588785,18–25
95436,53.0,female,uk,187957,reel,travel,6254.0,478.0,186.0,1450,38068,2022-04-12,411454,False,mobile,positive,#fun #fitness #travel,0.181727435,3,6918.0,2022,4,April,Tuesday,51119.39350912779,46–55
56403,28.0,other,uae,376570,reel,tech,19711.0,2600.0,419.0,222,22817,2022-01-10,416045,False,tablet,neutral,#lifestyle #fitness #love,0.996187054,3,22730.0,2022,1,January,Monday,48928.41351888668,26–35
19168,17.0,female,japan,563447,image,tech,10473.0,1326.0,724.0,7924,62363,2022-02-10,746620,False,mobile,neutral,#fashion,0.200808172,1,12523.0,2022,2,February,Thursday,49616.13559322034,Under 18
96497,40.0,other,australia,869867,text,food,15303.0,386.0,1483.0,7862,57017,2023-01-05,286881,False,mobile,positive,#travel,0.301173334,1,17172.0,2023,1,January,Thursday,48346.38336713996,36–45
59879,51.0,male,india,933297,video,travel,19495.0,471.0,1133.0,7058,38471,2022-05-06,417480,False,desktop,negative,#love #tech #reels,0.548439084,3,21099.0,2022,5,May,Friday,52462.38691588785,46–55
69871,57.0,female,uk,671692,reel,fashion,13761.0,308.0,186.0,7316,70110,2023-01-18,127807,False,mobile,positive,#foodie,0.203323349,1,14255.0,2023,1,January,Wednesday,51119.39350912779,56+
99388,32.0,other,brazil,715534,video,music,8918.0,2934.0,470.0,5628,8747,2022-11-23,328699,False,desktop,neutral,#lifestyle #foodie,1.408711558,2,12322.0,2022,11,November,Wednesday,49193.1746031746,26–35
42174,36.0,other,canada,943855,image,food,1831.0,700.0,1101.0,441,14290,2023-03-26,738963,True,mobile,neutral,#music,0.254163751,1,3632.0,2023,3,March,Sunday,48703.150097465885,36–45
16581,39.0,female,india,190947,reel,tech,1821.0,1921.0,1983.0,1437,80305,2023-06-07,762265,True,tablet,positive,#music #fashion,0.071290704,2,5725.0,2023,6,June,Wednesday,52462.38691588785,36–45
81853,42.0,male,india,567595,text,food,1816.0,1852.0,1962.0,3187,98633,2023-12-08,426952,False,desktop,neutral,#music #reels,0.057080288,2,5630.0,2023,12,December,Friday,52462.38691588785,36–45
74046,57.0,female,germany,131152,text,travel,15878.0,2999.0,1397.0,4998,23291,2023-06-16,16601,False,mobile,neutral,#fashion,0.870464986,1,20274.0,2023,6,June,Friday,48605.40612244898,56+
59678,39.0,other,brazil,466014,reel,travel,16475.0,2017.0,1012.0,6596,98359,2022-09-30,150827,False,mobile,positive,#fashion #music #reels,0.196230137,3,19504.0,2022,9,September,Friday,49193.1746031746,36–45
36649,38.0,male,france,392881,text,travel,3432.0,1078.0,329.0,2367,37887,2023-05-17,749425,True,tablet,positive,#reels #lifestyle #love,0.12772191,3,4839.0,2023,5,May,Wednesday,51727.67338709677,36–45
98668,19.0,female,canada,678613,image,fitness,18353.0,785.0,1148.0,4865,52610,2023-05-02,584487,False,mobile,neutral,#fun #travel #fitness,0.385592093,3,20286.0,2023,5,May,Tuesday,48703.150097465885,18–25
92325,54.0,other,india,269839,text,travel,15482.0,1478.0,1339.0,882,80940,2022-08-15,671212,False,tablet,negative,#fitness,0.226081048,1,18299.0,2022,8,August,Monday,52462.38691588785,46–55
24567,59.0,female,japan,324864,video,lifestyle,18768.0,2352.0,957.0,7159,82779,2022-08-15,127813,False,desktop,neutral,#fitness #fun,0.266698076,2,22077.0,2022,8,August,Monday,49616.13559322034,56+
90404,50.0,male,canada,857530,video,tech,3679.0,101.0,319.0,450,61985,2022-12-07,456657,False,desktop,positive,#love,0.066128902,1,4099.0,2022,12,December,Wednesday,48703.150097465885,46–55
99906,17.0,male,japan,757362,video,education,16986.0,774.0,474.0,7039,34234,2022-09-29,518015,False,mobile,negative,#fun #tech,0.532628381,2,18234.0,2022,9,September,Thursday,49616.13559322034,Under 18
71944,35.0,male,australia,968591,reel,tech,16811.0,1231.0,1512.0,5198,25000,2023-01-30,404297,False,desktop,negative,#love #music,0.78216,2,19554.0,2023,1,January,Monday,48346.38336713996,26–35
88002,40.0,male,france,815597,reel,fitness,8198.0,1338.0,825.0,742,65802,2022-05-04,579679,False,tablet,positive,#tech,0.15745722,1,10361.0,2022,5,May,Wednesday,51727.67338709677,36–45
38803,46.0,male,australia,417857,reel,tech,6263.0,571.0,513.0,6500,85684,2022-07-14,545859,False,tablet,neutral,#love,0.085745297,1,7347.0,2022,7,July,Thursday,48346.38336713996,46–55
28230,27.0,female,india,141815,reel,tech,18818.0,147.0,333.0,7286,58024,2023-08-06,549671,False,mobile,negative,#music #fashion,0.332586516,2,19298.0,2023,8,August,Sunday,52462.38691588785,26–35
27862,44.0,male,germany,558213,reel,food,17757.0,1822.0,1094.0,5705,72986,2022-06-22,112015,False,tablet,negative,#lifestyle,0.283246102,1,20673.0,2022,6,June,Wednesday,48605.40612244898,36–45
53355,38.0,male,france,554075,image,education,8832.0,596.0,464.0,1544,95146,2022-07-22,64781,True,tablet,positive,#reels,0.103966536,1,9892.0,2022,7,July,Friday,51727.67338709677,36–45
41259,60.0,other,germany,869589,reel,education,11954.0,977.0,1399.0,3350,38563,2022-02-02,430817,False,tablet,negative,#lifestyle #fashion #fun,0.37159972,3,14330.0,2022,2,February,Wednesday,48605.40612244898,56+
97445,43.0,male,uk,818596,text,travel,5162.0,1070.0,723.0,2829,96170,2022-07-30,168383,False,mobile,neutral,#reels #fun,0.07231985,2,6955.0,2022,7,July,Saturday,51119.39350912779,36–45
40795,31.0,other,uae,449931,image,lifestyle,3811.0,2546.0,7.0,2613,44687,2023-11-25,765723,False,desktop,positive,#fashion #reels,0.142412782,2,6364.0,2023,11,November,Saturday,48928.41351888668,26–35
18770,21.0,other,brazil,611098,reel,lifestyle,3306.0,154.0,1719.0,1915,60297,2022-02-20,526311,False,tablet,neutral,#love #fun,0.085891504,2,5179.0,2022,2,February,Sunday,49193.1746031746,18–25
21093,41.0,other,uk,440387,text,food,8637.0,229.0,163.0,7212,57304,2023-02-11,10950,False,desktop,positive,#tech,0.157563172,1,9029.0,2023,2,February,Saturday,51119.39350912779,36–45
56571,63.0,female,australia,582869,image,lifestyle,10105.5,1497.0,1988.0,1248,25848,2023-06-25,704659,False,desktop,positive,#fitness #love,0.552383163,2,13590.5,2023,6,June,Sunday,48346.38336713996,56+
10193,51.0,female,japan,122743,video,food,14218.0,922.0,780.0,527,41831,2023-06-02,543798,False,mobile,neutral,#foodie #fashion #lifestyle,0.380578996,3,15920.0,2023,6,June,Friday,49616.13559322034,46–55
27569,16.0,other,australia,943171,image,education,8704.0,2615.0,1318.0,4819,66563,2022-05-13,133328,False,mobile,neutral,#music #lifestyle,0.189850217,2,12637.0,2022,5,May,Friday,48346.38336713996,Under 18
21190,15.0,female,france,743780,reel,education,15885.0,1174.0,1012.0,7879,76736,2022-04-06,712692,False,desktop,negative,#foodie #love #fitness,0.226959967,3,18071.0,2022,4,April,Wednesday,51727.67338709677,Under 18
72824,41.0,male,france,984588,image,music,1401.0,2346.0,80.0,240,78879,2023-02-28,458888,False,mobile,positive,#foodie,0.048517349,1,3827.0,2023,2,February,Tuesday,51727.67338709677,36–45
52752,64.0,female,australia,754563,image,education,10004.0,1246.0,773.0,6757,30878,2022-03-23,272152,False,desktop,negative,#fashion,0.389371073,1,12023.0,2022,3,March,Wednesday,48346.38336713996,56+
42327,23.0,male,india,312204,video,lifestyle,545.0,765.0,1298.0,7649,41665,2022-11-11,273577,False,tablet,neutral,#music,0.062594504,1,2608.0,2022,11,November,Friday,52462.38691588785,18–25
52070,45.0,male,australia,130339,image,tech,2533.0,2612.0,920.0,2142,77734,2023-12-30,651756,False,desktop,positive,#fashion,0.078022487,1,6065.0,2023,12,December,Saturday,48346.38336713996,36–45
95925,50.0,female,france,134121,image,education,2009.0,466.0,898.0,364,53346,2022-10-07,497885,False,desktop,positive,#fashion,0.063228733,1,3373.0,2022,10,October,Friday,51727.67338709677,46–55
50197,23.0,female,france,536211,video,music,5901.0,485.0,1640.0,1208,47286,2023-10-05,593551,False,tablet,positive,#love #lifestyle,0.169733113,2,8026.0,2023,10,October,Thursday,51727.67338709677,18–25
12261,39.0,other,canada,476276,reel,fashion,4085.0,1575.0,1844.0,5255,47752,2022-03-27,287451,False,mobile,positive,#lifestyle,0.15714525,1,7504.0,2022,3,March,Sunday,48703.150097465885,36–45
36512,45.0,female,usa,141446,text,travel,2215.0,443.0,1563.0,4120,46658,2023-01-01,700586,False,desktop,positive,#music,0.090466801,1,4221.0,2023,1,January,Sunday,51263.87225548902,36–45
16716,33.0,female,germany,349380,image,fashion,16041.0,1877.0,921.0,6056,31344,2023-01-01,602658,False,mobile,positive,#travel #love,0.601040071,2,18839.0,2023,1,January,Sunday,48605.40612244898,26–35
96795,51.0,female,uk,226530,video,tech,15763.0,904.0,1070.0,2365,25677,2022-04-03,127637,False,tablet,negative,#fashion #fun,0.690773844,2,17737.0,2022,4,April,Sunday,51119.39350912779,46–55
38933,43.0,male,australia,538894,image,fitness,2184.0,2910.0,1415.0,6476,85993,2022-03-12,158167,False,desktop,positive,#lifestyle #travel,0.075692208,2,6509.0,2022,3,March,Saturday,48346.38336713996,36–45
14378,50.0,male,canada,860528,reel,food,10354.0,1801.0,824.0,2961,66049,2022-11-22,139448,False,desktop,negative,#music #tech,0.196505625,2,12979.0,2022,11,November,Tuesday,48703.150097465885,46–55
50583,58.0,male,india,573468,reel,music,1275.0,925.0,1590.0,4657,29486,2023-05-22,553324,False,desktop,positive,#fitness #lifestyle,0.128535576,2,3790.0,2023,5,May,Monday,52462.38691588785,56+
95371,14.0,other,france,458486,video,lifestyle,9504.0,1977.0,1017.0,4776,63767,2022-11-22,235638,False,desktop,positive,#fitness #reels #lifestyle,0.195994794,3,12498.0,2022,11,November,Tuesday,51727.67338709677,Under 18
39033,39.0,other,australia,183404,text,lifestyle,10105.5,291.0,1102.0,7969,22412,2022-07-10,272631,False,mobile,neutral,#lifestyle #music #reels,0.219346779,3,11498.5,2022,7,July,Sunday,48346.38336713996,36–45
34000,48.0,other,france,410062,text,tech,8707.0,1233.0,1536.0,2147,84034,2022-08-02,105314,False,mobile,neutral,#reels #fashion #foodie,0.136563772,3,11476.0,2022,8,August,Tuesday,51727.67338709677,46–55
85868,23.0,male,japan,196666,image,lifestyle,1019.0,1834.0,679.0,2417,8818,2022-02-16,446207,False,tablet,positive,#fitness #fun,0.400544341,2,3532.0,2022,2,February,Wednesday,49616.13559322034,18–25
52604,59.0,female,canada,608594,video,tech,1049.0,751.0,1046.0,1616,65636,2023-12-31,749628,False,mobile,positive,#fun #fitness #reels,0.043360351,3,2846.0,2023,12,December,Sunday,48703.150097465885,56+
78336,30.0,other,australia,288307,text,music,13381.0,1234.0,1251.0,1035,17555,2022-03-30,25360,False,desktop,positive,#music #travel,0.903788095,2,15866.0,2022,3,March,Wednesday,48346.38336713996,26–35
83869,13.0,other,japan,630413,reel,fashion,2340.0,2922.0,437.0,719,47178,2022-08-15,509087,False,tablet,neutral,#tech #lifestyle,0.120797829,2,5699.0,2022,8,August,Monday,49616.13559322034,Under 18
15410,47.0,male,uae,338580,text,fitness,9449.0,662.0,1321.0,6220,15642,2023-02-01,691443,False,desktop,positive,#travel #reels,0.730852832,2,11432.0,2023,2,February,Wednesday,48928.41351888668,46–55
93375,47.0,other,canada,876716,video,food,18662.0,1419.0,1999.0,4682,65337,2022-08-05,716865,True,desktop,positive,#fashion #lifestyle #fitness,0.337940218,3,22080.0,2022,8,August,Friday,48703.150097465885,46–55
66044,43.0,female,australia,489566,reel,lifestyle,15622.0,1584.0,945.0,973,11870,2022-10-28,183418,False,tablet,negative,#fun #lifestyle,1.529149115,2,18151.0,2022,10,October,Friday,48346.38336713996,36–45
73315,40.0,male,australia,802871,image,fitness,2985.0,919.0,1283.0,6825,3677,2023-02-20,341669,False,desktop,positive,#music #love #fashion,1.410660865,3,5187.0,2023,2,February,Monday,48346.38336713996,36–45
81344,51.0,male,brazil,333084,reel,fitness,12061.0,908.0,775.0,1846,34577,2022-06-19,695990,False,desktop,negative,#travel #lifestyle #tech,0.397489661,3,13744.0,2022,6,June,Sunday,49193.1746031746,46–55
16796,13.0,female,canada,391190,text,fitness,5705.0,123.0,675.0,1371,14422,2022-12-31,755822,False,tablet,positive,#fashion,0.450908334,1,6503.0,2022,12,December,Saturday,48703.150097465885,Under 18
96716,37.0,female,canada,319368,text,travel,17528.0,67.0,9.0,1466,38985,2022-08-20,218062,False,mobile,positive,#lifestyle #fun #music,0.451558292,3,17604.0,2022,8,August,Saturday,48703.150097465885,36–45
64245,55.0,female,france,484762,text,fitness,705.0,474.0,1651.0,690,57913,2023-09-12,420374,False,tablet,neutral,#fun,0.048866403,1,2830.0,2023,9,September,Tuesday,51727.67338709677,46–55
53056,50.0,other,australia,634402,image,education,18808.0,357.0,157.0,87,51542,2022-11-24,291497,False,tablet,negative,#music,0.37487874,1,19322.0,2022,11,November,Thursday,48346.38336713996,46–55
27709,32.0,female,germany,100637,text,tech,18318.0,1766.0,867.0,2512,8628,2022-08-21,323060,False,tablet,positive,#fitness #reels,2.428256838,2,20951.0,2022,8,August,Sunday,48605.40612244898,26–35
68557,15.0,male,germany,662922,video,travel,2484.0,1479.0,783.0,3848,73606,2023-11-13,705497,False,mobile,positive,#fashion,0.064478439,1,4746.0,2023,11,November,Monday,48605.40612244898,Under 18
27543,63.0,female,germany,450857,image,education,1745.0,1369.0,1181.0,493,17239,2023-10-09,154704,False,tablet,positive,#reels #love #foodie,0.249144382,3,4295.0,2023,10,October,Monday,48605.40612244898,56+
47418,14.0,male,uae,660064,reel,travel,16216.0,1953.0,319.0,1245,97500,2023-10-05,700556,False,mobile,neutral,#foodie,0.189620513,1,18488.0,2023,10,October,Thursday,48928.41351888668,Under 18
26724,30.0,male,australia,778960,text,fitness,9161.0,2568.0,1899.0,6116,75547,2022-02-06,300599,False,desktop,negative,#music #tech #travel,0.180391015,3,13628.0,2022,2,February,Sunday,48346.38336713996,26–35
13828,56.0,other,australia,388953,video,lifestyle,18930.0,1906.0,1225.0,7682,7312,2023-02-06,263502,False,tablet,negative,#lifestyle #reels #travel,3.017095186,3,22061.0,2023,2,February,Monday,48346.38336713996,56+
27087,22.0,female,japan,552685,video,lifestyle,13974.0,832.0,120.0,1141,34967,2023-09-28,361914,False,desktop,positive,#fitness,0.42685961,1,14926.0,2023,9,September,Thursday,49616.13559322034,18–25
22605,17.0,other,brazil,662656,image,lifestyle,777.0,2671.0,138.0,4231,64762,2023-03-02,119783,False,desktop,negative,#fun,0.055371977,1,3586.0,2023,3,March,Thursday,49193.1746031746,Under 18
41337,21.0,female,canada,177185,video,lifestyle,9525.0,1353.0,673.0,977,98816,2023-02-12,458373,False,mobile,positive,#fitness #lifestyle,0.116894025,2,11551.0,2023,2,February,Sunday,48703.150097465885,18–25
15482,14.0,female,france,505096,image,tech,10309.0,2474.0,1743.0,2234,93824,2022-08-05,18339,False,desktop,negative,#music #foodie,0.154821794,2,14526.0,2022,8,August,Friday,51727.67338709677,Under 18
75333,46.0,female,brazil,576535,image,music,10580.0,1008.0,1590.0,541,47772,2022-06-19,765116,False,desktop,negative,#travel #fashion,0.275851963,2,13178.0,2022,6,June,Sunday,49193.1746031746,46–55
98296,50.0,male,japan,356286,image,lifestyle,3114.0,442.0,1362.0,6722,81782,2023-09-02,786456,False,tablet,neutral,#travel #tech #fashion,0.060135482,3,4918.0,2023,9,September,Saturday,49616.13559322034,46–55
60952,43.0,female,australia,812515,reel,food,12405.0,600.0,1283.0,7478,60724,2022-12-24,57723,True,desktop,neutral,#fun #tech,0.235294118,2,14288.0,2022,12,December,Saturday,48346.38336713996,36–45
15463,22.0,male,uk,478337,reel,fitness,2936.0,2809.0,1456.0,5025,3093,2022-07-05,269976,False,tablet,positive,#tech,2.328160362,1,7201.0,2022,7,July,Tuesday,51119.39350912779,18–25
80448,62.0,male,canada,712050,video,travel,1345.0,1474.0,43.0,1402,11754,2023-12-26,628744,False,desktop,neutral,#fun #reels #foodie,0.243491577,3,2862.0,2023,12,December,Tuesday,48703.150097465885,56+
14648,24.0,female,uae,206745,reel,food,2041.0,486.0,1182.0,810,346,2023-11-10,249207,False,mobile,positive,#fitness #tech,10.71965318,2,3709.0,2023,11,November,Friday,48928.41351888668,18–25
43623,48.0,male,germany,427460,image,lifestyle,14330.0,2786.0,815.0,4507,56814,2022-06-10,20112,False,desktop,positive,#love,0.315608829,1,17931.0,2022,6,June,Friday,48605.40612244898,46–55
69156,33.0,other,uae,695144,image,food,13198.0,2695.0,1378.0,3492,44838,2022-10-11,685126,False,mobile,positive,#reels #tech,0.385186672,2,17271.0,2022,10,October,Tuesday,48928.41351888668,26–35
45634,61.0,other,australia,401355,reel,travel,19058.0,2943.0,97.0,4312,39845,2022-07-03,363500,False,tablet,neutral,#lifestyle #love #fitness,0.554599071,3,22098.0,2022,7,July,Sunday,48346.38336713996,56+
54602,59.0,other,japan,447613,video,lifestyle,7504.0,2052.0,1561.0,6813,56758,2023-06-21,776720,False,tablet,negative,#reels #love #fitness,0.195866662,3,11117.0,2023,6,June,Wednesday,49616.13559322034,56+
59334,18.0,female,uk,965362,image,food,9747.0,631.0,1894.0,7238,90623,2022-05-22,110075,False,desktop,positive,#tech,0.135418161,1,12272.0,2022,5,May,Sunday,51119.39350912779,Under 18
78648,60.0,female,india,860616,reel,tech,17073.0,1754.0,1733.0,4925,56347,2023-11-26,363063,False,desktop,positive,#foodie #fun,0.364881893,2,20560.0,2023,11,November,Sunday,52462.38691588785,56+
32054,61.0,male,germany,403561,text,tech,119.0,2924.0,1632.0,1133,95871,2023-08-19,133705,False,tablet,positive,#fitness #music #fashion,0.048763443,3,4675.0,2023,8,August,Saturday,48605.40612244898,56+
80028,15.0,male,france,840018,video,fitness,6169.0,1578.0,238.0,4380,79292,2022-08-19,567570,False,tablet,neutral,#reels #lifestyle #music,0.100703728,3,7985.0,2022,8,August,Friday,51727.67338709677,Under 18
32207,22.0,male,australia,293899,video,music,5832.0,1211.0,474.0,7026,15278,2023-04-13,469613,False,tablet,negative,#travel #foodie #love,0.492014662,3,7517.0,2023,4,April,Thursday,48346.38336713996,18–25
90650,17.0,other,usa,906951,video,fitness,14649.0,25.0,523.0,4865,29006,2023-01-23,112461,False,mobile,positive,#reels #fashion #love,0.523926084,3,15197.0,2023,1,January,Monday,51263.87225548902,Under 18
91554,58.0,other,uk,894415,text,education,12246.0,2209.0,556.0,7769,2789,2022-06-07,22285,False,desktop,neutral,#lifestyle #tech,5.382215848,2,15011.0,2022,6,June,Tuesday,51119.39350912779,56+
31386,38.0,other,uk,668944,image,food,1613.0,2792.0,1415.0,5992,33455,2022-11-14,679291,False,tablet,positive,#fitness #tech,0.173965028,2,5820.0,2022,11,November,Monday,51119.39350912779,36–45
93276,33.0,other,canada,892067,video,travel,15575.0,2580.0,8.0,568,67104,2022-07-04,116552,False,tablet,negative,#fun #reels #lifestyle,0.270669409,3,18163.0,2022,7,July,Monday,48703.150097465885,26–35
69518,57.0,male,uae,988805,reel,tech,7623.0,2930.0,1536.0,3000,65868,2023-02-25,331648,False,desktop,positive,#tech #foodie #fun,0.183533734,3,12089.0,2023,2,February,Saturday,48928.41351888668,56+
62781,38.0,male,germany,990987,video,fashion,3033.0,2457.0,1412.0,1321,39753,2022-07-02,538207,False,desktop,positive,#travel #fitness #tech,0.173622117,3,6902.0,2022,7,July,Saturday,48605.40612244898,36–45
62780,50.0,female,australia,472027,reel,music,19320.0,1663.0,1862.0,7666,14332,2023-08-20,661921,False,mobile,positive,#music #love,1.593985487,2,22845.0,2023,8,August,Sunday,48346.38336713996,46–55
71440,56.0,other,usa,348945,video,fitness,5659.0,1096.0,1233.0,6704,89160,2023-07-31,145238,False,tablet,negative,#foodie #fitness #reels,0.089591745,3,7988.0,2023,7,July,Monday,51263.87225548902,56+
54199,38.0,female,germany,250694,reel,education,12255.0,1256.0,1077.0,2744,16793,2022-02-21,560319,False,desktop,neutral,#music #foodie,0.86869529,2,14588.0,2022,2,February,Monday,48605.40612244898,36–45
71035,20.0,female,japan,616356,reel,tech,12080.0,2902.0,615.0,6854,90100,2022-01-03,200545,False,mobile,neutral,#foodie #lifestyle,0.173107658,2,15597.0,2022,1,January,Monday,49616.13559322034,18–25
18210,17.0,female,usa,859401,reel,education,11976.0,1129.0,151.0,4625,25619,2022-03-18,581247,False,tablet,negative,#fashion #fun #reels,0.517428471,3,13256.0,2022,3,March,Friday,51263.87225548902,Under 18
54363,27.0,other,brazil,174975,text,lifestyle,10818.0,900.0,409.0,7365,91119,2023-10-09,197880,False,mobile,neutral,#love,0.133089696,1,12127.0,2023,10,October,Monday,49193.1746031746,26–35
88279,28.0,male,brazil,979877,text,food,15718.0,8.0,9.0,3578,68384,2023-08-05,373808,False,desktop,negative,#music,0.230097684,1,15735.0,2023,8,August,Saturday,49193.1746031746,26–35
70348,13.0,male,uk,160666,text,education,9341.0,49.0,956.0,6632,43585,2023-11-05,202404,False,mobile,positive,#reels,0.237375244,1,10346.0,2023,11,November,Sunday,51119.39350912779,Under 18
65284,28.0,female,japan,463021,image,music,15196.0,1545.0,551.0,1767,67236,2023-08-31,478293,False,tablet,neutral,#foodie,0.257183652,1,17292.0,2023,8,August,Thursday,49616.13559322034,26–35
82124,49.0,male,brazil,418149,reel,tech,16296.0,441.0,555.0,2074,69459,2022-01-16,608771,False,desktop,negative,#reels #fun #fashion,0.24895262,3,17292.0,2022,1,January,Sunday,49193.1746031746,46–55
78847,15.0,male,uk,853789,image,tech,19542.0,1801.0,879.0,2043,29127,2022-08-18,127597,False,tablet,positive,#fun #fitness #lifestyle,0.762934734,3,22222.0,2022,8,August,Thursday,51119.39350912779,Under 18
32432,64.0,other,uae,732013,text,food,14134.0,1613.0,267.0,1141,64407,2022-09-24,635520,False,mobile,neutral,#travel,0.24863757,1,16014.0,2022,9,September,Saturday,48928.41351888668,56+
74089,59.0,other,australia,242475,reel,fitness,12241.0,2083.0,1013.0,1077,37798,2022-11-02,250786,False,mobile,positive,#foodie #tech,0.40576221,2,15337.0,2022,11,November,Wednesday,48346.38336713996,56+
65398,43.0,female,uk,684765,image,fitness,455.0,2165.0,1813.0,4599,5829,2022-01-06,522480,False,mobile,positive,#reels #lifestyle,0.760507806,2,4433.0,2022,1,January,Thursday,51119.39350912779,36–45
13321,25.0,female,australia,986837,text,fashion,7643.0,701.0,666.0,6120,57243,2022-04-20,407698,False,desktop,positive,#foodie #lifestyle,0.157399158,2,9010.0,2022,4,April,Wednesday,48346.38336713996,18–25
91348,28.0,female,japan,606201,image,music,4620.0,753.0,450.0,151,46032,2022-05-23,59945,False,mobile,positive,#fitness #reels #tech,0.126498957,3,5823.0,2022,5,May,Monday,49616.13559322034,26–35
47383,55.0,other,canada,689323,image,fashion,8867.0,1828.0,593.0,4832,15166,2023-10-29,552352,False,desktop,positive,#love #tech,0.744296453,2,11288.0,2023,10,October,Sunday,48703.150097465885,46–55
88682,33.0,male,germany,788263,text,fitness,16126.0,1535.0,1220.0,478,18120,2022-07-26,594857,False,mobile,negative,#travel,1.041997792,1,18881.0,2022,7,July,Tuesday,48605.40612244898,26–35
89190,14.0,other,uk,585705,reel,fitness,10105.5,229.0,397.0,3233,79066,2023-03-05,731335,False,mobile,positive,#foodie #tech #love,0.072407862,3,10731.5,2023,3,March,Sunday,51119.39350912779,Under 18
62893,39.0,other,uk,762671,video,music,13887.0,559.0,920.0,1685,62276,2022-06-15,542042,False,desktop,negative,#music,0.246740317,1,15366.0,2022,6,June,Wednesday,51119.39350912779,36–45
45820,50.0,male,australia,543827,video,education,10546.0,1173.0,1075.0,5335,67426,2022-09-17,570306,False,desktop,neutral,#fun #tech #foodie,0.189748762,3,12794.0,2022,9,September,Saturday,48346.38336713996,46–55
76262,38.0,male,brazil,721849,image,music,15435.0,1878.0,1758.0,6974,68780,2023-11-16,674160,False,desktop,neutral,#travel #love #tech,0.277275371,3,19071.0,2023,11,November,Thursday,49193.1746031746,36–45
13760,50.0,female,brazil,644903,image,fitness,59.0,2255.0,1492.0,3491,39835,2023-01-29,250123,False,tablet,negative,#fashion #tech,0.095544119,2,3806.0,2023,1,January,Sunday,49193.1746031746,46–55
32190,58.0,male,uk,418952,image,fitness,12673.0,1084.0,1391.0,1371,95802,2022-05-01,88259,False,mobile,positive,#travel,0.158117785,1,15148.0,2022,5,May,Sunday,51119.39350912779,56+
77411,37.0,male,brazil,133580,reel,tech,5531.0,1140.0,1397.0,5459,49407,2023-02-17,51577,False,tablet,negative,#music #fitness #reels,0.163296699,3,8068.0,2023,2,February,Friday,49193.1746031746,36–45
33377,23.0,male,brazil,223731,image,fashion,2764.0,238.0,1082.0,3900,23398,2022-05-20,649524,False,mobile,positive,#travel #music #foodie,0.174544833,3,4084.0,2022,5,May,Friday,49193.1746031746,18–25
56737,20.0,male,uk,454000,image,food,1794.0,2914.0,293.0,4945,41993,2022-06-17,772711,False,mobile,positive,#love #reels,0.119091277,2,5001.0,2022,6,June,Friday,51119.39350912779,18–25
79569,20.0,female,uae,142898,image,music,10105.5,2095.0,787.0,2601,90787,2022-03-25,602280,False,mobile,positive,#lifestyle,0.149834227,1,12987.5,2022,3,March,Friday,48928.41351888668,18–25
48211,45.0,female,uae,779312,text,travel,5686.0,1471.0,1869.0,3423,42511,2023-02-25,98084,False,mobile,negative,#travel,0.212321517,1,9026.0,2023,2,February,Saturday,48928.41351888668,36–45
92909,19.0,male,india,182790,video,food,19871.0,2804.0,1811.0,1696,54415,2023-12-07,144575,False,tablet,negative,#fitness #lifestyle,0.449986217,2,24486.0,2023,12,December,Thursday,52462.38691588785,18–25
13744,50.0,male,uae,639515,video,music,14675.0,1491.0,951.0,3657,21032,2022-09-25,479571,False,mobile,neutral,#fitness #lifestyle,0.813855078,2,17117.0,2022,9,September,Sunday,48928.41351888668,46–55
34995,33.0,female,india,506976,text,lifestyle,4987.0,1316.0,868.0,3976,38106,2022-02-07,491794,False,tablet,negative,#travel,0.188185588,1,7171.0,2022,2,February,Monday,52462.38691588785,26–35
26977,20.0,female,japan,370970,reel,music,19805.0,2045.0,109.0,1398,56768,2022-10-30,160687,False,desktop,neutral,#travel #lifestyle,0.386820039,2,21959.0,2022,10,October,Sunday,49616.13559322034,18–25
44542,63.0,male,france,572691,reel,travel,12888.0,516.0,1565.0,5656,78832,2022-12-04,461602,False,tablet,positive,#fitness #foodie,0.189884818,2,14969.0,2022,12,December,Sunday,51727.67338709677,56+
20651,33.0,other,germany,461116,reel,tech,6580.0,204.0,106.0,3980,1039,2022-11-26,525618,False,mobile,positive,#foodie,6.631376323,1,6890.0,2022,11,November,Saturday,48605.40612244898,26–35
88931,32.0,female,france,969645,text,lifestyle,13533.0,2137.0,1012.0,5422,11751,2022-07-18,258342,False,tablet,neutral,#tech #lifestyle #travel,1.419623862,3,16682.0,2022,7,July,Monday,51727.67338709677,26–35
26715,20.0,female,brazil,553648,video,fashion,17757.0,2547.0,296.0,5361,9385,2022-01-05,769428,False,tablet,positive,#music #foodie,2.194992009,2,20600.0,2022,1,January,Wednesday,49193.1746031746,18–25
54409,58.0,female,usa,567212,video,travel,3553.0,1131.0,1875.0,1401,72726,2023-03-08,229947,True,desktop,positive,#fashion #music,0.090187828,2,6559.0,2023,3,March,Wednesday,51263.87225548902,56+
34306,43.0,male,brazil,551420,image,fitness,8144.0,1213.0,838.0,1708,53193,2023-01-06,29884,False,desktop,positive,#fitness #lifestyle #fun,0.191660557,3,10195.0,2023,1,January,Friday,49193.1746031746,36–45
29086,62.0,male,uk,501889,video,lifestyle,9274.0,1784.0,1854.0,1412,27177,2022-04-13,450224,False,desktop,neutral,#foodie #fitness,0.475107628,2,12912.0,2022,4,April,Wednesday,51119.39350912779,56+
24376,41.0,female,uk,717690,reel,tech,12439.0,1382.0,1988.0,6430,69998,2023-03-11,208532,True,mobile,neutral,#foodie,0.22584931,1,15809.0,2023,3,March,Saturday,51119.39350912779,36–45
71350,60.0,male,germany,922590,reel,music,5437.0,1757.0,1118.0,3230,47934,2023-10-12,542323,False,tablet,positive,#fashion #tech,0.173405099,2,8312.0,2023,10,October,Thursday,48605.40612244898,56+
81425,21.0,male,canada,568205,image,music,12277.0,1679.0,1820.0,7521,50713,2023-01-16,395572,False,tablet,neutral,#fun,0.311083943,1,15776.0,2023,1,January,Monday,48703.150097465885,18–25
46636,27.0,female,canada,640192,image,travel,8749.0,6.0,1742.0,5849,59857,2022-03-07,138944,False,desktop,positive,#fashion #travel #fun,0.17536796,3,10497.0,2022,3,March,Monday,48703.150097465885,26–35
96120,42.0,male,canada,225212,video,fitness,13785.0,1885.0,984.0,2502,44833,2023-08-02,242284,False,mobile,neutral,#reels,0.371467446,1,16654.0,2023,8,August,Wednesday,48703.150097465885,36–45
61649,38.0,other,uae,770756,image,lifestyle,5915.0,2369.0,844.0,6056,24419,2022-09-27,683813,False,mobile,neutral,#foodie,0.373807281,1,9128.0,2022,9,September,Tuesday,48928.41351888668,36–45
44610,22.0,male,japan,324978,image,tech,9734.0,2315.0,1707.0,4722,25886,2022-02-16,636826,False,mobile,neutral,#love #fashion #travel,0.531406938,3,13756.0,2022,2,February,Wednesday,49616.13559322034,18–25
20058,41.0,male,brazil,187469,text,music,14703.0,295.0,1495.0,1264,19782,2022-12-31,451825,False,desktop,positive,#fitness,0.833737741,1,16493.0,2022,12,December,Saturday,49193.1746031746,36–45
84637,28.0,female,uk,678327,video,lifestyle,2382.0,2617.0,78.0,7987,67851,2022-06-29,263136,False,mobile,positive,#love #reels,0.074825721,2,5077.0,2022,6,June,Wednesday,51119.39350912779,26–35
88033,48.0,female,usa,851245,reel,travel,9473.0,1410.0,1273.0,2259,6375,2022-03-09,298893,False,mobile,negative,#music,1.906823529,1,12156.0,2022,3,March,Wednesday,51263.87225548902,46–55
80194,32.0,other,usa,628622,text,fitness,4358.0,263.0,729.0,362,61694,2022-04-25,157903,False,mobile,positive,#tech #love #foodie,0.086718319,3,5350.0,2022,4,April,Monday,51263.87225548902,26–35
86917,57.0,male,usa,459140,reel,fashion,8312.0,2137.0,338.0,2645,43891,2022-01-26,36567,False,desktop,neutral,#fashion #fun #tech,0.245767925,3,10787.0,2022,1,January,Wednesday,51263.87225548902,56+
74200,49.0,other,canada,127268,image,education,14031.0,852.0,56.0,6276,70453,2023-07-13,254391,False,desktop,neutral,#tech #fashion,0.212042071,2,14939.0,2023,7,July,Thursday,48703.150097465885,46–55
56619,34.0,other,germany,164636,image,tech,139.0,2535.0,919.0,7947,20586,2022-07-26,409639,False,tablet,neutral,#reels #foodie #fashion,0.174536092,3,3593.0,2022,7,July,Tuesday,48605.40612244898,26–35
27154,19.0,female,canada,908500,reel,travel,7644.0,1364.0,146.0,1532,12910,2022-03-14,179773,True,tablet,positive,#lifestyle,0.709062742,1,9154.0,2022,3,March,Monday,48703.150097465885,18–25
29539,35.0,male,uk,689409,text,music,1815.0,1352.0,1012.0,6420,49502,2022-09-16,667829,False,tablet,positive,#reels #fun #fitness,0.07902711,3,4179.0,2022,9,September,Friday,51119.39350912779,26–35
70058,53.0,female,brazil,485905,text,fitness,4301.0,400.0,1040.0,5384,15127,2023-01-21,344521,False,desktop,positive,#lifestyle #travel #fitness,0.379520063,3,5741.0,2023,1,January,Saturday,49193.1746031746,46–55
72068,52.0,other,brazil,844030,text,fashion,12330.0,356.0,367.0,6748,30435,2022-01-30,313389,False,tablet,positive,#lifestyle,0.428881222,1,13053.0,2022,1,January,Sunday,49193.1746031746,46–55
87313,41.0,other,germany,902717,image,lifestyle,15185.0,2802.0,708.0,7770,73065,2023-02-25,595146,False,mobile,positive,#love,0.255868063,1,18695.0,2023,2,February,Saturday,48605.40612244898,36–45
40373,28.0,female,japan,724827,video,fitness,7285.0,2546.0,1212.0,4752,84187,2022-01-03,473419,False,desktop,positive,#fun,0.131172271,1,11043.0,2022,1,January,Monday,49616.13559322034,26–35
43154,50.0,female,uae,317975,image,education,9220.0,833.0,1667.0,1383,88211,2023-06-05,336488,True,desktop,positive,#lifestyle,0.132863248,1,11720.0,2023,6,June,Monday,48928.41351888668,46–55
16031,40.0,female,usa,621471,reel,fashion,10446.0,434.0,247.0,7831,76968,2023-06-04,80689,False,tablet,positive,#travel,0.144566573,1,11127.0,2023,6,June,Sunday,51263.87225548902,36–45
81975,60.0,female,brazil,124136,text,travel,14150.0,118.0,149.0,666,30684,2023-06-05,317103,False,mobile,neutral,#fashion,0.469853996,1,14417.0,2023,6,June,Monday,49193.1746031746,56+
32785,50.0,female,germany,531003,video,music,10105.5,1022.0,713.0,6279,42345,2023-02-05,440415,False,mobile,negative,#love #fitness,0.242555201,2,11840.5,2023,2,February,Sunday,48605.40612244898,46–55
88928,43.0,other,usa,648713,text,fitness,18803.0,2395.0,1012.0,2812,15177,2023-10-26,144095,False,desktop,negative,#fun,1.478157739,1,22210.0,2023,10,October,Thursday,51263.87225548902,36–45
38669,26.0,female,canada,588217,image,education,3235.0,2586.0,216.0,2475,17952,2023-10-16,44380,False,desktop,negative,#travel,0.336285651,1,6037.0,2023,10,October,Monday,48703.150097465885,26–35
12282,45.0,male,australia,643249,video,fitness,18978.0,1536.0,1029.0,6973,50754,2022-10-01,165869,False,tablet,positive,#lifestyle,0.424459156,1,21543.0,2022,10,October,Saturday,48346.38336713996,36–45
44624,21.0,other,france,264515,video,food,1387.0,1418.0,669.0,3100,61763,2023-04-17,616402,False,mobile,neutral,#fashion #tech,0.056247268,2,3474.0,2023,4,April,Monday,51727.67338709677,18–25
58438,39.0,other,brazil,380967,image,tech,12209.0,1702.0,860.0,6738,6700,2023-01-07,415814,False,desktop,positive,#fashion #travel,2.204626866,2,14771.0,2023,1,January,Saturday,49193.1746031746,36–45
99900,36.0,male,japan,437553,text,fitness,983.0,529.0,1610.0,3401,70450,2023-03-07,485384,False,mobile,negative,#fun #love #travel,0.044315117,3,3122.0,2023,3,March,Tuesday,49616.13559322034,36–45
77534,25.0,male,germany,695411,text,education,14346.0,302.0,1418.0,5015,44497,2023-06-23,413488,False,desktop,positive,#fashion,0.361058049,1,16066.0,2023,6,June,Friday,48605.40612244898,18–25
41705,38.0,other,uae,204249,text,fashion,18506.0,2249.0,1012.0,3105,70680,2022-12-14,367638,False,tablet,neutral,#fitness #lifestyle,0.318916242,2,21767.0,2022,12,December,Wednesday,48928.41351888668,36–45
48244,41.0,female,japan,125852,image,tech,19378.0,155.0,303.0,2551,16511,2022-03-12,4806,False,desktop,positive,#travel #fitness #music,1.201380898,3,19836.0,2022,3,March,Saturday,49616.13559322034,36–45
84964,38.0,other,canada,137535,reel,travel,7548.0,13.0,1581.0,3899,64464,2023-04-27,39614,False,desktop,positive,#fun #music #fashion,0.141815587,3,9142.0,2023,4,April,Thursday,48703.150097465885,36–45
47437,61.0,other,brazil,631292,reel,education,6853.0,2803.0,1434.0,2151,89918,2022-09-13,79900,False,desktop,neutral,#reels,0.123334594,1,11090.0,2022,9,September,Tuesday,49193.1746031746,56+
87872,55.0,male,uk,599248,text,tech,19284.0,1497.0,402.0,6046,41960,2022-04-13,44454,False,tablet,negative,#travel #foodie #reels,0.490324118,3,21183.0,2022,4,April,Wednesday,51119.39350912779,46–55
84878,38.0,other,canada,258895,video,food,775.0,1196.0,1877.0,6637,41908,2022-05-27,720978,False,tablet,neutral,#fitness,0.091820178,1,3848.0,2022,5,May,Friday,48703.150097465885,36–45
82982,40.0,female,uae,729201,reel,music,17119.0,444.0,859.0,7538,65736,2023-11-01,315677,False,tablet,positive,#tech,0.280242181,1,18422.0,2023,11,November,Wednesday,48928.41351888668,36–45
60583,20.0,male,canada,940518,text,travel,17870.0,2169.0,1850.0,387,59549,2022-05-20,187164,False,desktop,positive,#tech,0.36757964,1,21889.0,2022,5,May,Friday,48703.150097465885,18–25
48392,35.0,other,germany,349408,reel,fitness,16779.0,2231.0,379.0,5864,15483,2023-10-17,249326,False,desktop,neutral,#tech,1.252276691,1,19389.0,2023,10,October,Tuesday,48605.40612244898,26–35
17461,41.0,other,japan,107131,text,education,12970.0,1843.0,451.0,7404,86530,2023-09-13,217623,True,mobile,positive,#music #fitness #lifestyle,0.176401248,3,15264.0,2023,9,September,Wednesday,49616.13559322034,36–45
20516,17.0,female,germany,838592,reel,lifestyle,2001.0,2718.0,1252.0,6878,56646,2023-02-27,200873,False,tablet,neutral,#foodie #fun #reels,0.105409032,3,5971.0,2023,2,February,Monday,48605.40612244898,Under 18
89285,54.0,other,usa,912081,reel,travel,11639.0,48.0,693.0,5000,36108,2022-03-05,283523,False,tablet,positive,#tech #fitness,0.342860308,2,12380.0,2022,3,March,Saturday,51263.87225548902,46–55
27514,19.0,male,australia,759459,video,education,14756.0,180.0,1528.0,3161,48716,2022-09-28,387265,False,desktop,positive,#fun,0.337958782,1,16464.0,2022,9,September,Wednesday,48346.38336713996,18–25
46268,54.0,other,japan,544022,video,music,8062.0,1417.0,1618.0,2380,11609,2023-11-29,315128,False,tablet,negative,#lifestyle,0.955896287,1,11097.0,2023,11,November,Wednesday,49616.13559322034,46–55
46788,48.0,other,australia,524787,reel,music,10046.0,2188.0,144.0,376,47015,2023-05-28,446239,True,mobile,positive,#love,0.263277677,1,12378.0,2023,5,May,Sunday,48346.38336713996,46–55
85749,53.0,female,germany,654868,text,travel,4188.0,529.0,49.0,4335,32866,2022-01-07,543410,True,tablet,neutral,#lifestyle #reels,0.145013083,2,4766.0,2022,1,January,Friday,48605.40612244898,46–55
71049,39.0,other,uk,738451,video,food,13886.0,1675.0,1447.0,6873,67124,2023-01-28,25318,False,tablet,positive,#fitness #love #reels,0.253381801,3,17008.0,2023,1,January,Saturday,51119.39350912779,36–45
72493,58.0,other,brazil,194200,image,fashion,6349.0,583.0,1123.0,4277,34321,2022-01-01,386125,False,tablet,positive,#fashion,0.234695959,1,8055.0,2022,1,January,Saturday,49193.1746031746,56+
46027,14.0,other,uae,181118,video,travel,6180.0,2518.0,342.0,1280,51053,2022-09-18,365542,False,mobile,negative,#fun #tech,0.177070887,2,9040.0,2022,9,September,Sunday,48928.41351888668,Under 18
52849,37.0,male,canada,650757,reel,education,13322.0,1777.0,881.0,743,61960,2022-02-16,28509,False,mobile,neutral,#reels #fun,0.257908328,2,15980.0,2022,2,February,Wednesday,48703.150097465885,36–45
27858,21.0,female,canada,951611,reel,music,7794.0,1286.0,1755.0,7356,73720,2022-01-02,652916,False,tablet,neutral,#lifestyle #fun #tech,0.146975041,3,10835.0,2022,1,January,Sunday,48703.150097465885,18–25
94162,39.0,male,australia,648524,image,fashion,13401.0,2190.0,1012.0,4936,28792,2023-06-19,752419,False,mobile,positive,#travel #fun,0.599645735,2,16603.0,2023,6,June,Monday,48346.38336713996,36–45
89003,13.0,male,uae,385574,video,tech,17127.0,706.0,889.0,3486,94943,2022-12-25,794328,False,desktop,positive,#foodie #love,0.197191999,2,18722.0,2022,12,December,Sunday,48928.41351888668,Under 18
62395,35.0,female,japan,930839,reel,lifestyle,6162.0,293.0,1549.0,5374,44500,2023-04-22,169275,True,tablet,negative,#music #tech #lifestyle,0.179865169,3,8004.0,2023,4,April,Saturday,49616.13559322034,26–35
49758,22.0,male,brazil,793308,image,food,15923.0,1561.0,1036.0,1068,71876,2023-02-26,392639,False,mobile,positive,#fun #reels,0.25766598,2,18520.0,2023,2,February,Sunday,49193.1746031746,18–25
64312,54.0,male,france,183299,image,music,16757.0,1532.0,1879.0,1008,73453,2023-08-19,136576,False,mobile,positive,#reels #love,0.274570133,2,20168.0,2023,8,August,Saturday,51727.67338709677,46–55
78670,64.0,male,australia,476640,text,fitness,5905.0,421.0,761.0,6971,99919,2022-07-23,221367,False,mobile,neutral,#music #reels,0.070927451,2,7087.0,2022,7,July,Saturday,48346.38336713996,56+
92279,37.0,female,japan,968997,video,music,12276.0,1594.0,847.0,4693,81348,2022-08-15,249560,False,desktop,positive,#fashion,0.180914097,1,14717.0,2022,8,August,Monday,49616.13559322034,36–45
25434,15.0,other,japan,550583,video,education,5689.0,2611.0,923.0,5112,16064,2022-05-31,96286,False,mobile,positive,#reels,0.574140936,1,9223.0,2022,5,May,Tuesday,49616.13559322034,Under 18
74047,18.0,female,uae,793540,video,education,19404.0,2464.0,1195.0,4296,27842,2022-09-04,559233,False,desktop,positive,#tech,0.828352848,1,23063.0,2022,9,September,Sunday,48928.41351888668,Under 18
57775,18.0,female,uae,760012,reel,education,15380.0,660.0,1512.0,7526,57467,2022-01-17,29728,False,desktop,neutral,#travel,0.305427463,1,17552.0,2022,1,January,Monday,48928.41351888668,Under 18
85769,14.0,female,india,696658,image,travel,15508.0,2960.0,1854.0,342,63967,2022-10-31,229012,False,mobile,positive,#music,0.317695062,1,20322.0,2022,10,October,Monday,52462.38691588785,Under 18
76677,30.0,male,canada,464899,text,lifestyle,19676.0,2106.0,1382.0,3283,57839,2023-05-29,111073,True,desktop,positive,#fashion #reels #fun,0.400491018,3,23164.0,2023,5,May,Monday,48703.150097465885,26–35
93555,35.0,other,brazil,581239,video,lifestyle,6897.0,2305.0,1129.0,630,34295,2022-07-16,245450,False,mobile,positive,#fun #fashion,0.301239248,2,10331.0,2022,7,July,Saturday,49193.1746031746,26–35
95920,14.0,female,usa,227845,text,fashion,1564.0,2840.0,188.0,297,71721,2023-03-22,316946,False,mobile,neutral,#reels #love,0.064025878,2,4592.0,2023,3,March,Wednesday,51263.87225548902,Under 18
55734,24.0,female,australia,808636,text,travel,16334.0,2578.0,1552.0,7322,98027,2022-12-07,56233,False,mobile,positive,#lifestyle #foodie #fun,0.208758811,3,20464.0,2022,12,December,Wednesday,48346.38336713996,18–25
98503,34.0,other,brazil,835588,image,education,13870.0,2213.0,1073.0,697,96177,2022-03-02,794244,False,tablet,positive,#foodie,0.178379446,1,17156.0,2022,3,March,Wednesday,49193.1746031746,26–35
50603,49.0,other,india,739340,video,lifestyle,14219.0,1958.0,1272.0,5316,44264,2022-09-24,528764,False,desktop,positive,#lifestyle #tech,0.394202964,2,17449.0,2022,9,September,Saturday,52462.38691588785,46–55
86708,32.0,other,india,233727,text,music,16441.0,2051.0,409.0,5968,17497,2022-04-07,749993,False,desktop,positive,#fun,1.080242327,1,18901.0,2022,4,April,Thursday,52462.38691588785,26–35
91926,38.0,male,brazil,550968,video,education,19880.0,2050.0,1414.0,1505,40147,2022-10-10,67060,False,mobile,positive,#fashion #music,0.581463123,2,23344.0,2022,10,October,Monday,49193.1746031746,36–45
78803,36.0,other,uae,730025,video,education,10379.0,2465.0,1402.0,2760,68985,2022-09-04,799533,False,desktop,neutral,#reels #fashion #travel,0.206508661,3,14246.0,2022,9,September,Sunday,48928.41351888668,36–45
49332,60.0,male,japan,592834,video,education,2948.0,2409.0,226.0,5025,47979,2022-02-04,399255,True,mobile,negative,#fun #lifestyle #fitness,0.116363409,3,5583.0,2022,2,February,Friday,49616.13559322034,56+
31312,32.0,female,france,278742,text,food,3134.0,2953.0,1614.0,2825,12257,2023-04-14,236914,False,desktop,neutral,#reels,0.628294036,1,7701.0,2023,4,April,Friday,51727.67338709677,26–35
94526,13.0,male,brazil,236344,image,fitness,17971.0,368.0,1807.0,378,62314,2022-03-09,717273,False,desktop,positive,#fashion,0.323298135,1,20146.0,2022,3,March,Wednesday,49193.1746031746,Under 18
54179,13.0,other,australia,720716,image,tech,8969.0,538.0,212.0,2795,13985,2022-07-08,9290,False,mobile,positive,#travel #tech #love,0.694958885,3,9719.0,2022,7,July,Friday,48346.38336713996,Under 18
81442,29.0,male,usa,399615,text,music,3678.0,2927.0,1552.0,705,7118,2022-02-10,651615,False,mobile,positive,#reels #tech #love,1.145967969,3,8157.0,2022,2,February,Thursday,51263.87225548902,26–35
50379,13.0,other,canada,148762,reel,tech,10740.0,2393.0,1004.0,2414,86290,2023-08-31,357525,False,mobile,positive,#lifestyle,0.163831267,1,14137.0,2023,8,August,Thursday,48703.150097465885,Under 18
27297,64.0,male,india,265379,video,fashion,17382.0,730.0,1369.0,5656,79227,2023-11-14,38325,True,desktop,positive,#tech #travel #foodie,0.245888397,3,19481.0,2023,11,November,Tuesday,52462.38691588785,56+
12011,57.0,female,uk,873481,video,lifestyle,3343.0,896.0,418.0,770,74291,2022-03-08,116904,False,tablet,negative,#fun,0.062685924,1,4657.0,2022,3,March,Tuesday,51119.39350912779,56+
54014,42.0,male,uk,773346,image,tech,19885.0,1067.0,1786.0,4001,489,2022-11-04,530120,False,tablet,positive,#lifestyle #foodie,46.49897751,2,22738.0,2022,11,November,Friday,51119.39350912779,36–45
21738,53.0,female,japan,446768,text,fashion,4014.0,2771.0,1875.0,1094,39759,2022-04-29,215420,False,desktop,positive,#fitness #fun #tech,0.217812319,3,8660.0,2022,4,April,Friday,49616.13559322034,46–55
57498,59.0,other,uae,432744,text,fitness,5107.0,563.0,1107.0,5147,16619,2023-11-14,156359,False,desktop,negative,#love #lifestyle,0.407786269,2,6777.0,2023,11,November,Tuesday,48928.41351888668,56+
21120,15.0,female,canada,998524,reel,education,11870.0,2249.0,918.0,3464,35324,2022-07-05,536984,False,mobile,positive,#music #fun #love,0.425687918,3,15037.0,2022,7,July,Tuesday,48703.150097465885,Under 18
18767,58.0,other,india,742624,reel,music,4328.0,2368.0,1220.0,3594,84291,2022-03-11,49490,False,mobile,neutral,#fun #foodie #music,0.093912755,3,7916.0,2022,3,March,Friday,52462.38691588785,56+
32852,23.0,other,uk,609009,image,music,4655.0,1497.0,776.0,4444,58044,2023-11-02,625242,False,mobile,neutral,#lifestyle #fashion #tech,0.101543657,3,6928.0,2023,11,November,Thursday,51119.39350912779,18–25
89239,36.0,female,uk,417032,reel,travel,5858.0,1034.0,1553.0,5237,23597,2022-10-11,476911,False,desktop,positive,#fitness #fun,0.357884477,2,8445.0,2022,10,October,Tuesday,51119.39350912779,36–45
10929,34.0,female,france,242675,reel,food,5620.0,2680.0,220.0,7547,25294,2023-09-11,497623,False,mobile,neutral,#love #travel #tech,0.336838776,3,8520.0,2023,9,September,Monday,51727.67338709677,26–35
87487,56.0,male,brazil,430168,text,fitness,9112.0,2380.0,1866.0,1231,9868,2023-07-02,162281,False,mobile,positive,#travel #foodie,1.353668423,2,13358.0,2023,7,July,Sunday,49193.1746031746,56+
27438,57.0,male,germany,190728,text,fitness,7004.0,14.0,1770.0,1446,28445,2022-12-14,57968,False,desktop,positive,#fun,0.308947091,1,8788.0,2022,12,December,Wednesday,48605.40612244898,56+
58515,38.0,female,canada,915329,reel,tech,1242.0,1353.0,175.0,4188,11217,2022-07-14,85382,False,tablet,neutral,#fun #love #lifestyle,0.246946599,3,2770.0,2022,7,July,Thursday,48703.150097465885,36–45
15744,25.0,female,germany,774162,image,tech,16464.0,2277.0,583.0,6284,38374,2023-04-29,70909,False,mobile,neutral,#tech,0.503570126,1,19324.0,2023,4,April,Saturday,48605.40612244898,18–25
93820,13.0,female,usa,247483,reel,food,2661.0,10.0,1626.0,2402,57452,2023-08-11,159720,False,tablet,positive,#tech #lifestyle,0.074792871,2,4297.0,2023,8,August,Friday,51263.87225548902,Under 18
52417,36.0,female,uae,160399,image,music,4798.0,1656.0,1345.0,5642,75031,2022-10-07,313739,False,mobile,negative,#reels,0.103943703,1,7799.0,2022,10,October,Friday,48928.41351888668,36–45
17069,22.0,other,brazil,326274,reel,travel,540.0,1247.0,534.0,1826,10013,2022-12-14,348194,True,mobile,neutral,#music,0.231798662,1,2321.0,2022,12,December,Wednesday,49193.1746031746,18–25
52359,47.0,female,usa,599727,text,fitness,19169.0,1760.0,724.0,7918,56863,2023-08-15,404520,False,mobile,positive,#reels,0.380792431,1,21653.0,2023,8,August,Tuesday,51263.87225548902,46–55
29799,36.0,female,australia,160692,text,lifestyle,19870.0,1660.0,1417.0,3847,8885,2023-04-23,312358,False,desktop,neutral,#fitness #tech #lifestyle,2.582667417,3,22947.0,2023,4,April,Sunday,48346.38336713996,36–45
80188,40.0,female,india,768130,image,tech,3157.0,1763.0,1829.0,7942,77588,2022-04-08,686962,False,desktop,neutral,#tech,0.086985101,1,6749.0,2022,4,April,Friday,52462.38691588785,36–45
99859,48.0,female,germany,173513,reel,music,4717.0,541.0,1663.0,1092,88040,2022-10-09,645274,False,mobile,neutral,#love,0.078611995,1,6921.0,2022,10,October,Sunday,48605.40612244898,46–55
17597,28.0,other,japan,590783,reel,fitness,5336.0,1529.0,1594.0,4677,34337,2023-09-22,35178,False,mobile,negative,#reels #foodie,0.246352331,2,8459.0,2023,9,September,Friday,49616.13559322034,26–35
57093,52.0,male,australia,487185,image,travel,7165.0,2569.0,323.0,1720,80087,2023-02-23,616583,False,desktop,positive,#tech #foodie #love,0.125575936,3,10057.0,2023,2,February,Thursday,48346.38336713996,46–55
47226,28.0,male,canada,552645,reel,music,18627.0,1742.0,84.0,882,50947,2022-08-11,722892,False,desktop,negative,#fun,0.401456415,1,20453.0,2022,8,August,Thursday,48703.150097465885,26–35
82127,29.0,male,india,301157,video,fashion,9512.0,2814.0,1019.0,123,31064,2022-09-09,789994,False,tablet,neutral,#love,0.429596961,1,13345.0,2022,9,September,Friday,52462.38691588785,26–35
87362,63.0,male,uk,455045,text,travel,19377.0,1180.0,1764.0,3490,99710,2022-03-21,597992,False,desktop,positive,#fashion,0.223859192,1,22321.0,2022,3,March,Monday,51119.39350912779,56+
36417,27.0,male,germany,841541,text,fitness,18475.0,2688.0,886.0,5853,5432,2023-11-13,382481,False,mobile,positive,#lifestyle,4.059094256,1,22049.0,2023,11,November,Monday,48605.40612244898,26–35
28693,28.0,other,brazil,868693,image,fitness,10105.5,2617.0,1450.0,3594,26363,2023-02-17,329081,False,desktop,positive,#reels,0.712931002,1,14172.5,2023,2,February,Friday,49193.1746031746,26–35
89674,27.0,male,brazil,255579,reel,food,13754.0,2452.0,1291.0,5797,47654,2023-10-31,441644,False,tablet,positive,#foodie #travel,0.367167499,2,17497.0,2023,10,October,Tuesday,49193.1746031746,26–35
63161,46.0,other,australia,683884,image,music,5209.0,1422.0,111.0,602,20467,2023-01-28,375315,False,tablet,positive,#love,0.329408316,1,6742.0,2023,1,January,Saturday,48346.38336713996,46–55
12169,23.0,other,australia,170509,video,music,14490.0,2754.0,627.0,3831,12018,2022-11-30,781187,False,mobile,negative,#lifestyle,1.487019471,1,17871.0,2022,11,November,Wednesday,48346.38336713996,18–25
94092,13.0,male,uae,632724,reel,music,7645.0,928.0,948.0,5460,83755,2022-11-24,150581,False,desktop,positive,#foodie,0.113676795,1,9521.0,2022,11,November,Thursday,48928.41351888668,Under 18
32052,27.0,male,uk,110086,video,fitness,5740.0,1426.0,749.0,7117,53580,2022-01-02,544626,False,tablet,positive,#music,0.147723031,1,7915.0,2022,1,January,Sunday,51119.39350912779,26–35
81849,38.0,male,france,453198,image,music,4154.0,1112.0,1421.0,304,63079,2022-07-22,384742,True,tablet,positive,#fun,0.106009924,1,6687.0,2022,7,July,Friday,51727.67338709677,36–45
83851,63.0,female,germany,513067,text,music,2665.0,1889.0,51.0,6946,19843,2022-09-15,272733,False,tablet,neutral,#music #love #reels,0.232071763,3,4605.0,2022,9,September,Thursday,48605.40612244898,56+
18036,16.0,other,usa,926164,video,tech,6018.0,2640.0,83.0,3228,74512,2023-01-02,213569,False,mobile,neutral,#fashion #fun,0.117309963,2,8741.0,2023,1,January,Monday,51263.87225548902,Under 18
41778,55.0,male,canada,357144,reel,lifestyle,18140.0,2233.0,1646.0,3159,71963,2022-05-26,141967,True,tablet,positive,#fashion #lifestyle,0.305976682,2,22019.0,2022,5,May,Thursday,48703.150097465885,46–55
37734,17.0,female,germany,326562,image,food,10105.5,894.0,711.0,1251,47454,2023-01-13,76752,False,desktop,positive,#fitness #fashion,0.154212501,2,11710.5,2023,1,January,Friday,48605.40612244898,Under 18
33173,47.0,other,germany,101745,image,fitness,13071.0,2126.0,730.0,936,27014,2023-03-17,13517,False,mobile,neutral,#fun #lifestyle #travel,0.589583179,3,15927.0,2023,3,March,Friday,48605.40612244898,46–55
40403,25.0,female,uk,899129,image,music,19504.0,1497.0,740.0,6508,91160,2023-03-31,46486,False,desktop,positive,#fashion #foodie,0.246116718,2,21741.0,2023,3,March,Friday,51119.39350912779,18–25
76321,22.0,female,germany,585685,text,travel,15327.0,2061.0,828.0,7135,39809,2023-02-11,677441,False,desktop,positive,#reels,0.457584968,1,18216.0,2023,2,February,Saturday,48605.40612244898,18–25
81675,23.0,male,uae,103879,image,fitness,18962.0,1654.0,424.0,3717,93642,2022-01-19,480346,False,tablet,negative,#fun #tech #travel,0.224685504,3,21040.0,2022,1,January,Wednesday,48928.41351888668,18–25
16344,30.0,other,germany,316769,image,travel,1026.0,1.0,1044.0,2313,76499,2023-03-09,520796,False,mobile,positive,#foodie #music #love,0.027072249,3,2071.0,2023,3,March,Thursday,48605.40612244898,26–35
28800,46.0,female,japan,773859,text,travel,4473.0,2563.0,1711.0,2131,98708,2023-03-05,226419,True,mobile,positive,#fitness #fashion #reels,0.088614905,3,8747.0,2023,3,March,Sunday,49616.13559322034,46–55
35372,51.0,other,japan,843537,image,fitness,4667.0,2803.0,55.0,3283,68033,2022-09-09,309137,False,desktop,neutral,#reels #music #fun,0.110608087,3,7525.0,2022,9,September,Friday,49616.13559322034,46–55
71516,53.0,male,india,790395,image,travel,18338.0,2113.0,1314.0,3289,15798,2023-07-16,199937,True,mobile,positive,#fitness #travel #fashion,1.377706039,3,21765.0,2023,7,July,Sunday,52462.38691588785,46–55
30538,54.0,other,canada,961656,video,lifestyle,16970.0,2293.0,811.0,6996,22551,2023-10-11,522534,False,mobile,positive,#fashion,0.890160082,1,20074.0,2023,10,October,Wednesday,48703.150097465885,46–55
73918,62.0,female,japan,475513,image,fashion,15941.0,1625.0,806.0,4844,12517,2022-08-09,515364,False,mobile,positive,#fashion,1.467763841,1,18372.0,2022,8,August,Tuesday,49616.13559322034,56+
24973,35.0,female,canada,438668,text,food,684.0,1713.0,1008.0,2198,33054,2022-04-23,547454,False,mobile,positive,#reels #fitness #lifestyle,0.103013251,3,3405.0,2022,4,April,Saturday,48703.150097465885,26–35
81155,19.0,other,brazil,451150,video,fitness,3268.0,571.0,654.0,685,62984,2022-05-29,184290,False,tablet,positive,#lifestyle #foodie,0.071335577,2,4493.0,2022,5,May,Sunday,49193.1746031746,18–25
69500,51.0,female,uae,923681,image,education,15193.0,435.0,1006.0,4235,32339,2023-07-14,406284,False,desktop,positive,#fun #reels,0.514363462,2,16634.0,2023,7,July,Friday,48928.41351888668,46–55
46575,15.0,female,uk,517065,text,fashion,658.0,2400.0,907.0,54,67200,2022-02-27,211140,False,desktop,neutral,#foodie #fun #love,0.059002976,3,3965.0,2022,2,February,Sunday,51119.39350912779,Under 18
52261,24.0,female,uk,828669,reel,music,1296.0,1711.0,1396.0,3212,39681,2022-07-16,396705,False,mobile,neutral,#fitness #tech #travel,0.110959905,3,4403.0,2022,7,July,Saturday,51119.39350912779,18–25
37716,19.0,male,japan,332700,image,travel,1525.0,2726.0,1761.0,4169,92494,2023-10-11,541034,False,mobile,positive,#reels,0.064998811,1,6012.0,2023,10,October,Wednesday,49616.13559322034,18–25
13236,61.0,male,uae,391220,reel,travel,10274.0,382.0,7.0,3206,97481,2023-12-08,540286,True,desktop,positive,#love,0.109385419,1,10663.0,2023,12,December,Friday,48928.41351888668,56+
25848,38.0,female,brazil,825483,video,food,7150.0,1733.0,123.0,5092,17966,2023-12-19,500077,False,desktop,positive,#music #reels #tech,0.501280196,3,9006.0,2023,12,December,Tuesday,49193.1746031746,36–45
12352,45.0,other,usa,788484,text,fashion,7792.0,1083.0,1781.0,2955,57156,2022-01-18,764356,False,tablet,positive,#foodie #reels,0.186437119,2,10656.0,2022,1,January,Tuesday,51263.87225548902,36–45
11932,49.0,male,uae,771147,video,fashion,6604.0,1949.0,1124.0,6972,21366,2022-08-03,472561,False,mobile,positive,#music #fitness #lifestyle,0.452915848,3,9677.0,2022,8,August,Wednesday,48928.41351888668,46–55
86449,60.0,other,india,939894,reel,fitness,15053.0,2517.0,989.0,1944,88998,2023-12-19,323156,True,desktop,negative,#tech,0.208532776,1,18559.0,2023,12,December,Tuesday,52462.38691588785,56+
18556,27.0,female,uk,448128,reel,music,5789.0,1434.0,834.0,641,42937,2023-09-28,348335,False,tablet,negative,#foodie #lifestyle #fun,0.187647018,3,8057.0,2023,9,September,Thursday,51119.39350912779,26–35
96836,14.0,female,india,171035,reel,travel,7420.0,1106.0,1885.0,4839,12752,2022-01-16,798674,True,tablet,neutral,#travel #tech #fashion,0.816420954,3,10411.0,2022,1,January,Sunday,52462.38691588785,Under 18
15498,53.0,other,uk,103841,text,education,5753.0,73.0,1116.0,6169,13889,2023-11-08,547700,False,mobile,neutral,#love #fitness,0.499820001,2,6942.0,2023,11,November,Wednesday,51119.39350912779,46–55
86118,19.0,male,brazil,407034,reel,tech,15544.0,1334.0,1408.0,7655,12855,2023-10-22,549409,False,tablet,positive,#love #reels #foodie,1.422481525,3,18286.0,2023,10,October,Sunday,49193.1746031746,18–25
60098,44.0,other,germany,489871,reel,music,5108.0,2073.0,765.0,6578,42708,2023-02-03,386054,False,tablet,neutral,#tech #music #reels,0.186054135,3,7946.0,2023,2,February,Friday,48605.40612244898,36–45
74386,16.0,other,france,649690,text,education,5247.0,1400.0,1103.0,5700,34792,2022-08-21,447257,False,tablet,positive,#fashion,0.222752357,1,7750.0,2022,8,August,Sunday,51727.67338709677,Under 18
19569,32.0,female,uae,875381,reel,fitness,8401.0,834.0,1321.0,61,30767,2022-01-25,390792,False,tablet,positive,#lifestyle,0.343094874,1,10556.0,2022,1,January,Tuesday,48928.41351888668,26–35
66882,62.0,male,uae,473857,image,fitness,17007.0,2675.0,30.0,1223,68334,2023-02-05,261985,False,tablet,negative,#foodie #fashion #fun,0.288465478,3,19712.0,2023,2,February,Sunday,48928.41351888668,56+
80393,48.0,other,germany,467507,reel,fitness,9997.0,1203.0,377.0,2537,48029,2022-12-31,460830,False,mobile,positive,#fun #music #lifestyle,0.241041871,3,11577.0,2022,12,December,Saturday,48605.40612244898,46–55
10340,44.0,male,usa,821561,text,food,5261.0,773.0,329.0,492,58795,2022-10-22,157790,False,mobile,negative,#fitness,0.108223488,1,6363.0,2022,10,October,Saturday,51263.87225548902,36–45
53949,40.0,female,uk,197807,reel,food,4268.0,2313.0,1949.0,6088,92443,2023-03-13,605564,False,mobile,neutral,#foodie #love,0.092273076,2,8530.0,2023,3,March,Monday,51119.39350912779,36–45
92302,25.0,male,usa,909669,text,music,5984.0,2597.0,1322.0,6822,80889,2022-03-12,783221,False,mobile,neutral,#foodie,0.12242703,1,9903.0,2022,3,March,Saturday,51263.87225548902,18–25
72443,13.0,female,uae,274060,reel,fitness,10.0,1403.0,281.0,6611,79771,2023-12-13,766965,True,desktop,positive,#fashion,0.021235787,1,1694.0,2023,12,December,Wednesday,48928.41351888668,Under 18
84027,47.0,male,japan,587019,image,lifestyle,17144.0,76.0,1035.0,1139,92240,2023-07-13,619456,False,mobile,negative,#lifestyle #fitness #foodie,0.197907632,3,18255.0,2023,7,July,Thursday,49616.13559322034,46–55
10138,60.0,other,japan,307382,text,tech,1177.0,1072.0,638.0,5490,58661,2022-01-25,98325,False,mobile,neutral,#fashion #tech #lifestyle,0.049214981,3,2887.0,2022,1,January,Tuesday,49616.13559322034,56+
10358,42.0,female,australia,493769,text,fashion,9168.0,1403.0,871.0,6794,65402,2023-12-26,593017,False,mobile,neutral,#lifestyle #travel,0.174948778,2,11442.0,2023,12,December,Tuesday,48346.38336713996,36–45
85250,48.0,other,canada,769220,text,fashion,18876.0,2494.0,698.0,1255,82291,2023-01-09,336649,False,tablet,negative,#travel #music,0.268170274,2,22068.0,2023,1,January,Monday,48703.150097465885,46–55
95376,38.0,male,japan,714727,text,travel,2389.0,1497.0,68.0,2495,15217,2023-06-29,127123,False,tablet,neutral,#fun,0.329237038,1,3954.0,2023,6,June,Thursday,49616.13559322034,36–45
40654,28.0,male,japan,369189,reel,fashion,6364.0,1732.0,840.0,3285,84972,2023-04-03,7624,False,tablet,positive,#fashion #lifestyle,0.105164054,2,8936.0,2023,4,April,Monday,49616.13559322034,26–35
35879,31.0,male,uk,437060,reel,education,15777.0,869.0,1012.0,2255,16814,2022-08-02,239085,False,mobile,positive,#tech #music #fitness,1.081955513,3,17658.0,2022,8,August,Tuesday,51119.39350912779,26–35
91532,13.0,female,australia,156435,image,fashion,11865.0,2346.0,1838.0,1001,38739,2022-07-30,402572,False,desktop,neutral,#fun,0.414285346,1,16049.0,2022,7,July,Saturday,48346.38336713996,Under 18
65778,17.0,female,uk,198453,image,tech,18936.0,2781.0,22.0,1125,52809,2023-06-25,722623,False,desktop,negative,#music,0.411653317,1,21739.0,2023,6,June,Sunday,51119.39350912779,Under 18
47772,63.0,female,uae,656549,reel,fashion,12327.0,1497.0,336.0,3881,10959,2022-02-08,34861,False,mobile,positive,#fashion #tech,1.254311525,2,14160.0,2022,2,February,Tuesday,48928.41351888668,56+
68478,34.0,male,india,345749,video,education,17866.0,1380.0,426.0,4105,76374,2022-09-17,387238,False,desktop,positive,#fitness #reels,0.257574567,2,19672.0,2022,9,September,Saturday,52462.38691588785,26–35
74353,36.0,female,usa,620848,text,tech,2310.0,2204.0,844.0,3544,77299,2023-11-08,400947,False,desktop,positive,#reels #tech #love,0.069315256,3,5358.0,2023,11,November,Wednesday,51263.87225548902,36–45
36762,55.0,female,uae,102853,reel,food,3741.0,2389.0,208.0,1146,67463,2022-04-05,487342,False,mobile,negative,#travel,0.093947794,1,6338.0,2022,4,April,Tuesday,48928.41351888668,46–55
23283,57.0,other,india,699952,image,tech,7285.0,973.0,214.0,786,10127,2023-01-25,687124,False,tablet,positive,#fashion #love #foodie,0.836575491,3,8472.0,2023,1,January,Wednesday,52462.38691588785,56+
73922,64.0,female,brazil,210884,text,food,3839.0,2941.0,634.0,2051,97479,2022-08-08,199772,False,desktop,positive,#lifestyle #reels,0.076057407,2,7414.0,2022,8,August,Monday,49193.1746031746,56+
49420,49.0,other,brazil,148022,image,tech,7581.0,1225.0,422.0,6610,89969,2022-09-25,774264,False,tablet,positive,#fitness #reels #love,0.102568663,3,9228.0,2022,9,September,Sunday,49193.1746031746,46–55
65568,48.0,other,uk,495952,video,fitness,19139.0,1802.0,72.0,258,7284,2023-05-09,261313,False,mobile,positive,#fun #travel #fashion,2.884816035,3,21013.0,2023,5,May,Tuesday,51119.39350912779,46–55
95090,48.0,other,france,395868,text,education,14137.0,1790.0,1745.0,6864,24356,2023-09-22,701831,False,tablet,positive,#fitness,0.725570701,1,17672.0,2023,9,September,Friday,51727.67338709677,46–55
30219,16.0,male,france,897872,video,lifestyle,19981.0,1558.0,822.0,6029,48439,2022-03-07,660263,False,desktop,positive,#fitness #travel #tech,0.461632156,3,22361.0,2022,3,March,Monday,51727.67338709677,Under 18
67169,48.0,other,india,957148,video,music,5237.0,2964.0,785.0,3849,44996,2023-01-22,93005,False,tablet,negative,#fun #love,0.199706641,2,8986.0,2023,1,January,Sunday,52462.38691588785,46–55
84965,64.0,female,japan,523500,video,food,12504.0,1188.0,1629.0,7941,18657,2022-07-12,237521,True,tablet,negative,#tech #travel #fun,0.821193118,3,15321.0,2022,7,July,Tuesday,49616.13559322034,56+
56840,30.0,male,uk,206911,reel,food,1740.0,1051.0,937.0,6430,30617,2022-11-16,289656,False,tablet,positive,#fun #reels,0.12176242,2,3728.0,2022,11,November,Wednesday,51119.39350912779,26–35
54695,62.0,male,india,504862,image,fashion,18508.0,313.0,1771.0,6174,65765,2023-07-01,586503,False,mobile,positive,#fun #lifestyle,0.313114879,2,20592.0,2023,7,July,Saturday,52462.38691588785,56+
94754,28.0,male,uk,577781,text,food,5291.0,1588.0,1689.0,5807,81652,2022-06-24,385180,False,mobile,neutral,#music,0.104933131,1,8568.0,2022,6,June,Friday,51119.39350912779,26–35
87988,53.0,male,india,185694,reel,tech,19481.0,1307.0,1297.0,4616,55139,2022-04-22,227763,False,mobile,positive,#love #lifestyle #fitness,0.400533198,3,22085.0,2022,4,April,Friday,52462.38691588785,46–55
68342,30.0,male,brazil,507558,image,fitness,5247.0,1321.0,1748.0,715,67194,2022-11-04,793081,True,mobile,neutral,#music #fun #foodie,0.12376105,3,8316.0,2022,11,November,Friday,49193.1746031746,26–35
28951,34.0,male,australia,596533,reel,fitness,8845.0,2522.0,1663.0,1643,76089,2022-12-06,684856,True,tablet,positive,#fashion,0.171246829,1,13030.0,2022,12,December,Tuesday,48346.38336713996,26–35
11307,14.0,male,uk,820980,image,fashion,11733.0,2023.0,1256.0,123,85220,2022-03-21,657751,True,desktop,positive,#travel #love #reels,0.176155832,3,15012.0,2022,3,March,Monday,51119.39350912779,Under 18
90388,33.0,other,australia,295333,text,tech,6566.0,2644.0,1064.0,1773,13935,2023-04-23,307206,False,tablet,positive,#tech #lifestyle #reels,0.73728023,3,10274.0,2023,4,April,Sunday,48346.38336713996,26–35
45428,48.0,female,brazil,359004,text,tech,852.0,1372.0,1961.0,921,36592,2022-04-21,517276,False,tablet,positive,#reels #love #tech,0.114369261,3,4185.0,2022,4,April,Thursday,49193.1746031746,46–55
85774,56.0,female,france,495151,text,travel,9753.0,635.0,288.0,2177,52785,2023-05-02,192047,False,tablet,positive,#fitness,0.202254428,1,10676.0,2023,5,May,Tuesday,51727.67338709677,56+
48975,51.0,other,germany,589218,text,music,12137.0,2492.0,554.0,6889,4793,2023-03-29,640276,False,desktop,positive,#fitness #travel #fashion,3.167744628,3,15183.0,2023,3,March,Wednesday,48605.40612244898,46–55
11140,59.0,other,usa,830158,image,food,10105.5,1230.0,1293.0,6659,48501,2023-02-17,289411,False,desktop,neutral,#lifestyle #foodie #tech,0.2760974,3,12628.5,2023,2,February,Friday,51263.87225548902,56+
34842,51.0,male,uae,740477,reel,fashion,14905.0,416.0,438.0,1503,25290,2023-08-27,612730,False,desktop,positive,#fun #tech,0.623131673,2,15759.0,2023,8,August,Sunday,48928.41351888668,46–55
36421,41.0,male,usa,194203,text,fitness,17702.0,438.0,1337.0,5851,32705,2022-07-05,531746,False,tablet,neutral,#foodie,0.595535851,1,19477.0,2022,7,July,Tuesday,51263.87225548902,36–45
11708,38.0,other,usa,286793,text,education,16505.0,164.0,1533.0,6917,21746,2023-07-07,298035,False,mobile,positive,#reels #tech,0.837027499,2,18202.0,2023,7,July,Friday,51263.87225548902,36–45
13630,33.0,male,uae,199039,text,lifestyle,4254.0,1582.0,1417.0,5661,45578,2022-03-28,415020,False,mobile,neutral,#foodie,0.159133793,1,7253.0,2022,3,March,Monday,48928.41351888668,26–35
29595,29.0,female,brazil,364982,video,travel,16239.0,2467.0,27.0,7094,27057,2022-08-12,780379,False,tablet,neutral,#fashion #fun #tech,0.69235318,3,18733.0,2022,8,August,Friday,49193.1746031746,26–35
86021,28.0,female,brazil,790690,text,music,8498.0,987.0,269.0,6043,81960,2022-02-20,693723,False,mobile,positive,#fun #fitness #travel,0.119009273,3,9754.0,2022,2,February,Sunday,49193.1746031746,26–35
38308,43.0,male,france,726498,text,tech,12174.0,2529.0,1490.0,1852,59396,2022-05-06,647298,False,mobile,negative,#fitness,0.272627786,1,16193.0,2022,5,May,Friday,51727.67338709677,36–45
54789,63.0,male,germany,854936,image,food,1896.0,516.0,1945.0,2124,89320,2022-05-26,109081,False,tablet,positive,#reels #love,0.048779669,2,4357.0,2022,5,May,Thursday,48605.40612244898,56+
65690,21.0,male,canada,989572,video,fitness,12878.0,81.0,73.0,3254,39275,2022-02-10,197573,False,tablet,positive,#lifestyle #tech #fun,0.331814131,3,13032.0,2022,2,February,Thursday,48703.150097465885,18–25
36086,38.0,female,usa,200166,image,education,5976.0,118.0,1680.0,2413,37110,2022-12-21,344375,False,mobile,neutral,#foodie #reels #fun,0.209485314,3,7774.0,2022,12,December,Wednesday,51263.87225548902,36–45
26859,26.0,male,japan,923426,reel,travel,3911.0,1660.0,673.0,4387,10351,2023-03-21,431548,False,tablet,negative,#reels #fashion,0.603226741,2,6244.0,2023,3,March,Tuesday,49616.13559322034,26–35
17684,38.0,other,usa,847235,video,tech,16337.0,1326.0,245.0,6089,22443,2022-12-29,652667,False,mobile,neutral,#foodie,0.79793254,1,17908.0,2022,12,December,Thursday,51263.87225548902,36–45
11207,49.0,male,canada,130384,image,fitness,8340.0,27.0,1805.0,5833,88043,2023-06-20,319496,False,desktop,positive,#foodie,0.115534455,1,10172.0,2023,6,June,Tuesday,48703.150097465885,46–55
56099,14.0,other,uk,407522,image,fitness,17423.0,2024.0,409.0,7556,71834,2022-10-11,494610,False,desktop,positive,#reels,0.276415068,1,19856.0,2022,10,October,Tuesday,51119.39350912779,Under 18
77496,64.0,male,france,469462,reel,tech,9582.0,2828.0,497.0,156,96585,2022-02-05,70489,False,tablet,positive,#music #fitness #travel,0.133633587,3,12907.0,2022,2,February,Saturday,51727.67338709677,56+
76093,60.0,male,australia,525859,reel,tech,3904.0,497.0,1012.0,1123,46301,2022-10-04,314008,False,mobile,positive,#lifestyle #reels #love,0.126174381,3,5413.0,2022,10,October,Tuesday,48346.38336713996,56+
39689,58.0,female,australia,510142,text,fashion,4876.0,2584.0,1011.0,5003,93120,2023-11-27,240612,False,desktop,positive,#foodie #tech #fun,0.090968643,3,8471.0,2023,11,November,Monday,48346.38336713996,56+
58651,26.0,male,canada,138977,text,fitness,8309.0,2566.0,210.0,5753,93516,2022-11-21,694419,False,tablet,positive,#fun #love,0.118535866,2,11085.0,2022,11,November,Monday,48703.150097465885,26–35
23893,45.0,other,usa,123652,video,tech,703.0,193.0,791.0,917,76037,2023-10-28,513218,False,desktop,neutral,#tech #foodie #fashion,0.022186567,3,1687.0,2023,10,October,Saturday,51263.87225548902,36–45
76418,47.0,other,australia,818655,video,lifestyle,19339.0,591.0,1012.0,5946,34485,2022-07-01,744267,False,desktop,positive,#music,0.614064086,1,20942.0,2022,7,July,Friday,48346.38336713996,46–55
70011,51.0,female,canada,110270,reel,music,5470.0,2489.0,359.0,6253,38948,2023-04-16,559078,False,tablet,positive,#fun,0.213566807,1,8318.0,2023,4,April,Sunday,48703.150097465885,46–55
48635,59.0,other,uae,707092,video,education,6440.0,1857.0,581.0,1702,1999,2023-02-21,181601,True,desktop,positive,#travel #fun #reels,4.44122061,3,8878.0,2023,2,February,Tuesday,48928.41351888668,56+
66115,63.0,female,brazil,292702,text,education,2024.0,1059.0,1043.0,1665,80774,2023-10-28,283468,False,tablet,negative,#music,0.051080793,1,4126.0,2023,10,October,Saturday,49193.1746031746,56+
88405,32.0,male,india,136417,reel,lifestyle,15751.0,2305.0,422.0,5389,14083,2022-05-30,683871,True,tablet,positive,#music #foodie #fitness,1.312078392,3,18478.0,2022,5,May,Monday,52462.38691588785,26–35
82702,14.0,male,brazil,227390,image,education,12730.0,112.0,120.0,4233,22806,2023-02-08,367220,False,desktop,positive,#foodie #tech #music,0.568359204,3,12962.0,2023,2,February,Wednesday,49193.1746031746,Under 18
88518,63.0,other,usa,540110,reel,travel,4345.0,1317.0,172.0,7163,73011,2023-05-29,744644,False,desktop,positive,#music,0.079905768,1,5834.0,2023,5,May,Monday,51263.87225548902,56+
82805,53.0,male,canada,680330,video,education,10149.0,1737.0,33.0,5807,20457,2023-07-20,795513,False,mobile,positive,#fashion #foodie,0.58263675,2,11919.0,2023,7,July,Thursday,48703.150097465885,46–55
68954,31.0,male,uk,425397,text,food,5634.0,2061.0,917.0,2111,27628,2023-03-17,236674,False,desktop,negative,#tech,0.311712755,1,8612.0,2023,3,March,Friday,51119.39350912779,26–35
38064,49.0,other,australia,279913,text,education,17381.0,1690.0,70.0,3714,29323,2022-09-03,93475,False,mobile,positive,#fitness #tech #foodie,0.652764042,3,19141.0,2022,9,September,Saturday,48346.38336713996,46–55
89063,30.0,male,australia,414867,image,lifestyle,16789.0,2958.0,544.0,2554,49977,2022-02-15,355954,False,tablet,positive,#love #travel #foodie,0.406006763,3,20291.0,2022,2,February,Tuesday,48346.38336713996,26–35
12454,28.0,other,australia,251389,image,fashion,11040.0,2187.0,773.0,6983,44587,2022-03-16,307316,False,desktop,neutral,#music,0.313992868,1,14000.0,2022,3,March,Wednesday,48346.38336713996,26–35
30878,16.0,other,canada,791794,reel,tech,243.0,1394.0,783.0,5110,8131,2022-05-29,732804,False,desktop,negative,#fashion #music,0.297626368,2,2420.0,2022,5,May,Sunday,48703.150097465885,Under 18
61098,24.0,male,brazil,801485,text,food,2414.0,1450.0,967.0,5819,25853,2023-02-10,743059,False,tablet,positive,#fun,0.186864194,1,4831.0,2023,2,February,Friday,49193.1746031746,18–25
72154,41.0,male,uk,312056,image,fashion,3856.0,2744.0,1644.0,3024,94297,2022-01-03,488310,False,desktop,positive,#travel #fitness #love,0.087425899,3,8244.0,2022,1,January,Monday,51119.39350912779,36–45
22991,19.0,male,canada,437593,image,fitness,6263.0,1365.0,534.0,4035,77237,2022-01-09,300514,False,mobile,positive,#music,0.105674741,1,8162.0,2022,1,January,Sunday,48703.150097465885,18–25
78344,26.0,male,usa,829462,reel,food,15185.0,2917.0,1681.0,2836,84360,2023-05-29,200534,False,desktop,positive,#music #reels,0.234506875,2,19783.0,2023,5,May,Monday,51263.87225548902,26–35
46593,24.0,male,france,853340,reel,lifestyle,15799.0,2236.0,13.0,2397,10775,2022-08-26,743211,False,mobile,positive,#lifestyle,1.674988399,1,18048.0,2022,8,August,Friday,51727.67338709677,18–25
46304,47.0,female,usa,181141,text,fashion,8624.0,2129.0,1329.0,2194,39407,2023-06-24,167681,False,desktop,positive,#fashion #music,0.306595275,2,12082.0,2023,6,June,Saturday,51263.87225548902,46–55
40386,17.0,male,india,624845,video,tech,12470.0,957.0,1852.0,5454,45321,2022-10-17,84841,False,desktop,positive,#lifestyle #music,0.337128483,2,15279.0,2022,10,October,Monday,52462.38691588785,Under 18
65220,29.0,female,france,994208,video,tech,13772.0,2945.0,1571.0,1555,28199,2022-06-30,368040,False,tablet,negative,#fitness #foodie #travel,0.648533636,3,18288.0,2022,6,June,Thursday,51727.67338709677,26–35
79338,54.0,other,usa,537599,text,education,1141.0,1128.0,270.0,7993,95091,2022-11-11,624,True,mobile,neutral,#travel,0.026700739,1,2539.0,2022,11,November,Friday,51263.87225548902,46–55
31083,44.0,male,uk,499256,video,fashion,4126.0,2428.0,1796.0,3625,89120,2022-09-23,394367,False,tablet,positive,#tech,0.093693896,1,8350.0,2022,9,September,Friday,51119.39350912779,36–45
28354,22.0,male,germany,146652,text,fitness,19408.0,2769.0,1076.0,2909,50811,2022-03-24,279953,False,tablet,neutral,#fitness #tech,0.457637126,2,23253.0,2022,3,March,Thursday,48605.40612244898,18–25
32190,55.0,male,germany,216048,text,education,14863.0,2376.0,1517.0,4502,49201,2022-09-15,256812,False,tablet,neutral,#music #fitness #fashion,0.381211764,3,18756.0,2022,9,September,Thursday,48605.40612244898,46–55
16142,38.0,other,germany,160941,image,lifestyle,13584.0,2119.0,1583.0,343,16884,2023-07-14,619376,False,mobile,negative,#tech #fun,1.023809524,2,17286.0,2023,7,July,Friday,48605.40612244898,36–45
38398,17.0,female,india,973772,video,fashion,19840.0,1696.0,1012.0,4747,37078,2023-10-08,300196,False,tablet,positive,#music,0.593289821,1,22548.0,2023,10,October,Sunday,52462.38691588785,Under 18
61971,57.0,female,india,436972,text,travel,4197.0,132.0,522.0,1544,29122,2022-07-18,85918,False,mobile,neutral,#love #fun,0.166575098,2,4851.0,2022,7,July,Monday,52462.38691588785,56+
51862,54.0,male,germany,257182,video,fashion,5824.0,569.0,769.0,7758,85351,2022-10-19,785789,False,mobile,negative,#tech #fun #reels,0.083912315,3,7162.0,2022,10,October,Wednesday,48605.40612244898,46–55
63410,21.0,male,uae,498565,video,fashion,12097.0,2508.0,854.0,3996,93077,2023-10-10,203532,True,desktop,negative,#love,0.166088292,1,15459.0,2023,10,October,Tuesday,48928.41351888668,18–25
29503,61.0,male,australia,261446,reel,lifestyle,19236.0,124.0,791.0,5969,37839,2022-03-24,373320,False,mobile,neutral,#fun #tech #fitness,0.532545786,3,20151.0,2022,3,March,Thursday,48346.38336713996,56+
58456,45.0,male,france,446689,video,tech,18839.0,1034.0,1745.0,7827,83269,2022-09-23,86434,False,mobile,negative,#love,0.259616424,1,21618.0,2022,9,September,Friday,51727.67338709677,36–45
92035,48.0,other,france,472767,text,education,12115.0,2988.0,1347.0,6848,4326,2023-02-21,694023,False,desktop,negative,#fitness #fashion #tech,3.802588997,3,16450.0,2023,2,February,Tuesday,51727.67338709677,46–55
18016,38.0,male,australia,666879,image,fitness,17774.0,2074.0,1870.0,2818,22891,2022-01-19,23959,False,tablet,positive,#tech #fashion,0.948757153,2,21718.0,2022,1,January,Wednesday,48346.38336713996,36–45
12384,30.0,other,brazil,493273,video,education,4925.0,206.0,1547.0,5255,87663,2023-06-14,151903,False,desktop,negative,#fun #travel,0.076178091,2,6678.0,2023,6,June,Wednesday,49193.1746031746,26–35
72320,21.0,male,uae,455973,text,fashion,19220.0,311.0,442.0,38,88997,2023-01-06,448208,False,desktop,neutral,#fitness #foodie #love,0.224423295,3,19973.0,2023,1,January,Friday,48928.41351888668,18–25
25072,41.0,female,germany,875896,reel,food,17001.0,2429.0,250.0,5439,43578,2023-11-22,241140,False,desktop,negative,#music,0.45160402,1,19680.0,2023,11,November,Wednesday,48605.40612244898,36–45
90018,62.0,female,australia,426722,video,tech,2469.0,1785.0,1858.0,4382,57604,2022-01-23,265944,False,mobile,neutral,#music,0.106103743,1,6112.0,2022,1,January,Sunday,48346.38336713996,56+
50510,26.0,male,canada,994929,image,tech,12468.0,1338.0,159.0,5063,41173,2023-01-20,734070,False,desktop,positive,#foodie #fashion,0.339178588,2,13965.0,2023,1,January,Friday,48703.150097465885,26–35
58933,37.0,male,france,250193,video,music,2702.0,295.0,35.0,5582,6261,2023-09-11,492869,False,mobile,positive,#foodie #fashion #music,0.484267689,3,3032.0,2023,9,September,Monday,51727.67338709677,36–45
31826,27.0,other,canada,367637,text,fashion,6257.0,401.0,1012.0,4986,97565,2023-10-05,119344,False,mobile,positive,#tech #fitness,0.085501973,2,7670.0,2023,10,October,Thursday,48703.150097465885,26–35
78026,18.0,male,australia,884118,video,lifestyle,8105.0,1458.0,879.0,4757,38329,2023-06-06,93227,False,mobile,positive,#travel #foodie,0.272430797,2,10442.0,2023,6,June,Tuesday,48346.38336713996,Under 18
35518,54.0,male,australia,726469,video,food,3165.0,1596.0,1221.0,3423,75313,2023-01-14,148392,False,mobile,positive,#fitness #fun,0.079428518,2,5982.0,2023,1,January,Saturday,48346.38336713996,46–55
34045,41.0,male,usa,692106,reel,fashion,11370.0,121.0,1012.0,1028,1728,2023-12-12,484936,False,tablet,positive,#foodie,7.502314815,1,12503.0,2023,12,December,Tuesday,51263.87225548902,36–45
60876,27.0,female,usa,319778,video,food,10483.0,750.0,1401.0,235,73616,2022-03-31,143121,False,mobile,negative,#music,0.1716203,1,12634.0,2022,3,March,Thursday,51263.87225548902,26–35
61919,41.0,other,uk,602895,image,tech,14758.0,105.0,1269.0,6379,31474,2022-05-24,192250,False,mobile,neutral,#love #reels #foodie,0.512550041,3,16132.0,2022,5,May,Tuesday,51119.39350912779,36–45
37103,16.0,female,uk,363575,video,food,4430.0,2838.0,392.0,7993,46992,2023-09-13,293300,False,desktop,positive,#fashion #love #music,0.163006469,3,7660.0,2023,9,September,Wednesday,51119.39350912779,Under 18
46188,30.0,other,india,553685,reel,education,9238.0,1059.0,1227.0,968,77511,2022-07-23,86860,False,desktop,positive,#foodie #travel #tech,0.148675672,3,11524.0,2022,7,July,Saturday,52462.38691588785,26–35
15845,62.0,female,india,555457,text,fashion,5992.0,1573.0,43.0,6644,23080,2023-07-10,105356,False,mobile,neutral,#fun #tech,0.329636049,2,7608.0,2023,7,July,Monday,52462.38691588785,56+
96698,61.0,male,germany,724367,video,travel,12249.0,71.0,314.0,5224,84518,2023-06-04,285179,False,tablet,neutral,#music #lifestyle,0.14948295,2,12634.0,2023,6,June,Sunday,48605.40612244898,56+
46674,56.0,female,usa,879558,video,travel,6597.0,567.0,407.0,1230,34863,2023-01-27,529865,False,tablet,neutral,#fun #reels #tech,0.217164329,3,7571.0,2023,1,January,Friday,51263.87225548902,56+
29337,51.0,female,germany,317199,reel,food,1407.0,1244.0,894.0,238,10401,2022-10-28,646920,False,desktop,positive,#travel #music,0.340832612,2,3545.0,2022,10,October,Friday,48605.40612244898,46–55
32313,28.0,other,australia,504567,reel,lifestyle,9201.0,75.0,1854.0,1854,66231,2023-05-20,186170,False,tablet,negative,#tech #lifestyle #music,0.168048195,3,11130.0,2023,5,May,Saturday,48346.38336713996,26–35
36943,23.0,other,germany,787843,reel,fashion,5557.0,2769.0,205.0,4924,82959,2022-06-02,675251,False,desktop,positive,#lifestyle #love,0.10283393,2,8531.0,2022,6,June,Thursday,48605.40612244898,18–25
87949,26.0,female,australia,393339,video,fitness,15515.0,1009.0,1264.0,51,50551,2023-06-13,417207,False,tablet,negative,#fashion,0.351882258,1,17788.0,2023,6,June,Tuesday,48346.38336713996,26–35
10276,15.0,other,france,868303,image,travel,3406.0,2275.0,40.0,2155,21898,2022-12-05,298260,False,tablet,positive,#fitness #fun #reels,0.261256736,3,5721.0,2022,12,December,Monday,51727.67338709677,Under 18
61151,63.0,other,usa,879568,reel,music,11794.0,1497.0,587.0,1380,58596,2023-05-27,470392,False,tablet,negative,#reels,0.219008123,1,13878.0,2023,5,May,Saturday,51263.87225548902,56+
27611,62.0,other,uk,858049,text,tech,5700.0,765.0,713.0,1056,61903,2022-12-01,176454,False,desktop,positive,#reels #music,0.115955608,2,7178.0,2022,12,December,Thursday,51119.39350912779,56+
21944,54.0,other,germany,253807,video,education,8127.0,486.0,1386.0,21,92306,2023-05-24,440213,False,desktop,neutral,#love #fun,0.108324486,2,9999.0,2023,5,May,Wednesday,48605.40612244898,46–55
62887,50.0,other,usa,639491,text,fashion,10740.0,2715.0,897.0,306,9689,2022-02-25,227080,False,mobile,positive,#fitness #love #foodie,1.481267417,3,14352.0,2022,2,February,Friday,51263.87225548902,46–55
91442,57.0,female,france,366118,text,fashion,1545.0,1497.0,94.0,4106,80733,2023-07-10,447694,False,mobile,positive,#fun #fashion,0.038844091,2,3136.0,2023,7,July,Monday,51727.67338709677,56+
59847,54.0,other,canada,335281,image,education,16518.0,829.0,539.0,5758,48322,2023-07-05,632894,False,tablet,neutral,#foodie,0.370141964,1,17886.0,2023,7,July,Wednesday,48703.150097465885,46–55
68653,30.0,male,uk,464913,text,travel,2859.0,2838.0,1167.0,7609,6481,2022-05-10,575016,False,tablet,neutral,#fitness,1.059095819,1,6864.0,2022,5,May,Tuesday,51119.39350912779,26–35
96072,32.0,female,uae,878459,reel,education,13057.0,1940.0,58.0,2609,91007,2022-04-08,178422,False,tablet,positive,#tech,0.165426835,1,15055.0,2022,4,April,Friday,48928.41351888668,26–35
66622,60.0,female,japan,709510,reel,education,6003.0,970.0,1664.0,4293,56715,2023-02-26,519840,False,desktop,positive,#travel #foodie #love,0.152287755,3,8637.0,2023,2,February,Sunday,49616.13559322034,56+
37810,37.0,female,usa,602578,video,fitness,1264.0,489.0,853.0,3600,30688,2022-03-21,373400,False,tablet,positive,#reels #travel #fun,0.084919187,3,2606.0,2022,3,March,Monday,51263.87225548902,36–45
87842,50.0,other,brazil,880136,image,music,18156.0,2423.0,508.0,1965,68553,2022-10-15,510104,False,mobile,positive,#music #tech #reels,0.307601418,3,21087.0,2022,10,October,Saturday,49193.1746031746,46–55
20503,25.0,male,usa,112636,image,education,16548.0,2278.0,512.0,5163,27215,2022-06-18,308443,False,tablet,positive,#music #lifestyle,0.710564027,2,19338.0,2022,6,June,Saturday,51263.87225548902,18–25
94761,16.0,other,australia,397214,text,tech,12612.0,1935.0,798.0,5304,4453,2022-03-20,67742,False,mobile,neutral,#foodie #fun #travel,3.445991466,3,15345.0,2022,3,March,Sunday,48346.38336713996,Under 18
46976,26.0,female,uae,915555,image,fitness,16019.0,2749.0,1045.0,6532,76262,2022-03-12,76201,False,tablet,negative,#fitness #travel #fun,0.259801736,3,19813.0,2022,3,March,Saturday,48928.41351888668,26–35
21590,45.0,female,brazil,745261,text,tech,15577.0,474.0,737.0,4646,70001,2022-09-20,784559,False,tablet,neutral,#music #fashion #fitness,0.239825145,3,16788.0,2022,9,September,Tuesday,49193.1746031746,36–45
20886,40.0,male,germany,521976,text,travel,8811.0,1103.0,1227.0,3578,26676,2023-12-13,789276,False,tablet,positive,#music #travel #reels,0.417641326,3,11141.0,2023,12,December,Wednesday,48605.40612244898,36–45
22866,64.0,female,france,629254,image,fashion,6725.0,1709.0,698.0,5561,85138,2023-12-24,102597,False,mobile,positive,#music,0.107261152,1,9132.0,2023,12,December,Sunday,51727.67338709677,56+
76624,49.0,other,brazil,867111,video,tech,19164.0,1599.0,886.0,2543,23233,2023-06-14,48178,False,mobile,neutral,#tech,0.931821117,1,21649.0,2023,6,June,Wednesday,49193.1746031746,46–55
78899,20.0,male,germany,446106,text,fashion,6814.0,1195.0,1012.0,504,43801,2022-07-29,350809,False,desktop,positive,#fashion,0.193580055,1,9021.0,2022,7,July,Friday,48605.40612244898,18–25
42792,56.0,male,germany,703986,reel,food,16185.0,225.0,283.0,136,74781,2022-04-27,334622,False,mobile,positive,#music,0.223225151,1,16693.0,2022,4,April,Wednesday,48605.40612244898,56+
19764,46.0,female,germany,509274,reel,food,3972.0,2190.0,371.0,5084,91937,2023-09-08,135213,False,tablet,positive,#travel #fun,0.07105953,2,6533.0,2023,9,September,Friday,48605.40612244898,46–55
96156,56.0,male,australia,665770,image,music,19616.0,707.0,1521.0,1302,42646,2022-03-18,650296,True,mobile,positive,#fun #tech,0.512216855,2,21844.0,2022,3,March,Friday,48346.38336713996,56+
52727,17.0,female,brazil,340275,image,travel,7594.0,1714.0,1355.0,4014,83761,2022-11-11,412884,False,tablet,positive,#foodie #fashion,0.127302683,2,10663.0,2022,11,November,Friday,49193.1746031746,Under 18
88471,17.0,female,india,102998,text,music,16786.0,53.0,1050.0,6307,49043,2022-01-11,754149,False,tablet,negative,#fitness #music #foodie,0.364761536,3,17889.0,2022,1,January,Tuesday,52462.38691588785,Under 18
18068,43.0,male,france,222659,text,travel,7199.0,2243.0,854.0,3614,68094,2022-02-20,686931,False,mobile,positive,#love #reels,0.151202749,2,10296.0,2022,2,February,Sunday,51727.67338709677,36–45
17295,38.0,female,canada,161265,reel,lifestyle,6264.0,1752.0,128.0,4947,27568,2022-01-07,91619,False,desktop,positive,#love #fitness,0.295414974,2,8144.0,2022,1,January,Friday,48703.150097465885,36–45
51160,21.0,male,usa,166445,text,travel,15874.0,2892.0,1403.0,5142,63712,2023-07-03,690550,False,mobile,neutral,#lifestyle,0.316565168,1,20169.0,2023,7,July,Monday,51263.87225548902,18–25
21390,54.0,female,australia,997465,reel,food,4480.0,2345.0,506.0,6071,39223,2022-09-18,796878,False,mobile,positive,#fitness #love,0.186905642,2,7331.0,2022,9,September,Sunday,48346.38336713996,46–55
30131,44.0,male,uk,265720,text,tech,6619.0,1497.0,1898.0,4806,72699,2023-07-28,691212,False,tablet,neutral,#music #travel #reels,0.137140813,3,10014.0,2023,7,July,Friday,51119.39350912779,36–45
85969,45.0,female,canada,964465,video,education,2607.0,2584.0,1921.0,506,6103,2023-05-27,595762,True,mobile,negative,#reels #travel #fashion,1.165328527,3,7112.0,2023,5,May,Saturday,48703.150097465885,36–45
25038,15.0,male,france,970912,video,education,9382.0,578.0,1118.0,4781,11124,2022-07-19,74874,False,desktop,positive,#lifestyle,0.995864797,1,11078.0,2022,7,July,Tuesday,51727.67338709677,Under 18
62327,42.0,female,australia,762887,reel,education,8580.0,1698.0,577.0,1533,17273,2022-11-26,712736,False,tablet,neutral,#fashion #love,0.628437446,2,10855.0,2022,11,November,Saturday,48346.38336713996,36–45
87064,62.0,female,canada,990432,video,fitness,19788.0,499.0,1200.0,3641,6558,2022-03-31,105714,False,mobile,negative,#foodie #travel,3.276456237,2,21487.0,2022,3,March,Thursday,48703.150097465885,56+
31281,24.0,female,usa,758432,video,education,17173.0,2671.0,472.0,4003,61294,2023-08-14,476143,False,desktop,negative,#tech #fun,0.331451692,2,20316.0,2023,8,August,Monday,51263.87225548902,18–25
64189,41.0,male,germany,505234,image,travel,1494.0,2888.0,1509.0,707,83341,2022-02-24,283409,False,tablet,positive,#travel #foodie,0.070685497,2,5891.0,2022,2,February,Thursday,48605.40612244898,36–45
58511,15.0,other,uae,653940,text,education,19135.0,205.0,1007.0,1623,53721,2022-08-09,267162,False,desktop,positive,#reels #fitness,0.378753188,2,20347.0,2022,8,August,Tuesday,48928.41351888668,Under 18
18605,38.0,female,germany,104476,image,fitness,14388.0,1941.0,1298.0,7611,64313,2022-04-02,618536,False,desktop,neutral,#music,0.274081445,1,17627.0,2022,4,April,Saturday,48605.40612244898,36–45
11381,42.0,female,france,720056,reel,fitness,6710.0,2927.0,667.0,4237,2209,2023-08-09,303247,False,tablet,neutral,#tech #fun #foodie,4.664554097,3,10304.0,2023,8,August,Wednesday,51727.67338709677,36–45
76634,21.0,male,usa,258554,image,food,820.0,1160.0,1989.0,2328,13465,2022-02-25,412416,False,mobile,neutral,#travel #tech,0.294764203,2,3969.0,2022,2,February,Friday,51263.87225548902,18–25
29810,38.0,female,canada,858153,reel,lifestyle,12228.0,2455.0,1446.0,3014,51637,2022-06-28,498395,False,desktop,positive,#love #fitness #reels,0.312353545,3,16129.0,2022,6,June,Tuesday,48703.150097465885,36–45
34322,14.0,female,japan,293585,video,tech,18753.0,278.0,1554.0,7374,80848,2022-03-02,131789,False,tablet,positive,#fashion #love,0.254613596,2,20585.0,2022,3,March,Wednesday,49616.13559322034,Under 18
51869,15.0,female,uae,317483,image,food,17847.0,1468.0,1918.0,1707,29245,2022-04-27,646949,False,mobile,neutral,#fun #tech,0.726038639,2,21233.0,2022,4,April,Wednesday,48928.41351888668,Under 18
42955,58.0,female,germany,902651,video,travel,18291.0,676.0,1907.0,301,78035,2023-08-13,688692,False,desktop,positive,#love #foodie #reels,0.267495355,3,20874.0,2023,8,August,Sunday,48605.40612244898,56+
71388,16.0,other,india,392592,text,food,11257.0,940.0,319.0,2444,70721,2022-08-24,779533,False,tablet,positive,#reels #tech #music,0.176977136,3,12516.0,2022,8,August,Wednesday,52462.38691588785,Under 18
20207,37.0,other,canada,573119,video,food,11837.0,2318.0,57.0,317,23920,2022-02-02,650294,False,desktop,neutral,#fun #travel,0.594147157,2,14212.0,2022,2,February,Wednesday,48703.150097465885,36–45
97329,63.0,female,germany,518336,text,food,12220.0,440.0,272.0,5906,80295,2023-07-21,430323,False,mobile,positive,#fitness #foodie,0.161056106,2,12932.0,2023,7,July,Friday,48605.40612244898,56+
77628,25.0,female,canada,893287,video,travel,3965.0,1251.0,1221.0,2955,33486,2022-08-31,764007,False,mobile,positive,#love,0.192229588,1,6437.0,2022,8,August,Wednesday,48703.150097465885,18–25
38220,51.0,female,uae,549769,image,travel,13038.0,1497.0,1102.0,2927,21374,2022-03-15,193495,False,mobile,positive,#tech,0.763263778,1,15637.0,2022,3,March,Tuesday,48928.41351888668,46–55
94050,56.0,other,france,561849,image,music,9508.0,1293.0,981.0,857,9174,2022-01-21,748545,False,tablet,positive,#fun #fashion,1.284281666,2,11782.0,2022,1,January,Friday,51727.67338709677,56+
84085,47.0,other,uk,275657,video,food,16565.0,1843.0,40.0,7215,67339,2023-12-14,688989,False,mobile,positive,#tech,0.273957142,1,18448.0,2023,12,December,Thursday,51119.39350912779,46–55
32031,35.0,male,germany,756444,reel,food,6000.0,1783.0,737.0,2720,11087,2022-06-03,703746,False,mobile,positive,#fitness #reels #love,0.768467575,3,8520.0,2022,6,June,Friday,48605.40612244898,26–35
80721,21.0,male,canada,198856,reel,fitness,9152.0,1875.0,1796.0,3022,29880,2022-09-11,284285,False,tablet,positive,#fun,0.429149933,1,12823.0,2022,9,September,Sunday,48703.150097465885,18–25
90807,14.0,female,uk,253016,text,music,17373.0,2534.0,1268.0,676,51671,2022-07-26,710411,False,mobile,positive,#music #reels,0.409804339,2,21175.0,2022,7,July,Tuesday,51119.39350912779,Under 18
81312,53.0,female,uk,161282,text,tech,9917.0,547.0,1046.0,7557,62638,2022-05-29,284650,False,mobile,neutral,#tech #fashion #fun,0.183754271,3,11510.0,2022,5,May,Sunday,51119.39350912779,46–55
69766,56.0,other,india,187393,video,fitness,14654.0,985.0,708.0,378,90719,2023-11-26,706082,False,mobile,neutral,#fun #tech #foodie,0.180193785,3,16347.0,2023,11,November,Sunday,52462.38691588785,56+
22449,43.0,female,uk,806757,image,lifestyle,706.0,2984.0,235.0,216,88391,2022-10-29,661159,False,tablet,neutral,#travel,0.044404973,1,3925.0,2022,10,October,Saturday,51119.39350912779,36–45
99833,56.0,female,uae,754110,text,tech,4847.0,2819.0,125.0,3700,64182,2022-10-24,673272,False,mobile,neutral,#tech,0.121389175,1,7791.0,2022,10,October,Monday,48928.41351888668,56+
66699,59.0,other,usa,642358,video,music,18004.0,2066.0,777.0,2896,10327,2023-05-06,388937,False,desktop,negative,#music #travel,2.018688874,2,20847.0,2023,5,May,Saturday,51263.87225548902,56+
91253,14.0,other,uk,810347,text,lifestyle,12893.0,424.0,835.0,6058,99821,2022-02-13,218860,True,tablet,positive,#fitness #travel #fashion,0.141773775,3,14152.0,2022,2,February,Sunday,51119.39350912779,Under 18
56092,44.0,other,japan,870741,image,tech,4649.0,2983.0,1012.0,7418,39026,2022-05-24,51340,False,desktop,positive,#lifestyle #travel,0.199123661,2,8644.0,2022,5,May,Tuesday,49616.13559322034,36–45
73671,30.0,other,canada,156690,text,food,11613.0,2105.0,878.0,4963,7248,2022-09-01,717195,False,tablet,positive,#reels #love,2.013796909,2,14596.0,2022,9,September,Thursday,48703.150097465885,26–35
20350,25.0,male,uk,845371,video,music,6596.0,2470.0,393.0,4529,35728,2023-02-23,68655,True,tablet,neutral,#reels #foodie,0.264750336,2,9459.0,2023,2,February,Thursday,51119.39350912779,18–25
78487,58.0,other,brazil,685422,text,music,19964.0,1798.0,827.0,4851,31000,2023-06-01,389379,False,tablet,negative,#fitness #tech,0.728677419,2,22589.0,2023,6,June,Thursday,49193.1746031746,56+
27622,17.0,male,usa,622386,reel,fitness,13938.0,2891.0,126.0,2989,11871,2022-03-03,674099,False,desktop,neutral,#music #tech #fitness,1.428270575,3,16955.0,2022,3,March,Thursday,51263.87225548902,Under 18
80263,54.0,female,australia,974187,text,tech,8614.0,1683.0,1821.0,3830,68021,2023-06-22,351322,False,mobile,positive,#foodie #love,0.178150865,2,12118.0,2023,6,June,Thursday,48346.38336713996,46–55
63117,56.0,female,usa,469137,image,lifestyle,19580.0,1948.0,1137.0,3656,66561,2022-11-13,350984,False,mobile,negative,#fitness #fun #lifestyle,0.340514716,3,22665.0,2022,11,November,Sunday,51263.87225548902,56+
68394,22.0,female,france,552655,image,tech,10106.0,65.0,1943.0,5403,39089,2023-03-11,637281,False,mobile,neutral,#foodie #music,0.309908158,2,12114.0,2023,3,March,Saturday,51727.67338709677,18–25
33782,55.0,male,australia,393633,image,travel,12277.0,814.0,836.0,1506,33096,2023-11-27,325275,True,mobile,positive,#tech #fitness #lifestyle,0.42080614,3,13927.0,2023,11,November,Monday,48346.38336713996,46–55
38454,37.0,other,india,123178,image,tech,15448.0,1174.0,524.0,6850,51020,2023-01-16,775058,False,tablet,negative,#foodie,0.336064289,1,17146.0,2023,1,January,Monday,52462.38691588785,36–45
77904,46.0,other,usa,965451,video,education,13133.0,2949.0,1251.0,1290,81025,2022-02-05,55590,True,tablet,positive,#fun,0.213921629,1,17333.0,2022,2,February,Saturday,51263.87225548902,46–55
25592,49.0,male,france,420100,text,food,11374.0,1809.0,1544.0,1939,27097,2023-06-26,369475,False,desktop,positive,#love,0.543491899,1,14727.0,2023,6,June,Monday,51727.67338709677,46–55
32173,42.0,other,usa,278874,text,fashion,4646.0,436.0,145.0,4694,29588,2023-08-04,6784,False,mobile,neutral,#tech,0.176659457,1,5227.0,2023,8,August,Friday,51263.87225548902,36–45
43204,19.0,female,uk,865823,text,travel,13708.0,789.0,1186.0,7413,23075,2022-08-20,554970,False,tablet,positive,#travel #fitness,0.679653304,2,15683.0,2022,8,August,Saturday,51119.39350912779,18–25
45596,18.0,male,germany,162778,text,fashion,6090.0,2020.0,734.0,7325,37410,2023-11-19,348020,True,mobile,neutral,#travel,0.236407378,1,8844.0,2023,11,November,Sunday,48605.40612244898,Under 18
44324,15.0,other,germany,288791,video,music,12784.0,234.0,727.0,7524,72211,2022-02-02,778155,False,mobile,positive,#fun #music,0.190344961,2,13745.0,2022,2,February,Wednesday,48605.40612244898,Under 18
71202,25.0,male,france,526904,image,food,11279.0,1738.0,1923.0,7715,64354,2023-08-04,110752,False,desktop,positive,#fitness #lifestyle,0.232153401,2,14940.0,2023,8,August,Friday,51727.67338709677,18–25
99400,15.0,male,usa,735754,text,education,15392.0,674.0,168.0,235,93364,2022-12-18,521395,True,tablet,positive,#fun #reels,0.173878583,2,16234.0,2022,12,December,Sunday,51263.87225548902,Under 18
40750,38.0,other,france,218292,text,music,10984.0,2145.0,1561.0,1783,25909,2022-09-12,52635,False,mobile,neutral,#music,0.566984446,1,14690.0,2022,9,September,Monday,51727.67338709677,36–45
86112,36.0,female,india,986179,image,fashion,2536.0,1032.0,1148.0,7627,44095,2022-02-19,796981,False,desktop,neutral,#travel #love,0.106950901,2,4716.0,2022,2,February,Saturday,52462.38691588785,36–45
26566,18.0,other,germany,336424,reel,music,19643.0,926.0,299.0,4195,68232,2022-01-23,721611,True,desktop,positive,#love,0.305838903,1,20868.0,2022,1,January,Sunday,48605.40612244898,Under 18
17190,55.0,other,brazil,146475,reel,tech,6879.0,760.0,1273.0,2786,72857,2022-09-11,647778,False,mobile,positive,#love #fashion,0.122321808,2,8912.0,2022,9,September,Sunday,49193.1746031746,46–55
98607,61.0,female,australia,412841,image,fashion,14793.0,2474.0,937.0,6262,57912,2023-01-29,69243,False,mobile,positive,#fun #fitness #fashion,0.314338997,3,18204.0,2023,1,January,Sunday,48346.38336713996,56+
48333,54.0,other,uae,260749,text,fitness,7438.0,226.0,521.0,1377,59860,2023-11-07,441607,False,desktop,positive,#tech,0.136735717,1,8185.0,2023,11,November,Tuesday,48928.41351888668,46–55
90905,24.0,other,uk,110272,image,food,18895.0,1776.0,104.0,2755,91065,2022-09-30,479334,False,desktop,neutral,#travel,0.228133751,1,20775.0,2022,9,September,Friday,51119.39350912779,18–25
99571,61.0,other,brazil,907503,text,fitness,18474.0,2064.0,617.0,6231,17607,2023-11-24,62391,True,mobile,neutral,#fashion,1.201510763,1,21155.0,2023,11,November,Friday,49193.1746031746,56+
11589,48.0,male,brazil,613214,text,fashion,4634.0,2610.0,968.0,2083,34488,2022-09-07,341682,True,mobile,positive,#love,0.238111807,1,8212.0,2022,9,September,Wednesday,49193.1746031746,46–55
35235,14.0,male,canada,208644,reel,music,16951.0,2275.0,1536.0,4409,60475,2022-08-25,685596,False,desktop,positive,#love #foodie,0.34331542,2,20762.0,2022,8,August,Thursday,48703.150097465885,Under 18
10159,23.0,male,brazil,306308,reel,education,16504.0,705.0,1717.0,4095,62264,2022-08-20,748372,True,tablet,positive,#tech #love,0.303963767,2,18926.0,2022,8,August,Saturday,49193.1746031746,18–25
22145,51.0,other,australia,981948,text,music,6768.0,1815.0,1935.0,7707,85994,2023-03-04,230143,False,desktop,positive,#fashion #lifestyle,0.122310859,2,10518.0,2023,3,March,Saturday,48346.38336713996,46–55
90909,46.0,female,australia,248369,text,music,8507.0,1261.0,505.0,4646,57195,2023-09-26,117877,False,desktop,neutral,#foodie #lifestyle,0.179613603,2,10273.0,2023,9,September,Tuesday,48346.38336713996,46–55
41921,38.0,male,uk,807292,text,fitness,15357.0,1410.0,301.0,7489,52281,2022-08-30,658330,False,tablet,negative,#travel #music #tech,0.326466594,3,17068.0,2022,8,August,Tuesday,51119.39350912779,36–45
26237,30.0,female,france,337957,reel,travel,620.0,668.0,652.0,6570,80569,2022-05-14,426688,False,mobile,negative,#fashion #lifestyle,0.02407874,2,1940.0,2022,5,May,Saturday,51727.67338709677,26–35
18244,33.0,other,japan,521841,text,fashion,453.0,2301.0,1253.0,4612,46754,2022-03-12,746653,False,desktop,negative,#lifestyle #music #fashion,0.085703897,3,4007.0,2022,3,March,Saturday,49616.13559322034,26–35
24743,48.0,male,japan,653119,image,lifestyle,19118.0,1845.0,63.0,6107,99874,2023-04-10,137450,True,mobile,negative,#love,0.210525262,1,21026.0,2023,4,April,Monday,49616.13559322034,46–55
56101,52.0,other,usa,875035,video,fitness,13831.0,1337.0,589.0,2700,76289,2023-02-25,27848,False,tablet,positive,#lifestyle,0.206543538,1,15757.0,2023,2,February,Saturday,51263.87225548902,46–55
94227,64.0,female,usa,480457,video,tech,958.0,1324.0,231.0,7907,15400,2022-11-06,253700,False,desktop,positive,#foodie #lifestyle,0.163181818,2,2513.0,2022,11,November,Sunday,51263.87225548902,56+
66378,58.0,male,uae,748238,text,fashion,10200.0,117.0,1622.0,4104,29332,2022-10-06,645759,False,mobile,negative,#lifestyle,0.407029865,1,11939.0,2022,10,October,Thursday,48928.41351888668,56+
81126,56.0,male,australia,549694,image,education,762.0,1868.0,1206.0,7526,9948,2022-08-07,652812,False,mobile,positive,#travel,0.385605147,1,3836.0,2022,8,August,Sunday,48346.38336713996,56+
66071,34.0,male,usa,425053,text,lifestyle,15069.0,2097.0,318.0,3549,68746,2023-11-28,560917,False,mobile,positive,#fitness #lifestyle #reels,0.254327525,3,17484.0,2023,11,November,Tuesday,51263.87225548902,26–35
81121,42.0,male,canada,915799,image,education,13697.0,1813.0,1681.0,4152,85449,2022-11-03,80023,False,mobile,positive,#foodie,0.201184332,1,17191.0,2022,11,November,Thursday,48703.150097465885,36–45
84763,62.0,female,usa,801173,reel,travel,18435.0,1587.0,828.0,2330,62317,2022-11-10,247559,False,mobile,positive,#lifestyle #fashion #love,0.334579649,3,20850.0,2022,11,November,Thursday,51263.87225548902,56+
22237,55.0,male,india,594090,reel,tech,15129.0,542.0,91.0,7612,7276,2023-02-07,48565,False,mobile,positive,#reels #fitness #tech,2.166300165,3,15762.0,2023,2,February,Tuesday,52462.38691588785,46–55
25649,42.0,other,india,644409,text,fashion,8388.0,2374.0,1658.0,4556,74015,2023-12-30,251627,False,desktop,positive,#tech,0.167803824,1,12420.0,2023,12,December,Saturday,52462.38691588785,36–45
47713,20.0,male,canada,397691,reel,education,16644.0,1526.0,1811.0,7657,45763,2023-05-03,137233,True,desktop,neutral,#fun,0.436619103,1,19981.0,2023,5,May,Wednesday,48703.150097465885,18–25
83463,46.0,female,brazil,425786,text,tech,6746.0,2991.0,960.0,5478,6888,2023-02-09,535257,True,tablet,neutral,#love #music #fashion,1.552990708,3,10697.0,2023,2,February,Thursday,49193.1746031746,46–55
55409,59.0,male,india,387058,video,fashion,5890.0,1269.0,63.0,3761,62214,2023-01-14,780826,False,mobile,positive,#reels #foodie,0.116083197,2,7222.0,2023,1,January,Saturday,52462.38691588785,56+
58766,21.0,female,japan,478808,image,fashion,6053.0,601.0,843.0,2011,6382,2022-10-08,83051,False,tablet,negative,#foodie #reels,1.174710122,2,7497.0,2022,10,October,Saturday,49616.13559322034,18–25
56154,63.0,female,japan,603148,image,food,1280.0,2149.0,218.0,2641,5475,2023-09-29,55976,False,desktop,negative,#music #lifestyle,0.666118721,2,3647.0,2023,9,September,Friday,49616.13559322034,56+
17016,32.0,other,india,772538,video,fitness,16519.0,387.0,703.0,5025,32503,2023-11-22,551955,False,tablet,positive,#tech,0.541765376,1,17609.0,2023,11,November,Wednesday,52462.38691588785,26–35
89563,52.0,male,usa,167258,video,fashion,7877.0,1497.0,618.0,7764,18710,2022-11-23,333093,True,desktop,neutral,#love #tech #lifestyle,0.539657937,3,9992.0,2022,11,November,Wednesday,51263.87225548902,46–55
58688,37.0,male,uae,834781,video,travel,2545.0,1727.0,1932.0,2112,1440,2022-02-04,193652,False,desktop,positive,#lifestyle,4.308333333,1,6204.0,2022,2,February,Friday,48928.41351888668,36–45
99678,31.0,male,uae,160563,video,lifestyle,14447.0,2696.0,246.0,3500,41738,2022-03-11,134323,False,tablet,positive,#fitness,0.416622742,1,17389.0,2022,3,March,Friday,48928.41351888668,26–35
64238,17.0,other,japan,281122,reel,fitness,11677.0,338.0,963.0,4950,73619,2022-12-26,793480,False,desktop,positive,#fun #reels #foodie,0.176286013,3,12978.0,2022,12,December,Monday,49616.13559322034,Under 18
68608,23.0,other,india,949039,image,food,8560.0,2231.0,1496.0,6945,48511,2023-11-21,157785,False,desktop,positive,#reels,0.253282761,1,12287.0,2023,11,November,Tuesday,52462.38691588785,18–25
99081,27.0,female,brazil,165638,image,fitness,3662.0,55.0,1989.0,5987,32188,2023-02-12,38149,True,tablet,positive,#fun #music #lifestyle,0.177271033,3,5706.0,2023,2,February,Sunday,49193.1746031746,26–35
41897,20.0,female,uk,979403,video,fitness,15737.0,1305.0,1013.0,7624,27460,2023-07-15,124009,False,tablet,positive,#lifestyle #love,0.657501821,2,18055.0,2023,7,July,Saturday,51119.39350912779,18–25
60961,31.0,female,usa,882428,text,fashion,13055.0,2619.0,1012.0,4231,74163,2023-08-03,371449,True,mobile,positive,#tech,0.212100374,1,16686.0,2023,8,August,Thursday,51263.87225548902,26–35
78703,35.0,other,usa,506478,text,travel,6729.0,1151.0,1068.0,4857,91015,2023-06-03,409940,False,tablet,positive,#tech,0.098313465,1,8948.0,2023,6,June,Saturday,51263.87225548902,26–35
54757,39.0,other,uae,500669,text,fashion,19838.0,1497.0,1911.0,1009,62394,2023-08-29,400226,False,desktop,neutral,#fitness #travel #reels,0.360050646,3,23246.0,2023,8,August,Tuesday,48928.41351888668,36–45
36917,52.0,other,india,863303,text,education,12798.0,1749.0,1109.0,1629,46761,2023-01-19,562844,False,mobile,positive,#music #love #lifestyle,0.334808922,3,15656.0,2023,1,January,Thursday,52462.38691588785,46–55
32736,44.0,female,france,800534,reel,travel,4808.0,1662.0,1061.0,3119,74190,2022-03-22,258804,False,desktop,positive,#love,0.101509637,1,7531.0,2022,3,March,Tuesday,51727.67338709677,36–45
37990,38.0,other,germany,964192,image,education,8048.0,2263.0,181.0,6051,71969,2023-03-14,392363,False,tablet,positive,#love #music #foodie,0.145784991,3,10492.0,2023,3,March,Tuesday,48605.40612244898,36–45
72551,39.0,female,india,701076,image,travel,13107.0,2991.0,163.0,6755,18505,2022-09-07,339088,True,desktop,positive,#fitness,0.878735477,1,16261.0,2022,9,September,Wednesday,52462.38691588785,36–45
68161,31.0,female,canada,904350,image,tech,6520.0,313.0,756.0,849,46285,2022-02-07,396765,True,tablet,neutral,#music,0.163962407,1,7589.0,2022,2,February,Monday,48703.150097465885,26–35
89623,62.0,male,india,893629,text,fashion,16928.0,2280.0,1858.0,7361,68205,2022-02-14,679967,False,tablet,positive,#love,0.308862987,1,21066.0,2022,2,February,Monday,52462.38691588785,56+
32440,54.0,male,usa,459271,video,music,3423.0,2792.0,1912.0,6260,89401,2022-12-25,176976,False,tablet,negative,#tech,0.090905023,1,8127.0,2022,12,December,Sunday,51263.87225548902,46–55
45205,41.0,male,uk,769037,text,music,4483.0,2622.0,125.0,6922,93242,2022-05-17,482990,False,mobile,negative,#tech #love,0.077540164,2,7230.0,2022,5,May,Tuesday,51119.39350912779,36–45
90811,51.0,female,canada,504255,image,education,12527.0,887.0,1230.0,2867,47720,2023-04-06,213885,False,tablet,negative,#fitness,0.306873428,1,14644.0,2023,4,April,Thursday,48703.150097465885,46–55
65103,53.0,male,uae,914217,text,food,7119.0,246.0,266.0,7166,11678,2023-01-02,345027,False,desktop,positive,#music,0.653450933,1,7631.0,2023,1,January,Monday,48928.41351888668,46–55
80812,45.0,male,australia,366714,video,lifestyle,17481.0,2489.0,353.0,2039,58348,2022-11-01,349781,True,mobile,negative,#travel,0.348306711,1,20323.0,2022,11,November,Tuesday,48346.38336713996,36–45
51627,31.0,male,australia,172242,video,music,10718.0,1922.0,1434.0,3235,48980,2022-08-17,327630,False,mobile,neutral,#fashion #lifestyle #music,0.287341772,3,14074.0,2022,8,August,Wednesday,48346.38336713996,26–35
29008,49.0,other,france,504871,text,music,15373.0,2182.0,1622.0,478,30302,2022-07-02,326735,False,mobile,neutral,#music,0.632862517,1,19177.0,2022,7,July,Saturday,51727.67338709677,46–55
81274,31.0,female,uae,329810,image,fitness,5435.0,1025.0,1680.0,1310,80063,2023-04-12,173058,False,desktop,negative,#tech #fun,0.101669935,2,8140.0,2023,4,April,Wednesday,48928.41351888668,26–35
42402,45.0,male,brazil,147907,reel,tech,12355.0,160.0,1145.0,4631,24481,2022-07-23,716080,False,tablet,positive,#love #fashion #travel,0.557983742,3,13660.0,2022,7,July,Saturday,49193.1746031746,36–45
63384,59.0,other,japan,895881,image,education,18327.0,2187.0,1531.0,6637,63420,2023-09-15,419934,False,mobile,positive,#travel #fashion #fitness,0.34760328,3,22045.0,2023,9,September,Friday,49616.13559322034,56+
15793,28.0,male,france,911062,reel,food,1719.0,2351.0,609.0,6548,37326,2022-03-09,351503,False,tablet,neutral,#love #tech #lifestyle,0.12535498,3,4679.0,2022,3,March,Wednesday,51727.67338709677,26–35
15571,35.0,other,australia,436802,image,lifestyle,5768.0,1483.0,468.0,2143,84105,2023-07-04,589995,False,tablet,negative,#music,0.091778134,1,7719.0,2023,7,July,Tuesday,48346.38336713996,26–35
26209,19.0,male,japan,146371,text,lifestyle,11881.0,1737.0,800.0,5616,19195,2023-12-11,631793,False,desktop,positive,#lifestyle #foodie #fun,0.751133108,3,14418.0,2023,12,December,Monday,49616.13559322034,18–25
53148,38.0,other,brazil,649175,reel,fashion,9166.0,124.0,132.0,6397,39715,2022-11-01,195510,False,mobile,positive,#love #music #fitness,0.237240337,3,9422.0,2022,11,November,Tuesday,49193.1746031746,36–45
12224,44.0,female,uae,638147,image,travel,16798.0,2984.0,1402.0,413,52956,2023-08-27,659225,False,desktop,neutral,#fitness #fashion,0.400030214,2,21184.0,2023,8,August,Sunday,48928.41351888668,36–45
58695,24.0,other,japan,410483,text,education,9042.0,1908.0,1011.0,1656,31310,2023-09-20,440787,False,mobile,neutral,#fitness #fun,0.382018524,2,11961.0,2023,9,September,Wednesday,49616.13559322034,18–25
42441,20.0,other,uae,584284,image,fashion,11969.0,1370.0,848.0,2631,5902,2022-04-05,195370,False,mobile,positive,#reels,2.403761437,1,14187.0,2022,4,April,Tuesday,48928.41351888668,18–25
49129,17.0,other,brazil,597981,video,lifestyle,19112.0,1617.0,1019.0,3936,11941,2023-12-26,279930,False,tablet,positive,#fun,1.821287999,1,21748.0,2023,12,December,Tuesday,49193.1746031746,Under 18
72368,54.0,other,germany,284307,video,fashion,7203.0,1977.0,317.0,1394,80805,2022-09-03,611480,False,tablet,neutral,#tech #reels,0.117529856,2,9497.0,2022,9,September,Saturday,48605.40612244898,46–55
54760,40.0,female,canada,597516,image,tech,4641.0,2454.0,1600.0,2623,64760,2023-11-16,459489,False,mobile,negative,#reels,0.134264978,1,8695.0,2023,11,November,Thursday,48703.150097465885,36–45
33478,17.0,male,japan,596372,text,education,14374.0,163.0,1012.0,2290,19021,2022-03-20,392989,True,mobile,positive,#reels,0.801587719,1,15549.0,2022,3,March,Sunday,49616.13559322034,Under 18
81854,61.0,female,japan,888944,image,food,14546.0,861.0,1148.0,638,47605,2023-03-09,289099,False,tablet,positive,#tech,0.347757588,1,16555.0,2023,3,March,Thursday,49616.13559322034,56+
95716,38.0,female,uae,967414,text,lifestyle,17125.0,2287.0,450.0,3444,6845,2022-10-07,144678,False,mobile,positive,#lifestyle,2.901680058,1,19862.0,2022,10,October,Friday,48928.41351888668,36–45
22180,17.0,male,uae,908344,reel,education,14102.0,1236.0,1881.0,6182,31543,2023-10-23,312201,False,mobile,positive,#tech #love,0.545889738,2,17219.0,2023,10,October,Monday,48928.41351888668,Under 18
25372,34.0,other,japan,854927,video,music,591.0,2196.0,1012.0,6016,15116,2023-01-04,407369,False,mobile,negative,#love,0.299682456,1,3799.0,2023,1,January,Wednesday,49616.13559322034,26–35
39796,27.0,male,uae,744927,reel,tech,749.0,2631.0,1231.0,352,78855,2022-10-06,496006,False,desktop,neutral,#tech,0.058474415,1,4611.0,2022,10,October,Thursday,48928.41351888668,26–35
68272,25.0,male,uk,266587,text,food,2219.0,1206.0,1323.0,4521,29112,2022-12-17,655431,True,mobile,negative,#lifestyle #fitness,0.163094257,2,4748.0,2022,12,December,Saturday,51119.39350912779,18–25
99963,40.0,female,uk,508632,image,music,9029.0,504.0,1512.0,3148,87717,2022-08-14,671383,False,mobile,negative,#tech,0.125916299,1,11045.0,2022,8,August,Sunday,51119.39350912779,36–45
64040,45.0,male,germany,566032,video,tech,14777.0,524.0,632.0,7125,65937,2023-02-10,564423,True,tablet,negative,#fun,0.241639747,1,15933.0,2023,2,February,Friday,48605.40612244898,36–45
85357,38.0,other,germany,831870,text,fitness,11322.0,1403.0,141.0,4605,18649,2023-03-22,399978,False,tablet,positive,#reels,0.689902944,1,12866.0,2023,3,March,Wednesday,48605.40612244898,36–45
81368,35.0,female,germany,477925,text,travel,10105.5,1767.0,1003.0,3588,78074,2022-11-19,318159,False,desktop,positive,#fun #foodie #tech,0.184991162,3,12875.5,2022,11,November,Saturday,48605.40612244898,26–35
88356,45.0,other,australia,536962,video,music,8725.0,2822.0,1497.0,139,70922,2023-09-22,405410,False,tablet,positive,#travel #foodie #fun,0.183920363,3,13044.0,2023,9,September,Friday,48346.38336713996,36–45
26211,55.0,female,australia,274847,image,music,12654.0,700.0,858.0,251,35522,2022-03-14,28512,False,mobile,neutral,#travel #foodie,0.400090085,2,14212.0,2022,3,March,Monday,48346.38336713996,46–55
15842,30.0,other,india,464211,video,travel,9965.0,1017.0,1012.0,668,21351,2023-06-02,200436,False,desktop,positive,#travel,0.540958269,1,11994.0,2023,6,June,Friday,52462.38691588785,26–35
73115,62.0,male,france,615255,image,travel,7508.0,49.0,303.0,3842,30566,2022-11-17,777432,False,mobile,positive,#fitness,0.257148466,1,7860.0,2022,11,November,Thursday,51727.67338709677,56+
76852,42.0,male,canada,623966,image,fitness,19037.0,694.0,656.0,316,37960,2022-01-22,795018,False,mobile,positive,#love,0.537065332,1,20387.0,2022,1,January,Saturday,48703.150097465885,36–45
55968,38.0,male,uk,374371,text,lifestyle,15091.0,25.0,1579.0,4018,6680,2022-06-28,354035,False,mobile,neutral,#lifestyle,2.499251497,1,16695.0,2022,6,June,Tuesday,51119.39350912779,36–45
27508,28.0,other,brazil,506247,image,lifestyle,2570.0,2697.0,643.0,6563,82651,2023-12-09,775678,False,desktop,neutral,#travel,0.071505487,1,5910.0,2023,12,December,Saturday,49193.1746031746,26–35
32005,25.0,female,canada,339891,image,fitness,264.0,10.0,592.0,2926,48301,2022-04-19,259980,False,tablet,neutral,#music,0.017929235,1,866.0,2022,4,April,Tuesday,48703.150097465885,18–25
64575,51.0,female,canada,919432,video,travel,19979.0,807.0,1888.0,6892,57805,2023-01-07,507854,False,tablet,positive,#fashion #foodie #fitness,0.392249805,3,22674.0,2023,1,January,Saturday,48703.150097465885,46–55
90742,45.0,female,brazil,937685,video,travel,16025.0,1125.0,29.0,7242,78019,2023-11-28,90047,False,tablet,positive,#reels,0.220189954,1,17179.0,2023,11,November,Tuesday,49193.1746031746,36–45
28971,38.0,male,usa,735136,image,food,13349.0,2058.0,1400.0,2009,94599,2023-04-01,3381,False,mobile,positive,#reels #tech #love,0.177665726,3,16807.0,2023,4,April,Saturday,51263.87225548902,36–45
35599,38.0,other,japan,429708,text,food,18418.0,2819.0,1364.0,2945,15636,2023-07-21,69881,False,desktop,neutral,#reels #tech,1.445446406,2,22601.0,2023,7,July,Friday,49616.13559322034,36–45
97592,13.0,female,france,745209,video,music,19586.0,2817.0,1232.0,1052,80792,2022-08-17,350557,False,tablet,positive,#travel,0.292541341,1,23635.0,2022,8,August,Wednesday,51727.67338709677,Under 18
76914,61.0,other,india,982401,reel,fashion,8573.0,972.0,1994.0,7208,70036,2023-06-15,343692,False,desktop,neutral,#love #music #foodie,0.164758124,3,11539.0,2023,6,June,Thursday,52462.38691588785,56+
77055,50.0,female,germany,484758,text,music,11488.0,2454.0,1266.0,4636,52022,2022-12-30,372297,False,desktop,positive,#travel,0.292337857,1,15208.0,2022,12,December,Friday,48605.40612244898,46–55
97697,14.0,male,brazil,249385,video,education,9358.0,1068.0,694.0,3563,25444,2023-03-01,710428,False,mobile,neutral,#music,0.437038202,1,11120.0,2023,3,March,Wednesday,49193.1746031746,Under 18
15355,61.0,other,australia,345398,video,education,10670.0,841.0,157.0,1123,32673,2022-08-04,80659,False,desktop,positive,#foodie #music,0.357114437,2,11668.0,2022,8,August,Thursday,48346.38336713996,56+
64120,18.0,female,germany,437330,reel,education,388.0,2764.0,145.0,1343,24880,2022-02-17,442957,False,tablet,neutral,#tech #travel,0.132516077,2,3297.0,2022,2,February,Thursday,48605.40612244898,Under 18
84619,58.0,female,uae,322832,image,tech,2071.0,358.0,339.0,569,58310,2023-04-10,578761,False,tablet,positive,#travel,0.047470417,1,2768.0,2023,4,April,Monday,48928.41351888668,56+
48342,62.0,female,brazil,550967,video,food,14968.0,2601.0,865.0,4818,54362,2023-11-03,310193,False,desktop,negative,#fun,0.339097163,1,18434.0,2023,11,November,Friday,49193.1746031746,56+
95992,50.0,female,germany,414636,reel,food,14454.0,284.0,1768.0,3721,60069,2022-09-30,252982,False,desktop,positive,#tech #fashion,0.274783998,2,16506.0,2022,9,September,Friday,48605.40612244898,46–55
88860,38.0,male,japan,392508,reel,food,7840.0,2447.0,91.0,7690,761,2023-08-31,370750,False,desktop,positive,#love #fitness #fun,13.63731932,3,10378.0,2023,8,August,Thursday,49616.13559322034,36–45
12257,36.0,female,japan,511577,video,food,11849.0,1474.0,328.0,3916,66314,2022-01-30,668675,False,desktop,neutral,#foodie #reels #tech,0.205853967,3,13651.0,2022,1,January,Sunday,49616.13559322034,36–45
37364,30.0,female,japan,692237,text,music,19640.0,1635.0,171.0,1000,71999,2023-09-25,781928,False,tablet,positive,#fitness,0.297865248,1,21446.0,2023,9,September,Monday,49616.13559322034,26–35
34972,39.0,male,germany,206330,video,fitness,10431.0,2435.0,701.0,2923,33167,2022-07-09,591362,False,tablet,negative,#love,0.409051165,1,13567.0,2022,7,July,Saturday,48605.40612244898,36–45
36654,53.0,female,japan,524286,reel,fashion,6630.0,2831.0,1054.0,2236,82277,2022-06-01,164175,False,mobile,negative,#foodie #fashion,0.127799993,2,10515.0,2022,6,June,Wednesday,49616.13559322034,46–55
90769,20.0,other,uk,203722,video,food,14968.0,424.0,620.0,4545,84782,2023-01-11,530071,True,desktop,neutral,#fashion,0.188860843,1,16012.0,2023,1,January,Wednesday,51119.39350912779,18–25
91423,40.0,other,australia,777769,text,lifestyle,13008.0,1029.0,271.0,6237,98643,2022-09-12,317828,False,tablet,positive,#travel,0.145048306,1,14308.0,2022,9,September,Monday,48346.38336713996,36–45
39320,22.0,female,india,129854,image,tech,14719.0,1919.0,1118.0,3925,57246,2023-12-04,443655,False,desktop,negative,#tech #lifestyle #fun,0.310170143,3,17756.0,2023,12,December,Monday,52462.38691588785,18–25
30808,29.0,male,brazil,196742,image,education,2859.0,2488.0,988.0,3252,52552,2023-10-16,113634,False,tablet,neutral,#fashion #tech #fun,0.120547267,3,6335.0,2023,10,October,Monday,49193.1746031746,26–35
62389,41.0,male,canada,743913,video,food,2393.0,355.0,76.0,3392,44605,2022-02-03,233859,False,mobile,neutral,#love,0.063311288,1,2824.0,2022,2,February,Thursday,48703.150097465885,36–45
44773,18.0,male,germany,653943,video,fitness,14091.0,2966.0,150.0,2330,23807,2022-07-06,254091,False,tablet,neutral,#love #fashion #foodie,0.722770614,3,17207.0,2022,7,July,Wednesday,48605.40612244898,Under 18
61168,26.0,female,germany,529581,reel,lifestyle,2050.0,2812.0,141.0,7558,92724,2023-03-25,662336,False,tablet,neutral,#reels #fashion,0.053955826,2,5003.0,2023,3,March,Saturday,48605.40612244898,26–35
37747,34.0,female,australia,576514,text,education,3121.0,553.0,230.0,3392,96625,2022-03-27,568104,False,mobile,negative,#foodie #travel,0.040403622,2,3904.0,2022,3,March,Sunday,48346.38336713996,26–35
86396,18.0,other,usa,952588,reel,travel,9116.0,1886.0,1793.0,2617,5747,2023-11-04,484877,False,desktop,positive,#tech,2.22637898,1,12795.0,2023,11,November,Saturday,51263.87225548902,Under 18
93692,38.0,male,france,330305,reel,music,4971.0,267.0,1012.0,4120,14164,2022-04-28,640079,False,tablet,positive,#tech #fun,0.506142333,2,6250.0,2022,4,April,Thursday,51727.67338709677,36–45
67505,51.0,female,uae,221232,image,travel,11767.0,1915.0,953.0,5935,57183,2023-09-15,263757,False,mobile,positive,#reels #foodie,0.255932707,2,14635.0,2023,9,September,Friday,48928.41351888668,46–55
95896,24.0,female,brazil,812084,reel,education,3354.0,1240.0,127.0,4355,45511,2022-02-27,605701,False,mobile,positive,#lifestyle,0.103733163,1,4721.0,2022,2,February,Sunday,49193.1746031746,18–25
28135,47.0,female,usa,377599,reel,fashion,4474.0,63.0,859.0,2013,55935,2022-01-18,341621,False,mobile,positive,#love #tech,0.096469116,2,5396.0,2022,1,January,Tuesday,51263.87225548902,46–55
57377,26.0,male,uae,843106,image,travel,3397.0,2489.0,1759.0,1927,31295,2022-05-20,773824,False,tablet,positive,#fashion,0.244288225,1,7645.0,2022,5,May,Friday,48928.41351888668,26–35
33554,34.0,male,france,756334,image,food,6281.0,2588.0,695.0,2544,29079,2023-04-03,86524,False,desktop,positive,#tech,0.328897142,1,9564.0,2023,4,April,Monday,51727.67338709677,26–35
72491,63.0,other,canada,899111,text,education,12412.0,1298.0,496.0,5332,39639,2023-12-07,215956,True,tablet,neutral,#fashion #lifestyle,0.358384419,2,14206.0,2023,12,December,Thursday,48703.150097465885,56+
65621,35.0,male,germany,292863,text,fitness,19365.0,469.0,1303.0,6258,57852,2023-10-04,494556,False,tablet,positive,#fun #reels,0.365363341,2,21137.0,2023,10,October,Wednesday,48605.40612244898,26–35
68283,60.0,male,japan,127429,text,fashion,15751.0,2019.0,1828.0,4547,24092,2022-07-31,166510,False,tablet,neutral,#fun #fashion #tech,0.813465051,3,19598.0,2022,7,July,Sunday,49616.13559322034,56+
95140,19.0,other,australia,380217,video,lifestyle,10105.5,1836.0,1564.0,4795,33388,2023-05-01,646195,False,mobile,positive,#fitness #fun #music,0.267191805,3,13505.5,2023,5,May,Monday,48346.38336713996,18–25
26923,52.0,male,brazil,694495,image,food,3472.0,2023.0,809.0,6915,5742,2022-04-30,730279,False,desktop,negative,#reels #music #lifestyle,1.097875305,3,6304.0,2022,4,April,Saturday,49193.1746031746,46–55
57591,62.0,male,australia,130365,video,travel,19001.0,1589.0,1553.0,3719,59976,2023-07-08,37221,True,tablet,positive,#music #fitness #fun,0.369197679,3,22143.0,2023,7,July,Saturday,48346.38336713996,56+
72261,37.0,male,india,614824,video,tech,5481.0,877.0,130.0,7657,46798,2022-01-03,545381,True,desktop,positive,#lifestyle,0.138638403,1,6488.0,2022,1,January,Monday,52462.38691588785,36–45
64336,25.0,male,canada,867263,text,music,6209.0,1217.0,1484.0,3673,3984,2022-08-17,17472,True,tablet,positive,#fun #music #fitness,2.236445783,3,8910.0,2022,8,August,Wednesday,48703.150097465885,18–25
84083,33.0,female,india,604330,image,food,19883.0,2759.0,268.0,7900,48485,2022-08-17,678361,False,desktop,positive,#foodie #fitness #fashion,0.472517273,3,22910.0,2022,8,August,Wednesday,52462.38691588785,26–35
70948,53.0,male,france,960885,video,tech,19976.0,2060.0,617.0,1551,35609,2022-12-09,28493,False,mobile,negative,#fitness,0.636159398,1,22653.0,2022,12,December,Friday,51727.67338709677,46–55
43002,22.0,female,france,206657,reel,lifestyle,8623.0,221.0,1692.0,1682,31749,2022-05-21,554129,False,desktop,negative,#fashion,0.331852972,1,10536.0,2022,5,May,Saturday,51727.67338709677,18–25
90098,21.0,female,uk,107784,reel,tech,9304.0,1728.0,961.0,384,79117,2022-02-26,344168,False,mobile,positive,#reels #tech #foodie,0.151585626,3,11993.0,2022,2,February,Saturday,51119.39350912779,18–25
83016,27.0,female,france,474673,image,lifestyle,13143.0,1419.0,1594.0,4708,36400,2022-08-04,581603,False,mobile,positive,#fashion,0.443846154,1,16156.0,2022,8,August,Thursday,51727.67338709677,26–35
36672,64.0,other,usa,230229,video,fashion,10245.0,880.0,1627.0,5537,96168,2023-10-05,25927,True,desktop,positive,#tech #love,0.132601281,2,12752.0,2023,10,October,Thursday,51263.87225548902,56+
14213,14.0,female,usa,332273,text,fitness,12445.0,838.0,1967.0,3036,99054,2022-04-24,635342,False,tablet,neutral,#tech #music,0.153956428,2,15250.0,2022,4,April,Sunday,51263.87225548902,Under 18
20293,37.0,male,japan,351428,video,travel,7546.0,751.0,1283.0,2266,11136,2023-12-04,143225,False,tablet,neutral,#fitness #lifestyle,0.860272989,2,9580.0,2023,12,December,Monday,49616.13559322034,36–45
65860,25.0,other,germany,745201,reel,music,18833.0,269.0,1074.0,7023,67794,2022-10-21,367623,False,tablet,neutral,#travel,0.297607458,1,20176.0,2022,10,October,Friday,48605.40612244898,18–25
72507,46.0,male,australia,620715,reel,travel,5802.0,1634.0,1156.0,4652,84671,2022-01-28,69053,False,tablet,neutral,#tech #foodie #lifestyle,0.101475121,3,8592.0,2022,1,January,Friday,48346.38336713996,46–55
67134,63.0,female,germany,243363,text,music,544.0,731.0,1702.0,7230,74856,2023-06-22,263688,False,desktop,positive,#travel #fun,0.039769691,2,2977.0,2023,6,June,Thursday,48605.40612244898,56+
12100,38.0,male,germany,577678,image,food,6652.0,2891.0,808.0,4445,9847,2023-08-19,200361,True,tablet,negative,#travel #foodie,1.051183101,2,10351.0,2023,8,August,Saturday,48605.40612244898,36–45
71997,38.0,other,usa,912586,video,education,16052.0,615.0,1028.0,389,46792,2022-11-17,86835,False,tablet,positive,#lifestyle #foodie #reels,0.378162934,3,17695.0,2022,11,November,Thursday,51263.87225548902,36–45
38172,50.0,other,australia,882234,reel,travel,2628.0,1431.0,647.0,6947,40330,2023-12-15,573672,True,mobile,neutral,#tech #travel #lifestyle,0.11668733,3,4706.0,2023,12,December,Friday,48346.38336713996,46–55
30132,15.0,male,japan,912082,video,fashion,3451.0,2112.0,737.0,6520,56877,2023-07-27,296198,False,desktop,positive,#tech #foodie,0.110765336,2,6300.0,2023,7,July,Thursday,49616.13559322034,Under 18
28199,54.0,male,canada,605092,text,travel,8729.0,2075.0,501.0,2918,62208,2023-11-28,172702,False,mobile,positive,#foodie,0.181729038,1,11305.0,2023,11,November,Tuesday,48703.150097465885,46–55
46609,18.0,male,uk,299813,text,food,1436.0,1312.0,1207.0,2113,90149,2023-05-28,572944,False,mobile,neutral,#lifestyle,0.043871812,1,3955.0,2023,5,May,Sunday,51119.39350912779,Under 18
52965,60.0,other,usa,333420,image,travel,11007.0,1902.0,408.0,1142,39906,2022-02-01,757841,False,tablet,neutral,#tech #lifestyle,0.333709217,2,13317.0,2022,2,February,Tuesday,51263.87225548902,56+
18016,61.0,female,india,195830,text,fitness,3062.0,2284.0,1114.0,745,50487,2023-02-15,65820,False,tablet,negative,#tech #music,0.127953731,2,6460.0,2023,2,February,Wednesday,52462.38691588785,56+
49779,31.0,male,uk,398345,image,lifestyle,16643.0,383.0,1459.0,6151,82138,2023-02-01,524410,False,desktop,positive,#love #reels #fun,0.22504809,3,18485.0,2023,2,February,Wednesday,51119.39350912779,26–35
41881,15.0,female,canada,532695,video,tech,7551.0,2373.0,819.0,1730,61924,2022-01-17,356873,False,mobile,negative,#fashion #reels #travel,0.173486855,3,10743.0,2022,1,January,Monday,48703.150097465885,Under 18
92594,30.0,other,france,172920,reel,tech,13113.0,84.0,902.0,5858,5618,2023-08-24,582309,False,tablet,negative,#foodie #tech,2.509611962,2,14099.0,2023,8,August,Thursday,51727.67338709677,26–35
34472,51.0,male,germany,313869,reel,lifestyle,15663.0,2796.0,188.0,4122,50450,2022-02-21,500429,False,mobile,neutral,#travel,0.369613479,1,18647.0,2022,2,February,Monday,48605.40612244898,46–55
61813,21.0,male,brazil,561811,image,tech,4411.0,245.0,1503.0,4385,6377,2023-01-05,778883,False,tablet,neutral,#tech #music #lifestyle,0.965814646,3,6159.0,2023,1,January,Thursday,49193.1746031746,18–25
46021,64.0,other,japan,787094,reel,fitness,4841.0,2435.0,980.0,4123,75977,2022-06-13,715420,False,tablet,positive,#fun,0.108664464,1,8256.0,2022,6,June,Monday,49616.13559322034,56+
64131,24.0,male,germany,844287,image,fashion,7961.0,2976.0,814.0,3230,47658,2022-10-30,534869,False,tablet,positive,#reels #music,0.246569306,2,11751.0,2022,10,October,Sunday,48605.40612244898,18–25
34087,17.0,female,france,181451,image,food,17102.0,2313.0,382.0,3216,23713,2023-03-26,112598,False,tablet,neutral,#love #music #lifestyle,0.834858516,3,19797.0,2023,3,March,Sunday,51727.67338709677,Under 18
22828,15.0,other,canada,861177,video,fitness,5196.0,1497.0,849.0,2514,1059,2023-06-28,428294,False,desktop,neutral,#fitness #fun #tech,8.359773371,3,7542.0,2023,6,June,Wednesday,48703.150097465885,Under 18
71610,23.0,other,india,474313,video,food,19111.0,803.0,1345.0,1769,52200,2023-12-11,31842,False,mobile,positive,#foodie #music,0.407260536,2,21259.0,2023,12,December,Monday,52462.38691588785,18–25
11401,42.0,male,japan,199978,text,fashion,11093.0,2275.0,1466.0,107,49817,2023-05-17,400654,False,mobile,negative,#tech #fitness,0.297769838,2,14834.0,2023,5,May,Wednesday,49616.13559322034,36–45
95179,16.0,other,japan,142568,image,fitness,7546.0,239.0,489.0,4986,6036,2022-12-17,498504,False,desktop,positive,#lifestyle #travel,1.370775348,2,8274.0,2022,12,December,Saturday,49616.13559322034,Under 18
25193,17.0,male,canada,872874,video,travel,19238.0,1096.0,1156.0,2486,28778,2023-01-14,40274,True,desktop,positive,#fun,0.74675099,1,21490.0,2023,1,January,Saturday,48703.150097465885,Under 18
54864,13.0,male,uk,781153,image,education,19361.0,387.0,1707.0,4298,78791,2023-03-15,25594,False,desktop,neutral,#music,0.272302674,1,21455.0,2023,3,March,Wednesday,51119.39350912779,Under 18
30307,39.0,other,uae,414348,image,fashion,14484.0,2425.0,425.0,776,23142,2022-07-20,370717,False,tablet,neutral,#foodie #reels #music,0.749027742,3,17334.0,2022,7,July,Wednesday,48928.41351888668,36–45
29611,40.0,male,germany,804825,image,tech,15103.0,2259.0,249.0,5085,84399,2022-04-17,678108,False,tablet,positive,#fun #lifestyle,0.20866361,2,17611.0,2022,4,April,Sunday,48605.40612244898,36–45
53791,41.0,female,uk,846201,video,fitness,10105.5,2842.0,1084.0,7992,11742,2023-05-20,104471,False,mobile,positive,#travel,1.584568217,1,14031.5,2023,5,May,Saturday,51119.39350912779,36–45
21950,30.0,female,usa,816743,image,fashion,14101.0,675.0,1982.0,6444,20023,2023-01-19,450804,False,desktop,neutral,#fun #fitness,0.836937522,2,16758.0,2023,1,January,Thursday,51263.87225548902,26–35
86240,24.0,male,canada,641055,image,fashion,10006.0,2696.0,1585.0,6021,81932,2022-10-23,702457,False,mobile,negative,#foodie #lifestyle,0.174376312,2,14287.0,2022,10,October,Sunday,48703.150097465885,18–25
87403,25.0,female,usa,400796,text,fitness,3480.0,170.0,1019.0,1933,51960,2022-01-28,363438,False,desktop,neutral,#fashion,0.089857583,1,4669.0,2022,1,January,Friday,51263.87225548902,18–25
12745,53.0,male,india,576948,image,tech,9933.0,1175.0,1445.0,6046,84355,2022-12-03,134750,True,mobile,positive,#fashion #travel #fitness,0.14881157,3,12553.0,2022,12,December,Saturday,52462.38691588785,46–55
65243,14.0,female,uk,184244,text,lifestyle,13261.0,1700.0,1499.0,437,9327,2022-10-14,697601,False,desktop,negative,#tech #music,1.76476895,2,16460.0,2022,10,October,Friday,51119.39350912779,Under 18
13866,49.0,other,brazil,506599,image,tech,13209.0,808.0,1246.0,1034,68680,2023-09-23,233124,False,desktop,negative,#foodie,0.222233547,1,15263.0,2023,9,September,Saturday,49193.1746031746,46–55
42245,57.0,male,uae,564000,text,fashion,8221.0,2151.0,1461.0,836,99690,2022-12-09,296921,False,tablet,neutral,#lifestyle,0.118697964,1,11833.0,2022,12,December,Friday,48928.41351888668,56+
54724,28.0,male,canada,463877,video,food,10105.5,1305.0,683.0,4702,75286,2022-01-31,296488,False,mobile,positive,#love,0.226509577,1,12093.5,2022,1,January,Monday,48703.150097465885,26–35
81354,60.0,male,canada,422233,video,lifestyle,19877.0,2419.0,1943.0,641,10512,2023-10-28,501939,False,tablet,negative,#music,2.305840944,1,24239.0,2023,10,October,Saturday,48703.150097465885,56+
61374,36.0,male,uae,126440,reel,music,230.0,128.0,1407.0,3174,31140,2023-05-02,24273,True,tablet,positive,#travel,0.056679512,1,1765.0,2023,5,May,Tuesday,48928.41351888668,36–45
40116,47.0,male,japan,414587,image,lifestyle,7526.0,2267.0,318.0,1808,86047,2023-09-11,683058,False,mobile,neutral,#love,0.117505549,1,10111.0,2023,9,September,Monday,49616.13559322034,46–55
91029,34.0,male,france,942757,reel,fashion,5281.0,1196.0,1019.0,7653,48942,2022-09-08,203587,False,tablet,positive,#lifestyle,0.153160884,1,7496.0,2022,9,September,Thursday,51727.67338709677,26–35
30447,48.0,other,india,842126,reel,fitness,1251.0,471.0,224.0,6253,19600,2022-12-29,719384,False,desktop,positive,#travel #reels #lifestyle,0.099285714,3,1946.0,2022,12,December,Thursday,52462.38691588785,46–55
40431,23.0,other,uk,850550,text,fitness,6889.0,1883.0,422.0,3875,38533,2022-04-17,527857,False,desktop,positive,#fashion,0.23860068,1,9194.0,2022,4,April,Sunday,51119.39350912779,18–25
27908,58.0,female,canada,155919,video,fitness,13384.0,2655.0,907.0,642,80182,2023-05-21,607953,False,desktop,positive,#love,0.211344192,1,16946.0,2023,5,May,Sunday,48703.150097465885,56+
39336,41.0,male,canada,247683,image,tech,12686.0,1525.0,1214.0,702,93166,2023-03-18,546618,False,desktop,neutral,#fashion,0.165564691,1,15425.0,2023,3,March,Saturday,48703.150097465885,36–45
50992,47.0,female,uae,294555,image,travel,18347.0,2141.0,1894.0,7978,13124,2022-04-27,352104,False,tablet,neutral,#fun #music,1.705425175,2,22382.0,2022,4,April,Wednesday,48928.41351888668,46–55
65350,60.0,female,brazil,515673,text,fitness,19550.0,1599.0,1800.0,7260,29188,2022-09-02,177961,False,mobile,positive,#fashion,0.786247773,1,22949.0,2022,9,September,Friday,49193.1746031746,56+
79561,27.0,other,uae,926965,reel,fitness,1778.0,1044.0,1779.0,2848,22928,2022-03-20,307273,False,tablet,neutral,#fashion #tech,0.200671668,2,4601.0,2022,3,March,Sunday,48928.41351888668,26–35
61955,43.0,female,uae,461970,text,lifestyle,8052.0,2153.0,78.0,7885,89413,2023-05-01,131498,False,mobile,positive,#foodie #fashion #fun,0.115005648,3,10283.0,2023,5,May,Monday,48928.41351888668,36–45
71240,54.0,other,germany,723283,reel,food,4870.0,1871.0,854.0,2917,37067,2022-01-23,131900,False,mobile,positive,#music #foodie #tech,0.204899237,3,7595.0,2022,1,January,Sunday,48605.40612244898,46–55
30093,38.0,female,uk,783641,image,food,1147.0,1223.0,1003.0,3612,74048,2022-07-16,627917,True,tablet,positive,#lifestyle,0.045551534,1,3373.0,2022,7,July,Saturday,51119.39350912779,36–45
16155,55.0,male,japan,953707,text,fashion,2847.0,1867.0,364.0,7062,49585,2022-12-27,167233,False,tablet,neutral,#reels #travel,0.102410003,2,5078.0,2022,12,December,Tuesday,49616.13559322034,46–55
56607,28.0,female,uae,771813,reel,fashion,19454.0,1375.0,21.0,1722,42540,2023-12-01,211086,False,desktop,negative,#tech #lifestyle,0.490126939,2,20850.0,2023,12,December,Friday,48928.41351888668,26–35
43487,22.0,other,brazil,995176,text,fashion,620.0,1305.0,547.0,848,98839,2023-03-03,153498,False,mobile,positive,#reels #foodie #music,0.02501037,3,2472.0,2023,3,March,Friday,49193.1746031746,18–25
65668,61.0,other,japan,119507,video,fitness,963.0,611.0,329.0,2554,88897,2022-08-05,396861,False,mobile,positive,#fitness #lifestyle #tech,0.021406797,3,1903.0,2022,8,August,Friday,49616.13559322034,56+
30963,44.0,other,australia,834756,text,food,7215.0,2896.0,1179.0,6320,65678,2023-10-28,472863,False,mobile,neutral,#tech #music #fashion,0.171899266,3,11290.0,2023,10,October,Saturday,48346.38336713996,36–45
60124,63.0,female,uk,842004,image,fashion,11052.0,1562.0,55.0,1462,47413,2023-12-08,473258,False,desktop,neutral,#tech #fashion,0.267205197,2,12669.0,2023,12,December,Friday,51119.39350912779,56+
62870,14.0,female,canada,566401,text,music,18526.0,947.0,1890.0,5962,17449,2023-09-20,412149,False,mobile,positive,#fashion #fun,1.224310849,2,21363.0,2023,9,September,Wednesday,48703.150097465885,Under 18
66547,38.0,other,australia,592807,image,food,16003.0,1598.0,1271.0,6811,94318,2022-07-15,768651,False,mobile,positive,#fun,0.20008906,1,18872.0,2022,7,July,Friday,48346.38336713996,36–45
74110,35.0,male,japan,375337,image,fitness,7418.0,853.0,924.0,3829,315,2023-07-21,73075,False,desktop,neutral,#fitness,29.19047619,1,9195.0,2023,7,July,Friday,49616.13559322034,26–35
63554,14.0,male,japan,589774,text,lifestyle,17710.0,1909.0,260.0,3782,11527,2023-11-18,707561,False,tablet,neutral,#lifestyle #foodie #tech,1.724559729,3,19879.0,2023,11,November,Saturday,49616.13559322034,Under 18
30936,50.0,female,uk,459336,text,fitness,121.0,2476.0,1795.0,510,20804,2023-03-19,359156,True,desktop,neutral,#reels #foodie #travel,0.211113247,3,4392.0,2023,3,March,Sunday,51119.39350912779,46–55
14426,43.0,female,france,862431,text,fashion,4313.0,1977.0,434.0,2156,30532,2023-04-04,203402,False,desktop,neutral,#love,0.220227958,1,6724.0,2023,4,April,Tuesday,51727.67338709677,36–45
98839,63.0,other,germany,836809,video,fitness,17460.0,1061.0,1012.0,2919,2805,2023-04-04,205459,False,tablet,negative,#foodie #reels #lifestyle,7.15543672,3,19533.0,2023,4,April,Tuesday,48605.40612244898,56+
37606,52.0,male,canada,426186,video,fitness,17566.0,1442.0,1501.0,5191,81698,2023-04-29,190642,False,mobile,neutral,#fashion #tech,0.251034297,2,20509.0,2023,4,April,Saturday,48703.150097465885,46–55
57832,38.0,female,australia,421660,reel,music,13982.0,301.0,1723.0,6632,41832,2022-05-24,58200,False,tablet,neutral,#tech #foodie,0.382625741,2,16006.0,2022,5,May,Tuesday,48346.38336713996,36–45
38151,41.0,other,uae,624168,text,food,794.0,638.0,537.0,732,20595,2022-11-10,84453,False,mobile,neutral,#lifestyle #fashion,0.09560573,2,1969.0,2022,11,November,Thursday,48928.41351888668,36–45
89303,15.0,other,india,574381,reel,travel,9816.0,70.0,534.0,6424,95340,2023-12-30,46736,False,desktop,negative,#foodie #lifestyle,0.109293056,2,10420.0,2023,12,December,Saturday,52462.38691588785,Under 18
21308,26.0,female,france,261764,reel,music,8483.0,1922.0,380.0,2950,31333,2022-09-14,317141,False,mobile,neutral,#reels,0.344205789,1,10785.0,2022,9,September,Wednesday,51727.67338709677,26–35
72522,37.0,male,canada,956922,image,tech,7326.0,645.0,102.0,3960,93367,2023-10-01,778007,False,desktop,neutral,#reels #love,0.086465239,2,8073.0,2023,10,October,Sunday,48703.150097465885,36–45
55671,60.0,female,india,133512,reel,music,8682.0,1788.0,28.0,1237,73758,2023-04-19,379581,True,mobile,neutral,#tech #foodie,0.142330323,2,10498.0,2023,4,April,Wednesday,52462.38691588785,56+
12204,13.0,male,germany,766079,text,fashion,19192.0,2572.0,1877.0,1480,73885,2023-11-16,564590,False,desktop,positive,#reels #travel #fashion,0.319970224,3,23641.0,2023,11,November,Thursday,48605.40612244898,Under 18
97265,38.0,male,india,810787,video,education,19812.0,173.0,1506.0,7754,29756,2023-08-29,25977,False,mobile,positive,#fun #lifestyle,0.722240893,2,21491.0,2023,8,August,Tuesday,52462.38691588785,36–45
41131,38.0,male,uae,112402,reel,travel,13548.0,1998.0,1080.0,2465,5046,2023-05-14,261052,False,mobile,negative,#tech #reels #fashion,3.294887039,3,16626.0,2023,5,May,Sunday,48928.41351888668,36–45
62428,30.0,other,india,989312,reel,lifestyle,19883.0,89.0,1085.0,2010,30307,2022-08-07,721054,False,mobile,neutral,#lifestyle #fashion #music,0.694789983,3,21057.0,2022,8,August,Sunday,52462.38691588785,26–35
43870,21.0,other,france,744052,video,education,18556.0,2415.0,954.0,6897,77517,2023-07-18,680511,False,tablet,positive,#fun,0.282841183,1,21925.0,2023,7,July,Tuesday,51727.67338709677,18–25
59067,50.0,other,usa,764576,reel,fashion,15638.0,2848.0,1071.0,5629,4843,2023-06-15,591372,False,desktop,negative,#reels #love #travel,4.038199463,3,19557.0,2023,6,June,Thursday,51263.87225548902,46–55
68585,35.0,female,france,345739,text,travel,5986.0,2366.0,1390.0,4757,18327,2022-12-24,382979,False,desktop,positive,#travel #fitness #lifestyle,0.53156545,3,9742.0,2022,12,December,Saturday,51727.67338709677,26–35
31607,33.0,other,uae,131050,reel,fitness,3907.0,823.0,546.0,7490,49712,2022-08-25,238567,False,desktop,neutral,#foodie,0.106131316,1,5276.0,2022,8,August,Thursday,48928.41351888668,26–35
34968,13.0,other,australia,720096,image,fashion,7081.0,550.0,1581.0,5297,74796,2023-11-14,96697,False,tablet,positive,#fun #tech,0.123161666,2,9212.0,2023,11,November,Tuesday,48346.38336713996,Under 18
21908,33.0,female,usa,150093,reel,travel,13353.0,59.0,1568.0,2735,32168,2022-10-02,178898,False,tablet,neutral,#fun #foodie #fitness,0.465680179,3,14980.0,2022,10,October,Sunday,51263.87225548902,26–35
36423,39.0,female,germany,105050,image,tech,19852.0,1128.0,326.0,4199,13621,2023-11-03,575157,False,tablet,negative,#reels #foodie,1.564202335,2,21306.0,2023,11,November,Friday,48605.40612244898,36–45
84707,54.0,male,france,933148,video,fitness,5760.0,1262.0,1761.0,7286,53067,2023-07-31,52386,False,tablet,neutral,#reels #lifestyle,0.165507754,2,8783.0,2023,7,July,Monday,51727.67338709677,46–55
88257,18.0,female,usa,215455,video,music,13771.0,1485.0,265.0,2759,7392,2022-08-05,253263,False,mobile,neutral,#music #reels #foodie,2.099702381,3,15521.0,2022,8,August,Friday,51263.87225548902,Under 18
71215,56.0,female,japan,495654,reel,fashion,490.0,126.0,1751.0,6725,7729,2023-07-13,452234,False,desktop,neutral,#tech,0.306249191,1,2367.0,2023,7,July,Thursday,49616.13559322034,56+
65835,38.0,other,france,616929,reel,lifestyle,4263.0,82.0,728.0,6200,389,2023-02-01,204086,False,mobile,negative,#foodie #fun #music,13.04113111,3,5073.0,2023,2,February,Wednesday,51727.67338709677,36–45
59429,40.0,male,usa,995118,video,music,7769.0,1243.0,1199.0,7576,93497,2022-03-15,88831,False,tablet,positive,#fun,0.10921206,1,10211.0,2022,3,March,Tuesday,51263.87225548902,36–45
92152,57.0,male,uk,671719,image,lifestyle,10105.5,945.0,1067.0,577,15891,2023-11-07,708964,False,tablet,positive,#foodie #fashion,1.232962054,2,12117.5,2023,11,November,Tuesday,51119.39350912779,56+
48458,29.0,female,australia,343445,video,fashion,11635.0,1640.0,218.0,5177,42180,2023-12-11,553919,False,mobile,positive,#lifestyle #reels,0.319890944,2,13493.0,2023,12,December,Monday,48346.38336713996,26–35
56169,52.0,other,canada,378904,video,travel,1904.0,1952.0,125.0,6260,64507,2022-11-24,88282,False,desktop,neutral,#reels,0.061714233,1,3981.0,2022,11,November,Thursday,48703.150097465885,46–55
17659,64.0,other,india,771833,image,music,5269.0,1995.0,881.0,3496,88412,2023-02-12,411018,False,tablet,negative,#love,0.092125503,1,8145.0,2023,2,February,Sunday,52462.38691588785,56+
70614,15.0,other,usa,143815,video,music,1650.0,2633.0,1989.0,818,32346,2022-05-28,24536,False,mobile,positive,#travel #music,0.193903419,2,6272.0,2022,5,May,Saturday,51263.87225548902,Under 18
87240,24.0,other,canada,817820,reel,fashion,12467.0,2694.0,1402.0,7188,25408,2022-03-27,490691,False,mobile,positive,#reels,0.651881297,1,16563.0,2022,3,March,Sunday,48703.150097465885,18–25
42793,51.0,female,france,502473,reel,education,3191.0,889.0,318.0,4174,20060,2023-06-05,120476,False,mobile,neutral,#fitness,0.219242273,1,4398.0,2023,6,June,Monday,51727.67338709677,46–55
56473,24.0,other,canada,712274,video,fitness,27.0,573.0,1012.0,5943,81086,2023-05-18,763577,False,mobile,positive,#lifestyle #travel,0.023777224,2,1612.0,2023,5,May,Thursday,48703.150097465885,18–25
99388,14.0,male,japan,125634,reel,food,14132.0,1497.0,1223.0,1889,69418,2022-08-20,315979,False,desktop,positive,#fun #travel #fashion,0.22857184,3,16852.0,2022,8,August,Saturday,49616.13559322034,Under 18
98330,58.0,male,brazil,422547,text,music,2750.0,1909.0,84.0,558,39783,2023-05-13,97670,False,desktop,negative,#reels #fitness,0.119221778,2,4743.0,2023,5,May,Saturday,49193.1746031746,56+
65751,34.0,female,brazil,146573,video,lifestyle,2879.0,64.0,1064.0,2933,45731,2023-02-27,708300,True,tablet,negative,#fitness,0.087621089,1,4007.0,2023,2,February,Monday,49193.1746031746,26–35
88915,35.0,other,australia,848072,text,music,4357.0,1964.0,722.0,5802,5037,2023-04-12,287697,True,tablet,positive,#fun,1.398252928,1,7043.0,2023,4,April,Wednesday,48346.38336713996,26–35
64254,42.0,male,usa,751387,video,music,10865.0,2230.0,1889.0,1619,76619,2022-09-04,724571,False,desktop,positive,#love #tech,0.195565069,2,14984.0,2022,9,September,Sunday,51263.87225548902,36–45
17006,17.0,other,japan,896728,video,travel,16255.0,1089.0,1574.0,6251,96070,2023-01-05,113379,False,desktop,negative,#tech,0.196918913,1,18918.0,2023,1,January,Thursday,49616.13559322034,Under 18
84218,21.0,other,india,553413,text,tech,2832.0,2882.0,1386.0,6942,10330,2023-05-28,152706,False,mobile,negative,#love,0.68731849,1,7100.0,2023,5,May,Sunday,52462.38691588785,18–25
75344,33.0,female,germany,908391,video,music,3109.0,2101.0,1942.0,7438,96522,2022-04-15,445154,False,mobile,neutral,#foodie #love,0.074097097,2,7152.0,2022,4,April,Friday,48605.40612244898,26–35
43840,23.0,other,uae,114570,reel,fashion,10105.5,1244.0,1292.0,6831,32094,2022-08-22,784624,False,mobile,neutral,#reels #fun #fitness,0.379759457,3,12641.5,2022,8,August,Monday,48928.41351888668,18–25
42430,17.0,female,australia,397567,text,fitness,5758.0,2283.0,361.0,5949,11810,2023-04-03,319820,False,tablet,positive,#love #tech #travel,0.711430991,3,8402.0,2023,4,April,Monday,48346.38336713996,Under 18
33091,47.0,other,uae,180263,video,fashion,2921.0,1497.0,366.0,7643,86078,2022-09-14,667431,False,tablet,negative,#fun,0.048502521,1,4784.0,2022,9,September,Wednesday,48928.41351888668,46–55
42983,39.0,other,brazil,511115,reel,tech,1433.0,611.0,1204.0,69,61879,2023-04-20,216725,False,tablet,negative,#love #tech,0.052489536,2,3248.0,2023,4,April,Thursday,49193.1746031746,36–45
33989,61.0,male,uk,791145,text,fitness,4428.0,437.0,1254.0,6530,44577,2023-08-16,377852,False,tablet,negative,#fashion,0.137268098,1,6119.0,2023,8,August,Wednesday,51119.39350912779,56+
85451,14.0,female,germany,212446,text,tech,7698.0,1126.0,987.0,1189,31981,2023-09-27,258074,True,mobile,negative,#reels #lifestyle,0.306775898,2,9811.0,2023,9,September,Wednesday,48605.40612244898,Under 18
28990,36.0,male,germany,818166,reel,fitness,8111.0,1459.0,1093.0,2902,84176,2022-06-21,737818,True,tablet,positive,#tech #fun #fashion,0.126675062,3,10663.0,2022,6,June,Tuesday,48605.40612244898,36–45
90360,43.0,female,uae,943395,video,food,19920.0,2741.0,1848.0,5177,64004,2022-09-30,404564,False,tablet,positive,#lifestyle #fun #travel,0.382929192,3,24509.0,2022,9,September,Friday,48928.41351888668,36–45
46081,45.0,male,uk,598863,video,lifestyle,17565.0,1444.0,587.0,5570,47629,2022-07-13,679255,False,mobile,negative,#lifestyle #fitness #foodie,0.411430011,3,19596.0,2022,7,July,Wednesday,51119.39350912779,36–45
21033,51.0,other,france,571091,text,fitness,15519.0,523.0,962.0,4340,58511,2022-04-22,60247,False,mobile,neutral,#lifestyle #tech #fashion,0.290612022,3,17004.0,2022,4,April,Friday,51727.67338709677,46–55
26241,42.0,female,canada,134341,image,tech,19789.0,1466.0,1967.0,3116,4537,2022-01-23,632923,False,desktop,positive,#fashion #travel #tech,5.11836015,3,23222.0,2022,1,January,Sunday,48703.150097465885,36–45
15939,58.0,male,australia,629885,video,travel,15735.0,2451.0,1811.0,683,69556,2022-11-11,569314,False,mobile,positive,#tech #reels,0.287494968,2,19997.0,2022,11,November,Friday,48346.38336713996,56+
57562,49.0,female,japan,585864,video,music,12366.0,2390.0,488.0,5895,14813,2022-07-21,72736,False,tablet,neutral,#foodie #fun,1.029096064,2,15244.0,2022,7,July,Thursday,49616.13559322034,46–55
45063,63.0,female,germany,595446,reel,lifestyle,14155.0,799.0,1257.0,7550,66763,2023-05-16,434791,False,mobile,neutral,#music #travel,0.242814134,2,16211.0,2023,5,May,Tuesday,48605.40612244898,56+
86721,38.0,other,uae,503460,image,music,12484.0,2261.0,1853.0,5697,55853,2023-09-10,617817,False,tablet,positive,#tech #reels,0.297172936,2,16598.0,2023,9,September,Sunday,48928.41351888668,36–45
37045,43.0,male,canada,759156,image,education,9975.0,1023.0,1452.0,3910,74818,2023-08-29,352690,False,desktop,positive,#lifestyle #foodie #travel,0.166403807,3,12450.0,2023,8,August,Tuesday,48703.150097465885,36–45
54769,23.0,female,brazil,207127,text,food,12513.0,1579.0,830.0,3772,85506,2022-01-25,702377,False,desktop,positive,#fitness,0.174514069,1,14922.0,2022,1,January,Tuesday,49193.1746031746,18–25
57118,35.0,male,japan,175589,reel,fashion,2642.0,321.0,1671.0,6928,64488,2023-10-19,797319,False,desktop,positive,#music #tech,0.07185833,2,4634.0,2023,10,October,Thursday,49616.13559322034,26–35
94703,14.0,male,uae,521744,reel,food,7577.0,2831.0,665.0,70,37595,2023-05-23,475165,True,tablet,neutral,#fun #fitness #fashion,0.294533848,3,11073.0,2023,5,May,Tuesday,48928.41351888668,Under 18
31625,52.0,female,australia,871280,video,food,13849.0,2903.0,1317.0,5984,42485,2023-01-01,19690,False,tablet,negative,#fitness,0.425303048,1,18069.0,2023,1,January,Sunday,48346.38336713996,46–55
37076,53.0,male,india,511864,text,fashion,3711.0,179.0,1371.0,7715,5609,2023-06-15,96766,False,desktop,neutral,#lifestyle #travel #fashion,0.937956855,3,5261.0,2023,6,June,Thursday,52462.38691588785,46–55
74805,39.0,other,germany,970399,video,fitness,19344.0,2427.0,1122.0,1262,71117,2023-12-23,679306,False,desktop,neutral,#travel #love,0.321906155,2,22893.0,2023,12,December,Saturday,48605.40612244898,36–45
54605,47.0,other,brazil,231607,image,music,5458.0,2980.0,875.0,7747,26133,2023-08-17,63051,False,tablet,negative,#music #foodie,0.356369341,2,9313.0,2023,8,August,Thursday,49193.1746031746,46–55
94565,14.0,other,australia,410613,reel,food,10105.5,1704.0,360.0,2155,36322,2022-02-15,56665,False,tablet,positive,#reels #lifestyle #fun,0.552475084,3,12169.5,2022,2,February,Tuesday,48346.38336713996,Under 18
98509,51.0,other,usa,295984,text,music,6680.0,449.0,1960.0,5327,50303,2022-02-04,114591,False,tablet,negative,#fashion #lifestyle,0.180685049,2,9089.0,2022,2,February,Friday,51263.87225548902,46–55
49121,49.0,male,brazil,930925,video,lifestyle,12507.0,1284.0,1898.0,7956,89294,2022-07-21,507416,True,tablet,neutral,#fun #music #fashion,0.175700495,3,15689.0,2022,7,July,Thursday,49193.1746031746,46–55
75101,33.0,other,japan,670073,video,music,18724.0,1660.0,357.0,4817,30587,2023-06-19,273826,False,desktop,positive,#tech,0.678098539,1,20741.0,2023,6,June,Monday,49616.13559322034,26–35
41433,17.0,female,usa,877426,image,food,9419.0,2178.0,1153.0,4397,63528,2022-12-31,612700,False,desktop,neutral,#fun #fashion,0.200698904,2,12750.0,2022,12,December,Saturday,51263.87225548902,Under 18
53309,64.0,other,brazil,447161,reel,travel,16239.0,1257.0,1542.0,5549,19741,2023-04-15,783225,False,mobile,neutral,#music,0.964388835,1,19038.0,2023,4,April,Saturday,49193.1746031746,56+
77468,57.0,female,uae,469915,image,lifestyle,18112.0,903.0,1406.0,1371,64757,2022-10-27,403390,False,mobile,negative,#tech #music #fun,0.315348148,3,20421.0,2022,10,October,Thursday,48928.41351888668,56+
54254,33.0,female,india,491170,video,travel,19969.0,1177.0,1640.0,7274,4967,2023-02-20,552075,False,tablet,negative,#love #fun,4.587477351,2,22786.0,2023,2,February,Monday,52462.38691588785,26–35
77293,41.0,other,canada,594593,reel,lifestyle,16585.0,329.0,1944.0,1915,74699,2022-12-12,161257,False,desktop,negative,#love #foodie #music,0.252453179,3,18858.0,2022,12,December,Monday,48703.150097465885,36–45
47853,32.0,other,india,607483,reel,tech,5985.0,636.0,1842.0,6671,56084,2022-12-15,199234,False,tablet,negative,#foodie,0.150898652,1,8463.0,2022,12,December,Thursday,52462.38691588785,26–35
48405,50.0,male,india,559777,image,fashion,3160.0,1889.0,1585.0,7918,82147,2023-11-30,782473,False,mobile,positive,#travel #fun #foodie,0.080757666,3,6634.0,2023,11,November,Thursday,52462.38691588785,46–55
76652,32.0,female,uae,786229,reel,lifestyle,11465.0,1914.0,735.0,5525,24781,2022-07-09,559177,True,tablet,positive,#lifestyle #music,0.569549251,2,14114.0,2022,7,July,Saturday,48928.41351888668,26–35
53527,62.0,other,uk,296166,image,lifestyle,18097.0,2100.0,63.0,6021,95747,2023-02-07,647549,False,mobile,positive,#reels,0.211599319,1,20260.0,2023,2,February,Tuesday,51119.39350912779,56+
87227,37.0,male,brazil,855715,reel,fitness,7872.0,1867.0,1419.0,3805,47555,2022-12-15,786192,False,mobile,positive,#lifestyle #travel #love,0.234633582,3,11158.0,2022,12,December,Thursday,49193.1746031746,36–45
10492,14.0,male,canada,130192,reel,music,7839.0,2515.0,180.0,5047,99810,2023-01-08,150635,False,desktop,positive,#fitness #lifestyle,0.105540527,2,10534.0,2023,1,January,Sunday,48703.150097465885,Under 18
18811,44.0,other,france,300229,text,fitness,15652.0,2687.0,586.0,4351,61238,2023-10-01,502273,False,tablet,neutral,#music #fun,0.309040138,2,18925.0,2023,10,October,Sunday,51727.67338709677,36–45
34272,38.0,other,uae,704229,reel,music,10105.5,412.0,1801.0,7468,22084,2023-05-20,36353,False,desktop,negative,#fitness,0.410795146,1,12318.5,2023,5,May,Saturday,48928.41351888668,36–45
82010,18.0,female,uk,943976,video,tech,752.0,2543.0,188.0,5049,64421,2022-10-18,212941,False,mobile,positive,#foodie #fashion,0.054066221,2,3483.0,2022,10,October,Tuesday,51119.39350912779,Under 18
57153,53.0,other,uae,759763,text,fitness,13304.0,1540.0,1206.0,7067,92573,2022-04-21,262546,False,mobile,neutral,#fun #lifestyle,0.173376687,2,16050.0,2022,4,April,Thursday,48928.41351888668,46–55
64110,15.0,male,uk,807870,image,education,16498.0,2415.0,1890.0,5264,44654,2023-07-09,3172,False,tablet,positive,#fashion,0.465870919,1,20803.0,2023,7,July,Sunday,51119.39350912779,Under 18
23979,45.0,other,india,105017,video,music,15057.0,2586.0,1515.0,5795,81874,2023-05-18,267401,False,tablet,positive,#music,0.233993698,1,19158.0,2023,5,May,Thursday,52462.38691588785,36–45
38328,13.0,other,germany,270275,image,education,3980.0,2684.0,579.0,1547,8282,2022-10-28,686351,False,tablet,neutral,#love #lifestyle,0.874547211,2,7243.0,2022,10,October,Friday,48605.40612244898,Under 18
22867,63.0,male,germany,811833,image,fitness,6325.0,1475.0,169.0,6705,98372,2023-10-08,178713,False,tablet,positive,#fun #fitness,0.081008824,2,7969.0,2023,10,October,Sunday,48605.40612244898,56+
69234,17.0,male,usa,283195,video,education,19202.0,1564.0,321.0,3898,9292,2022-01-13,673825,False,mobile,positive,#fun,2.269371502,1,21087.0,2022,1,January,Thursday,51263.87225548902,Under 18
35851,25.0,female,france,410404,image,music,16852.0,514.0,1195.0,4455,77259,2023-06-07,123789,False,mobile,positive,#travel,0.240243855,1,18561.0,2023,6,June,Wednesday,51727.67338709677,18–25
41279,31.0,female,canada,145938,text,travel,10105.5,480.0,283.0,7691,40356,2022-04-12,232352,False,mobile,neutral,#tech,0.029438002,1,10868.5,2022,4,April,Tuesday,48703.150097465885,26–35
83402,24.0,female,uk,289001,video,education,8141.0,2461.0,1642.0,3555,78307,2022-07-16,300787,False,desktop,neutral,#music #fashion,0.156358946,2,12244.0,2022,7,July,Saturday,51119.39350912779,18–25
25449,60.0,female,brazil,185265,image,fitness,17959.0,2275.0,365.0,1213,5197,2023-01-26,200702,False,desktop,neutral,#tech #fun,3.963632865,2,20599.0,2023,1,January,Thursday,49193.1746031746,56+
86221,37.0,male,india,587182,image,fitness,10057.0,2184.0,110.0,6439,36980,2022-02-24,700566,True,desktop,neutral,#music,0.333991347,1,12351.0,2022,2,February,Thursday,52462.38691588785,36–45
99080,63.0,other,japan,990552,reel,education,17217.0,2838.0,77.0,2140,67507,2022-07-02,646907,False,tablet,positive,#fitness #fun,0.298220925,2,20132.0,2022,7,July,Saturday,49616.13559322034,56+
15451,38.0,other,brazil,268444,reel,music,14316.0,2882.0,1721.0,5249,17573,2022-01-19,66756,False,mobile,neutral,#lifestyle,1.076594776,1,18919.0,2022,1,January,Wednesday,49193.1746031746,36–45
97178,24.0,other,brazil,988160,image,tech,14820.0,2519.0,252.0,860,78809,2022-12-29,654647,False,desktop,negative,#tech #fun,0.223210547,2,17591.0,2022,12,December,Thursday,49193.1746031746,18–25
51316,42.0,female,uk,808612,video,tech,4106.0,517.0,235.0,989,29908,2023-04-18,343235,False,tablet,neutral,#tech #fun #fashion,0.162431456,3,4858.0,2023,4,April,Tuesday,51119.39350912779,36–45
73064,17.0,male,canada,376772,text,music,1408.0,1484.0,92.0,4579,16103,2022-01-09,782873,False,tablet,neutral,#tech #fun #fitness,0.185307086,3,2984.0,2022,1,January,Sunday,48703.150097465885,Under 18
73761,46.0,male,india,485383,image,food,19865.0,304.0,1665.0,2923,71171,2023-10-22,136762,True,tablet,neutral,#tech,0.306782257,1,21834.0,2023,10,October,Sunday,52462.38691588785,46–55
48870,34.0,male,india,243573,image,fitness,5821.0,654.0,1718.0,1432,47104,2022-01-25,59522,False,mobile,neutral,#foodie #fun #love,0.173934273,3,8193.0,2022,1,January,Tuesday,52462.38691588785,26–35
40873,51.0,other,canada,742453,image,fitness,10362.0,1977.0,1057.0,340,27808,2022-11-02,780917,True,tablet,negative,#tech #fashion #fitness,0.481731876,3,13396.0,2022,11,November,Wednesday,48703.150097465885,46–55
68627,25.0,female,germany,975534,reel,lifestyle,6844.0,180.0,1504.0,7381,37407,2023-08-07,611503,False,desktop,negative,#foodie,0.227978721,1,8528.0,2023,8,August,Monday,48605.40612244898,18–25
76155,59.0,male,australia,975792,video,fitness,6395.0,29.0,1427.0,2377,97693,2023-03-10,601699,True,tablet,neutral,#fun,0.080363997,1,7851.0,2023,3,March,Friday,48346.38336713996,56+
35372,15.0,female,usa,743634,image,travel,8795.0,764.0,1838.0,6014,76358,2023-02-26,26231,False,mobile,neutral,#lifestyle,0.149257445,1,11397.0,2023,2,February,Sunday,51263.87225548902,Under 18
13642,32.0,male,uae,430492,reel,education,15843.0,39.0,221.0,6942,68951,2022-02-26,302268,False,mobile,positive,#travel,0.233542661,1,16103.0,2022,2,February,Saturday,48928.41351888668,26–35
38001,43.0,female,usa,460492,image,lifestyle,16596.0,2234.0,1909.0,1198,53144,2023-06-18,571368,False,tablet,positive,#music #foodie #fun,0.390241608,3,20739.0,2023,6,June,Sunday,51263.87225548902,36–45
44064,17.0,male,germany,192862,image,fitness,15341.0,2366.0,895.0,1467,43624,2023-07-02,11175,False,mobile,negative,#tech,0.426416651,1,18602.0,2023,7,July,Sunday,48605.40612244898,Under 18
24122,36.0,female,uk,346393,video,travel,4801.0,2779.0,1513.0,4296,67029,2022-06-28,5851,False,mobile,neutral,#fashion #tech,0.1356577,2,9093.0,2022,6,June,Tuesday,51119.39350912779,36–45
34820,52.0,male,uk,621627,reel,food,15346.0,891.0,1817.0,7784,63904,2022-03-09,580235,False,desktop,positive,#fitness,0.282517526,1,18054.0,2022,3,March,Wednesday,51119.39350912779,46–55
78431,45.0,male,france,109402,text,lifestyle,1758.0,2371.0,1363.0,4838,27768,2023-05-11,614521,False,desktop,negative,#fitness #music,0.197781619,2,5492.0,2023,5,May,Thursday,51727.67338709677,36–45
65745,20.0,female,usa,716149,video,education,5780.0,1926.0,1536.0,4193,11037,2022-01-01,2342,False,tablet,positive,#fun,0.837365226,1,9242.0,2022,1,January,Saturday,51263.87225548902,18–25
60081,36.0,female,usa,282992,text,education,11260.0,942.0,1012.0,7270,17204,2022-02-17,119412,False,mobile,positive,#travel #love,0.765054638,2,13214.0,2022,2,February,Thursday,51263.87225548902,36–45
80902,62.0,other,uae,362084,reel,music,8973.0,1066.0,984.0,5672,4426,2023-02-21,15027,False,mobile,neutral,#tech,2.490510619,1,11023.0,2023,2,February,Tuesday,48928.41351888668,56+
18711,32.0,female,uk,731377,reel,music,12413.0,2703.0,1632.0,7318,69233,2023-10-26,566531,False,mobile,positive,#travel #foodie #music,0.241907761,3,16748.0,2023,10,October,Thursday,51119.39350912779,26–35
95132,28.0,male,brazil,650288,text,fashion,17910.0,2221.0,1622.0,1291,37827,2022-07-16,639219,False,desktop,neutral,#lifestyle #foodie,0.575065429,2,21753.0,2022,7,July,Saturday,49193.1746031746,26–35
28793,62.0,male,usa,976227,reel,fitness,840.0,1782.0,842.0,4934,40626,2023-07-24,176509,False,mobile,positive,#tech,0.085265593,1,3464.0,2023,7,July,Monday,51263.87225548902,56+
18199,38.0,female,uae,737173,video,lifestyle,17725.0,684.0,251.0,351,89656,2022-02-17,291158,False,desktop,positive,#love #tech,0.208128848,2,18660.0,2022,2,February,Thursday,48928.41351888668,36–45
86253,24.0,other,canada,822822,image,education,12299.0,1064.0,1387.0,6610,28441,2022-12-21,320267,False,mobile,positive,#foodie,0.518617489,1,14750.0,2022,12,December,Wednesday,48703.150097465885,18–25
46191,25.0,female,japan,892420,text,tech,17884.0,2456.0,1550.0,1301,60593,2022-08-22,614485,False,desktop,neutral,#fashion #fitness,0.361262852,2,21890.0,2022,8,August,Monday,49616.13559322034,18–25
20211,57.0,male,canada,305351,image,lifestyle,5559.0,1585.0,141.0,3639,69516,2023-03-13,570945,False,tablet,positive,#foodie #reels,0.104796018,2,7285.0,2023,3,March,Monday,48703.150097465885,56+
73069,54.0,male,uae,943431,text,tech,5926.0,1346.0,310.0,3087,65395,2023-12-01,726143,False,tablet,neutral,#fun,0.115941586,1,7582.0,2023,12,December,Friday,48928.41351888668,46–55
98896,51.0,other,brazil,340456,image,fitness,8707.0,2227.0,1408.0,6073,78486,2023-09-18,79544,False,mobile,negative,#reels,0.157250975,1,12342.0,2023,9,September,Monday,49193.1746031746,46–55
66746,37.0,female,france,312690,image,travel,16175.0,2901.0,1824.0,455,21348,2022-03-31,41254,False,mobile,neutral,#foodie #fitness #fun,0.979014428,3,20900.0,2022,3,March,Thursday,51727.67338709677,36–45
31542,58.0,male,uk,546642,video,tech,11654.0,1182.0,581.0,5853,80779,2023-01-04,200124,False,desktop,neutral,#fashion #reels,0.166095148,2,13417.0,2023,1,January,Wednesday,51119.39350912779,56+
41312,44.0,male,france,213174,image,lifestyle,13991.0,36.0,1335.0,3250,23157,2022-06-18,208617,False,desktop,positive,#tech,0.663384722,1,15362.0,2022,6,June,Saturday,51727.67338709677,36–45
55242,36.0,male,france,854270,text,music,11271.0,2453.0,1302.0,1157,74117,2022-12-29,507613,False,desktop,positive,#travel #tech,0.202733516,2,15026.0,2022,12,December,Thursday,51727.67338709677,36–45
97893,60.0,female,uae,305471,image,lifestyle,7675.0,538.0,1589.0,257,32800,2022-06-26,6369,False,mobile,positive,#lifestyle #travel #foodie,0.298841463,3,9802.0,2022,6,June,Sunday,48928.41351888668,56+
65388,59.0,female,uk,684947,reel,education,9339.0,2423.0,345.0,2109,6343,2023-05-15,569583,False,desktop,positive,#fashion #reels,1.908718272,2,12107.0,2023,5,May,Monday,51119.39350912779,56+
37691,56.0,other,india,870064,image,music,19640.0,1921.0,1410.0,481,39160,2023-12-05,682840,False,mobile,positive,#lifestyle #music #travel,0.586593463,3,22971.0,2023,12,December,Tuesday,52462.38691588785,56+
87960,21.0,male,japan,195343,image,tech,2594.0,2303.0,301.0,5596,81380,2022-05-13,768013,False,desktop,positive,#music,0.063873188,1,5198.0,2022,5,May,Friday,49616.13559322034,18–25
94388,52.0,male,usa,515334,reel,food,3656.0,2325.0,1787.0,5095,25070,2022-06-21,550129,False,mobile,positive,#love #foodie #fitness,0.309852413,3,7768.0,2022,6,June,Tuesday,51263.87225548902,46–55
32601,62.0,other,france,283097,reel,education,9740.0,248.0,506.0,4730,475,2023-06-14,443033,False,desktop,positive,#travel #music #lifestyle,22.09263158,3,10494.0,2023,6,June,Wednesday,51727.67338709677,56+
28020,35.0,male,canada,159938,text,food,18470.0,692.0,1012.0,3113,21361,2023-03-17,348277,False,desktop,neutral,#music #tech #fitness,0.908571696,3,20174.0,2023,3,March,Friday,48703.150097465885,26–35
18155,62.0,other,india,105149,reel,food,10105.5,1040.0,1669.0,1396,18623,2022-04-22,545996,False,desktop,neutral,#foodie #fitness,0.31487945,2,12814.5,2022,4,April,Friday,52462.38691588785,56+
79119,25.0,other,india,662367,reel,tech,978.0,1391.0,487.0,7540,83994,2022-02-09,483831,False,mobile,negative,#fashion,0.034002429,1,2856.0,2022,2,February,Wednesday,52462.38691588785,18–25
91051,44.0,male,brazil,757844,text,tech,10497.0,2172.0,1779.0,5418,43518,2022-04-12,588051,True,tablet,negative,#fitness,0.332000551,1,14448.0,2022,4,April,Tuesday,49193.1746031746,36–45
46777,62.0,female,france,583943,text,lifestyle,12075.0,1335.0,1944.0,5171,70137,2023-01-04,765210,False,tablet,negative,#tech,0.21891441,1,15354.0,2023,1,January,Wednesday,51727.67338709677,56+
29710,27.0,female,france,475460,image,fitness,19431.0,2259.0,1262.0,5498,88184,2022-06-23,80025,False,mobile,negative,#love #reels,0.260273973,2,22952.0,2022,6,June,Thursday,51727.67338709677,26–35
34532,48.0,female,australia,410745,video,fitness,2589.0,2519.0,1552.0,6073,43739,2022-12-07,283139,False,mobile,neutral,#foodie,0.152266856,1,6660.0,2022,12,December,Wednesday,48346.38336713996,46–55
28601,61.0,female,uae,614681,text,travel,18390.0,2796.0,1947.0,7059,22646,2022-07-15,769901,False,tablet,positive,#music #love,1.021504902,2,23133.0,2022,7,July,Friday,48928.41351888668,56+
73227,17.0,male,brazil,873253,reel,music,5942.0,1438.0,927.0,6455,46715,2023-08-07,727517,True,tablet,positive,#reels #fun,0.177822969,2,8307.0,2023,8,August,Monday,49193.1746031746,Under 18
14967,34.0,other,india,930241,image,tech,18983.0,499.0,1372.0,2626,92412,2022-07-01,507855,False,desktop,positive,#fun #fitness #love,0.225663334,3,20854.0,2022,7,July,Friday,52462.38691588785,26–35
94289,28.0,other,india,251863,reel,education,2508.0,810.0,790.0,6202,30671,2022-11-19,535019,True,desktop,positive,#fitness,0.133937596,1,4108.0,2022,11,November,Saturday,52462.38691588785,26–35
30022,53.0,male,australia,824703,text,music,12511.0,1735.0,1768.0,6447,90624,2022-04-23,441093,False,mobile,positive,#love #fun #foodie,0.176708157,3,16014.0,2022,4,April,Saturday,48346.38336713996,46–55
53463,22.0,female,usa,257720,video,education,17577.0,1497.0,911.0,6178,6445,2023-11-06,741036,False,tablet,positive,#lifestyle #love #tech,3.006361521,3,19985.0,2023,11,November,Monday,51263.87225548902,18–25
84671,36.0,other,germany,524306,image,music,5915.0,1210.0,1375.0,647,55382,2023-07-05,398421,False,tablet,positive,#reels,0.15347947,1,8500.0,2023,7,July,Wednesday,48605.40612244898,36–45
15722,30.0,male,canada,452780,text,fitness,2045.0,1923.0,153.0,5106,80110,2022-08-23,285983,False,mobile,positive,#reels #fun,0.051441768,2,4121.0,2022,8,August,Tuesday,48703.150097465885,26–35
37413,61.0,male,germany,754654,text,fitness,8439.0,1986.0,1533.0,1611,63355,2023-05-20,505123,False,tablet,positive,#love #fashion #foodie,0.188745955,3,11958.0,2023,5,May,Saturday,48605.40612244898,56+
91050,30.0,female,france,327557,reel,food,10105.5,1491.0,1952.0,3825,47227,2022-03-12,61622,False,desktop,positive,#fun #lifestyle #fitness,0.275668579,3,13548.5,2022,3,March,Saturday,51727.67338709677,26–35
95867,19.0,male,uk,201477,video,food,9564.0,174.0,1209.0,4588,39023,2022-08-07,29613,False,tablet,positive,#fashion #lifestyle #foodie,0.280526869,3,10947.0,2022,8,August,Sunday,51119.39350912779,18–25
93596,16.0,other,brazil,117857,text,education,11105.0,2364.0,943.0,4586,88298,2023-06-01,152852,False,tablet,neutral,#tech #travel,0.163220005,2,14412.0,2023,6,June,Thursday,49193.1746031746,Under 18
76732,38.0,other,france,293399,reel,education,15765.0,823.0,594.0,7967,15371,2022-06-14,210372,False,desktop,positive,#love #fun #lifestyle,1.11781927,3,17182.0,2022,6,June,Tuesday,51727.67338709677,36–45
22297,17.0,male,usa,867876,image,food,14793.0,2917.0,1590.0,2268,17862,2023-05-28,160189,False,tablet,positive,#music #fashion #fun,1.080506102,3,19300.0,2023,5,May,Sunday,51263.87225548902,Under 18
78323,28.0,other,germany,324458,reel,fashion,14921.0,1497.0,1448.0,3884,62130,2023-01-16,485515,False,desktop,positive,#foodie,0.278432319,1,17866.0,2023,1,January,Monday,48605.40612244898,26–35
33816,47.0,male,france,873386,image,music,7181.0,2934.0,61.0,5716,23619,2022-07-03,47408,False,desktop,negative,#fashion,0.430839578,1,10176.0,2022,7,July,Sunday,51727.67338709677,46–55
50695,38.0,other,canada,274039,reel,fitness,10105.5,2014.0,1424.0,6266,97658,2023-01-04,703469,False,desktop,positive,#tech #fashion,0.035655041,2,13543.5,2023,1,January,Wednesday,48703.150097465885,36–45
29702,30.0,female,india,940141,video,food,18469.0,268.0,869.0,2754,810,2023-03-24,449212,False,tablet,positive,#foodie,24.20493827,1,19606.0,2023,3,March,Friday,52462.38691588785,26–35
35242,41.0,other,uae,279933,reel,food,4511.0,1817.0,1082.0,5221,28126,2022-01-08,699750,False,desktop,positive,#fashion,0.263457299,1,7410.0,2022,1,January,Saturday,48928.41351888668,36–45
65841,35.0,female,japan,741127,video,tech,15421.0,2517.0,1165.0,5914,89481,2023-09-12,198732,False,mobile,positive,#tech #fashion,0.213486662,2,19103.0,2023,9,September,Tuesday,49616.13559322034,26–35
77712,26.0,female,france,824078,video,education,7775.0,223.0,465.0,4982,4992,2023-01-17,719912,False,tablet,positive,#travel,1.6953125,1,8463.0,2023,1,January,Tuesday,51727.67338709677,26–35
95663,27.0,male,usa,223307,image,lifestyle,10105.5,1275.0,1172.0,3586,36095,2023-01-17,548459,False,desktop,positive,#travel #fashion,0.364427206,2,12552.5,2023,1,January,Tuesday,51263.87225548902,26–35
63574,61.0,female,brazil,222850,reel,food,13372.0,2954.0,1470.0,3384,17214,2023-03-24,42934,False,mobile,positive,#reels,1.03380969,1,17796.0,2023,3,March,Friday,49193.1746031746,56+
95744,45.0,other,uk,120948,reel,tech,7948.0,2877.0,1197.0,7673,88440,2023-11-28,245115,False,mobile,neutral,#fashion #fitness #foodie,0.135933967,3,12022.0,2023,11,November,Tuesday,51119.39350912779,36–45
38482,37.0,male,canada,395926,reel,travel,11079.0,1147.0,310.0,6080,39060,2022-06-03,127242,False,desktop,negative,#love #fitness,0.32094214,2,12536.0,2022,6,June,Friday,48703.150097465885,36–45
19171,38.0,female,australia,806116,video,food,8216.0,237.0,1085.0,4589,56440,2022-02-03,229246,False,mobile,neutral,#fitness #foodie #love,0.168993622,3,9538.0,2022,2,February,Thursday,48346.38336713996,36–45
13696,29.0,male,usa,969221,text,lifestyle,10006.0,2122.0,1190.0,758,17951,2023-05-12,205230,True,desktop,negative,#lifestyle #foodie #fun,0.741908529,3,13318.0,2023,5,May,Friday,51263.87225548902,26–35
30058,35.0,female,germany,729505,reel,tech,1225.0,499.0,1705.0,5779,34426,2022-01-22,262830,False,mobile,positive,#fun #fashion #music,0.09960495,3,3429.0,2022,1,January,Saturday,48605.40612244898,26–35
30313,55.0,other,uae,856391,reel,lifestyle,1248.0,1545.0,815.0,7366,43579,2023-01-15,787281,False,tablet,negative,#fitness,0.082792171,1,3608.0,2023,1,January,Sunday,48928.41351888668,46–55
29149,29.0,male,germany,299460,text,food,15869.0,267.0,102.0,632,38125,2022-05-28,388857,False,desktop,positive,#reels,0.425914754,1,16238.0,2022,5,May,Saturday,48605.40612244898,26–35
63521,26.0,female,india,577744,image,travel,19226.0,1510.0,27.0,7848,82249,2023-10-25,446430,False,mobile,negative,#travel #love,0.252440759,2,20763.0,2023,10,October,Wednesday,52462.38691588785,26–35
55740,41.0,female,uae,238721,reel,food,5698.0,986.0,1619.0,3584,23465,2023-08-02,158253,False,mobile,positive,#foodie #lifestyle,0.353846154,2,8303.0,2023,8,August,Wednesday,48928.41351888668,36–45
14956,32.0,male,germany,784362,text,tech,17966.0,1623.0,507.0,329,71160,2023-08-13,704844,False,desktop,positive,#tech #fashion,0.282405846,2,20096.0,2023,8,August,Sunday,48605.40612244898,26–35
85731,38.0,other,brazil,659011,reel,travel,4848.0,722.0,133.0,7788,41600,2023-07-05,746701,False,tablet,neutral,#fun #fitness #travel,0.137091346,3,5703.0,2023,7,July,Wednesday,49193.1746031746,36–45
92612,31.0,other,germany,174314,video,travel,9905.0,1095.0,58.0,3019,68510,2023-11-08,641072,False,desktop,neutral,#travel #lifestyle,0.161407094,2,11058.0,2023,11,November,Wednesday,48605.40612244898,26–35
76641,51.0,other,canada,976744,text,travel,11783.0,1497.0,1113.0,6019,58379,2022-04-09,449091,False,mobile,neutral,#love #tech,0.224138817,2,14393.0,2022,4,April,Saturday,48703.150097465885,46–55
73811,25.0,male,canada,301157,video,fashion,13388.0,995.0,69.0,5446,72593,2023-10-03,33434,True,desktop,neutral,#travel #music,0.199082556,2,14452.0,2023,10,October,Tuesday,48703.150097465885,18–25
62160,30.0,other,japan,312471,text,tech,3138.0,1585.0,1012.0,9,19176,2023-06-15,773328,True,tablet,neutral,#travel #fashion #lifestyle,0.348404255,3,5735.0,2023,6,June,Thursday,49616.13559322034,26–35
61313,35.0,other,germany,898241,image,fashion,17901.0,565.0,184.0,4053,94834,2022-09-28,413523,False,mobile,positive,#reels,0.196659426,1,18650.0,2022,9,September,Wednesday,48605.40612244898,26–35
73232,58.0,male,brazil,763662,video,lifestyle,10924.0,992.0,1461.0,2174,11361,2022-01-01,712234,False,tablet,negative,#fun,1.177449168,1,13377.0,2022,1,January,Saturday,49193.1746031746,56+
25417,45.0,male,brazil,370244,reel,travel,4642.0,2783.0,571.0,984,38092,2022-10-14,447032,False,tablet,neutral,#love #lifestyle #fashion,0.209912843,3,7996.0,2022,10,October,Friday,49193.1746031746,36–45
34729,51.0,male,france,823807,text,fashion,5196.0,155.0,1497.0,668,62162,2022-06-29,287798,False,mobile,positive,#fun #foodie,0.110163766,2,6848.0,2022,6,June,Wednesday,51727.67338709677,46–55
40099,52.0,male,uk,439771,reel,food,11155.0,1895.0,1680.0,2278,27574,2022-09-13,459846,False,tablet,neutral,#fashion #reels #travel,0.534198883,3,14730.0,2022,9,September,Tuesday,51119.39350912779,46–55
39961,30.0,male,uae,698923,image,fashion,12055.0,1586.0,167.0,5134,93619,2022-06-23,213687,False,mobile,positive,#love #reels,0.147491428,2,13808.0,2022,6,June,Thursday,48928.41351888668,26–35
22602,21.0,male,usa,417164,text,fitness,6198.0,1776.0,577.0,7954,78347,2022-02-19,45347,False,tablet,negative,#foodie #fashion,0.10914266,2,8551.0,2022,2,February,Saturday,51263.87225548902,18–25
19256,45.0,female,australia,629951,image,lifestyle,8072.0,1865.0,1906.0,6630,39634,2023-06-16,226260,False,tablet,neutral,#foodie #travel #fitness,0.298809103,3,11843.0,2023,6,June,Friday,48346.38336713996,36–45
96120,44.0,female,uae,981872,text,travel,15965.0,672.0,1147.0,441,10190,2023-09-09,227483,False,mobile,positive,#travel,1.745240432,1,17784.0,2023,9,September,Saturday,48928.41351888668,36–45
44681,29.0,female,uae,587043,video,travel,9688.0,1664.0,1236.0,2925,63418,2022-07-09,132788,False,tablet,negative,#foodie,0.198492542,1,12588.0,2022,7,July,Saturday,48928.41351888668,26–35
97440,31.0,female,india,800009,reel,education,11919.0,1108.0,181.0,4020,32871,2022-02-12,166354,False,tablet,neutral,#fun #fitness,0.401813148,2,13208.0,2022,2,February,Saturday,52462.38691588785,26–35
74789,39.0,other,uae,933568,video,music,9927.0,2116.0,70.0,5677,78392,2023-06-01,87,False,tablet,negative,#foodie,0.154518318,1,12113.0,2023,6,June,Thursday,48928.41351888668,36–45
53361,18.0,male,india,870602,video,lifestyle,10105.5,2420.0,555.0,273,70395,2022-03-07,786056,False,desktop,positive,#fashion,0.241977413,1,13080.5,2022,3,March,Monday,52462.38691588785,Under 18
74503,47.0,other,france,880143,video,lifestyle,14649.0,54.0,851.0,4713,93837,2023-01-31,741761,False,tablet,neutral,#travel #lifestyle #love,0.165755512,3,15554.0,2023,1,January,Tuesday,51727.67338709677,46–55
44540,49.0,male,uk,993034,video,tech,17727.0,84.0,1218.0,1026,37501,2022-09-08,506378,False,desktop,negative,#foodie,0.507426469,1,19029.0,2022,9,September,Thursday,51119.39350912779,46–55
36536,46.0,male,brazil,660392,text,food,5490.0,1880.0,1592.0,2373,7461,2022-05-08,698530,False,mobile,positive,#love,1.201179467,1,8962.0,2022,5,May,Sunday,49193.1746031746,46–55
94700,32.0,other,japan,663425,reel,education,16432.0,2988.0,1315.0,4348,51659,2023-11-28,770348,False,mobile,neutral,#love,0.401382141,1,20735.0,2023,11,November,Tuesday,49616.13559322034,26–35
73043,37.0,female,brazil,495750,text,lifestyle,5916.0,2888.0,1080.0,1557,2667,2022-07-07,421258,False,mobile,negative,#lifestyle #fun,3.706036745,2,9884.0,2022,7,July,Thursday,49193.1746031746,36–45
88532,16.0,other,germany,954194,text,education,18894.0,591.0,1912.0,3126,58540,2022-07-02,717748,False,desktop,positive,#tech #lifestyle,0.365510762,2,21397.0,2022,7,July,Saturday,48605.40612244898,Under 18
66575,22.0,other,australia,545661,text,lifestyle,11526.0,2779.0,682.0,2933,75813,2023-08-06,127606,False,mobile,positive,#reels #foodie #tech,0.197683775,3,14987.0,2023,8,August,Sunday,48346.38336713996,18–25
12871,22.0,male,uk,764945,video,education,1746.0,1959.0,1323.0,447,36017,2023-08-01,547249,False,mobile,positive,#tech #fun,0.139600744,2,5028.0,2023,8,August,Tuesday,51119.39350912779,18–25
56002,36.0,male,uk,586163,image,tech,8170.0,2669.0,317.0,3368,24311,2023-10-29,157112,False,tablet,positive,#reels #foodie #fitness,0.458886924,3,11156.0,2023,10,October,Sunday,51119.39350912779,36–45
59812,33.0,male,france,853830,video,lifestyle,633.0,1008.0,1394.0,3693,98213,2023-02-16,234531,False,desktop,positive,#reels #lifestyle #love,0.030902223,3,3035.0,2023,2,February,Thursday,51727.67338709677,26–35
32626,23.0,female,australia,438582,text,fashion,12889.0,2364.0,1106.0,6516,66993,2022-03-20,755335,False,desktop,positive,#reels #fitness,0.244189691,2,16359.0,2022,3,March,Sunday,48346.38336713996,18–25
69979,39.0,other,germany,136392,video,fitness,19104.0,2672.0,828.0,3806,88248,2022-01-19,542475,False,desktop,positive,#love,0.256141782,1,22604.0,2022,1,January,Wednesday,48605.40612244898,36–45
86057,28.0,other,germany,970699,reel,fitness,16559.0,251.0,93.0,4564,87635,2023-04-23,680547,False,mobile,neutral,#foodie #fashion,0.192879557,2,16903.0,2023,4,April,Sunday,48605.40612244898,26–35
76668,38.0,female,japan,314396,reel,fitness,15140.0,2199.0,266.0,6903,26250,2022-02-14,588298,False,desktop,neutral,#fitness #lifestyle #foodie,0.670666667,3,17605.0,2022,2,February,Monday,49616.13559322034,36–45
90070,42.0,other,usa,262198,video,lifestyle,8152.0,1359.0,1868.0,5255,63607,2022-08-10,314928,False,mobile,neutral,#reels,0.178895405,1,11379.0,2022,8,August,Wednesday,51263.87225548902,36–45
99390,61.0,other,brazil,404629,video,education,15718.0,909.0,1399.0,6976,1705,2022-05-09,771255,False,mobile,negative,#fitness,10.57243402,1,18026.0,2022,5,May,Monday,49193.1746031746,56+
52998,28.0,male,uae,604121,image,fitness,19741.0,1786.0,1184.0,3996,72920,2023-09-10,169398,False,mobile,neutral,#fitness,0.311450905,1,22711.0,2023,9,September,Sunday,48928.41351888668,26–35
73814,19.0,female,australia,866767,video,food,4392.0,2913.0,613.0,3317,54227,2023-09-25,610414,False,mobile,positive,#fun #fitness,0.146015822,2,7918.0,2023,9,September,Monday,48346.38336713996,18–25
55607,28.0,male,germany,407942,video,fashion,5379.0,599.0,501.0,69,93198,2022-08-18,642861,False,tablet,positive,#foodie #fashion,0.069518659,2,6479.0,2022,8,August,Thursday,48605.40612244898,26–35
17812,47.0,male,germany,823670,image,fitness,8666.0,1006.0,1400.0,4576,54821,2022-08-15,5911,False,desktop,negative,#lifestyle,0.2019664,1,11072.0,2022,8,August,Monday,48605.40612244898,46–55
71844,28.0,male,usa,240089,video,travel,9838.0,1123.0,1135.0,2577,49279,2023-02-01,699911,False,desktop,neutral,#music #fashion #love,0.245459526,3,12096.0,2023,2,February,Wednesday,51263.87225548902,26–35
80093,52.0,other,uk,781060,video,lifestyle,1958.0,1143.0,577.0,4585,46129,2022-10-02,259472,False,mobile,negative,#reels #tech #foodie,0.079732923,3,3678.0,2022,10,October,Sunday,51119.39350912779,46–55
12179,24.0,female,germany,977112,video,fashion,6679.0,302.0,1645.0,4598,17836,2022-05-18,650347,False,mobile,neutral,#fitness,0.483628616,1,8626.0,2022,5,May,Wednesday,48605.40612244898,18–25
53798,38.0,female,japan,195446,video,food,15921.0,1739.0,631.0,3056,3834,2022-06-22,97223,False,mobile,positive,#fun #reels,4.770735524,2,18291.0,2022,6,June,Wednesday,49616.13559322034,36–45
84601,61.0,male,germany,601670,video,fitness,13348.0,1224.0,278.0,5817,7631,2022-11-23,98344,True,tablet,positive,#music #fitness #fun,1.946009697,3,14850.0,2022,11,November,Wednesday,48605.40612244898,56+
18275,33.0,female,germany,278751,text,food,7348.0,1026.0,753.0,116,33286,2022-08-03,576593,False,mobile,neutral,#foodie,0.274199363,1,9127.0,2022,8,August,Wednesday,48605.40612244898,26–35
60574,62.0,other,usa,323293,video,lifestyle,5884.0,399.0,1456.0,7424,45177,2022-08-16,627394,False,desktop,positive,#fun #tech,0.171303982,2,7739.0,2022,8,August,Tuesday,51263.87225548902,56+
57857,55.0,other,japan,189938,image,fitness,12312.0,67.0,1683.0,1813,41320,2022-04-17,473067,False,desktop,positive,#love #foodie #tech,0.340319458,3,14062.0,2022,4,April,Sunday,49616.13559322034,46–55
30700,48.0,other,canada,137232,video,travel,10105.5,153.0,241.0,6750,84127,2022-06-08,618714,False,tablet,neutral,#foodie #lifestyle,0.109619979,2,10499.5,2022,6,June,Wednesday,48703.150097465885,46–55
49464,60.0,male,india,850959,text,fashion,19998.0,1014.0,1245.0,5014,44044,2022-05-16,148551,False,mobile,positive,#travel,0.505335574,1,22257.0,2022,5,May,Monday,52462.38691588785,56+
52351,29.0,female,usa,582877,image,education,3820.0,1517.0,782.0,903,62976,2022-01-30,576347,False,desktop,positive,#tech #love,0.097163999,2,6119.0,2022,1,January,Sunday,51263.87225548902,26–35
92534,44.0,male,uk,517236,image,travel,4322.0,181.0,961.0,4523,71942,2022-04-08,558208,False,tablet,positive,#reels,0.075950071,1,5464.0,2022,4,April,Friday,51119.39350912779,36–45
23869,53.0,other,uk,983671,video,fitness,5467.0,524.0,1309.0,7282,48341,2023-09-01,776543,False,desktop,neutral,#music #reels #fashion,0.151010529,3,7300.0,2023,9,September,Friday,51119.39350912779,46–55
70315,18.0,female,australia,157172,reel,tech,12325.0,2236.0,984.0,493,63941,2023-06-07,549300,False,tablet,positive,#foodie #music,0.243114746,2,15545.0,2023,6,June,Wednesday,48346.38336713996,Under 18
30954,36.0,other,usa,459449,text,music,5502.0,19.0,3.0,6205,4391,2022-12-08,83582,False,mobile,positive,#fashion,1.258027784,1,5524.0,2022,12,December,Thursday,51263.87225548902,36–45
41555,39.0,male,france,244818,reel,fashion,17588.0,850.0,319.0,3858,80596,2022-06-17,50767,False,desktop,negative,#fitness #tech,0.232728671,2,18757.0,2022,6,June,Friday,51727.67338709677,36–45
73353,32.0,female,usa,353048,video,food,6449.0,2945.0,1344.0,5946,74732,2022-07-30,232781,True,desktop,positive,#music #fun,0.143686774,2,10738.0,2022,7,July,Saturday,51263.87225548902,26–35
92190,37.0,male,canada,628382,text,fitness,17587.0,2057.0,1031.0,6640,40528,2023-11-15,199165,False,mobile,neutral,#fashion #travel #reels,0.510141137,3,20675.0,2023,11,November,Wednesday,48703.150097465885,36–45
55026,14.0,female,germany,168466,reel,travel,982.0,2747.0,1075.0,2683,12712,2023-09-24,149706,True,mobile,negative,#fashion #foodie,0.377910636,2,4804.0,2023,9,September,Sunday,48605.40612244898,Under 18
56976,21.0,other,usa,985499,text,lifestyle,8923.0,1880.0,1023.0,4175,58011,2022-07-04,315350,False,tablet,positive,#fun,0.203857889,1,11826.0,2022,7,July,Monday,51263.87225548902,18–25
90578,40.0,female,france,392899,video,education,14989.0,654.0,1165.0,3730,82798,2023-03-08,579300,False,mobile,positive,#fun #fitness #love,0.203000072,3,16808.0,2023,3,March,Wednesday,51727.67338709677,36–45
55095,50.0,other,uae,326713,text,tech,13429.0,1326.0,1849.0,6628,58369,2023-02-28,670232,True,desktop,positive,#fun,0.284466069,1,16604.0,2023,2,February,Tuesday,48928.41351888668,46–55
24270,15.0,male,france,242624,video,education,14396.0,2288.0,778.0,5141,88278,2022-02-08,260740,False,desktop,positive,#lifestyle,0.197806928,1,17462.0,2022,2,February,Tuesday,51727.67338709677,Under 18
40908,32.0,other,uk,594970,reel,lifestyle,10792.0,2199.0,826.0,4690,96712,2023-01-22,347897,False,mobile,positive,#music #reels,0.142867483,2,13817.0,2023,1,January,Sunday,51119.39350912779,26–35
25523,18.0,female,canada,290563,text,fitness,5905.0,2831.0,279.0,5443,27914,2023-03-27,229236,False,mobile,positive,#fun #foodie #travel,0.322956223,3,9015.0,2023,3,March,Monday,48703.150097465885,Under 18
72433,51.0,other,germany,391144,image,music,4073.0,2235.0,1111.0,1540,56773,2022-04-25,175111,False,mobile,negative,#fitness #foodie #lifestyle,0.130678315,3,7419.0,2022,4,April,Monday,48605.40612244898,46–55
57068,45.0,other,france,840999,video,food,19278.0,1497.0,1183.0,6404,80086,2023-02-05,623282,False,mobile,positive,#travel,0.286841645,1,21958.0,2023,2,February,Sunday,51727.67338709677,36–45
29991,13.0,female,canada,157564,text,travel,2234.0,721.0,984.0,7959,77307,2022-10-31,109541,False,desktop,positive,#lifestyle,0.050952695,1,3939.0,2022,10,October,Monday,48703.150097465885,Under 18
20775,49.0,other,uae,769462,image,fashion,15273.0,2947.0,1837.0,6272,50867,2023-08-26,297061,False,tablet,neutral,#fitness #foodie,0.39430279,2,20057.0,2023,8,August,Saturday,48928.41351888668,46–55
87801,18.0,female,japan,232933,image,tech,7631.0,2753.0,27.0,625,67485,2022-11-05,666244,True,desktop,positive,#foodie #love #fitness,0.15427132,3,10411.0,2022,11,November,Saturday,49616.13559322034,Under 18
94995,57.0,male,japan,405718,image,fitness,17831.0,1200.0,1551.0,4379,48001,2023-07-27,387462,False,desktop,positive,#fun #lifestyle #music,0.428782734,3,20582.0,2023,7,July,Thursday,49616.13559322034,56+
71250,46.0,other,japan,263754,image,fitness,12061.0,880.0,809.0,7214,34811,2022-04-13,188141,False,tablet,neutral,#fitness,0.394990089,1,13750.0,2022,4,April,Wednesday,49616.13559322034,46–55
26673,59.0,male,uae,703107,video,fitness,16485.0,2462.0,1894.0,5972,51622,2023-12-28,80446,False,mobile,positive,#love #reels #fitness,0.403723219,3,20841.0,2023,12,December,Thursday,48928.41351888668,56+
37056,27.0,other,germany,453277,text,fitness,11899.0,577.0,271.0,5307,40576,2022-04-12,433932,False,tablet,neutral,#fitness,0.314151222,1,12747.0,2022,4,April,Tuesday,48605.40612244898,26–35
16614,57.0,other,india,345869,image,travel,13738.0,309.0,1123.0,6162,12961,2023-10-17,454722,False,desktop,positive,#love #lifestyle,1.17043438,2,15170.0,2023,10,October,Tuesday,52462.38691588785,56+
17415,38.0,male,india,702260,text,fashion,10850.0,1025.0,1931.0,6742,24318,2022-03-31,602151,False,mobile,neutral,#travel #foodie #tech,0.567727609,3,13806.0,2022,3,March,Thursday,52462.38691588785,36–45
98691,26.0,male,canada,980392,text,food,16919.0,316.0,1227.0,6797,67456,2022-04-28,349903,False,mobile,negative,#lifestyle #reels #love,0.273689516,3,18462.0,2022,4,April,Thursday,48703.150097465885,26–35
53884,19.0,other,japan,820545,reel,tech,18084.0,1806.0,189.0,4858,8732,2022-05-19,397015,False,mobile,negative,#fitness #tech #fashion,2.299473202,3,20079.0,2022,5,May,Thursday,49616.13559322034,18–25
26964,58.0,male,uk,960858,text,education,7039.0,1532.0,545.0,837,29984,2022-10-30,529084,False,mobile,neutral,#foodie #tech #music,0.304028815,3,9116.0,2022,10,October,Sunday,51119.39350912779,56+
47726,43.0,other,germany,662585,video,music,7114.0,1019.0,293.0,2015,47488,2023-10-10,471383,False,mobile,positive,#reels #tech,0.177434299,2,8426.0,2023,10,October,Tuesday,48605.40612244898,36–45
47044,36.0,female,india,623392,video,fitness,12411.0,367.0,1918.0,2015,41163,2023-06-01,121933,False,mobile,positive,#reels,0.357019654,1,14696.0,2023,6,June,Thursday,52462.38691588785,36–45
67149,43.0,other,usa,738435,image,lifestyle,7469.0,554.0,1966.0,3079,66204,2022-07-28,443851,False,tablet,neutral,#fashion #travel,0.150882122,2,9989.0,2022,7,July,Thursday,51263.87225548902,36–45
47544,41.0,other,australia,632587,text,fitness,15003.0,2652.0,1998.0,5156,410,2022-03-28,785453,False,mobile,positive,#love,47.93414634,1,19653.0,2022,3,March,Monday,48346.38336713996,36–45
59976,54.0,other,brazil,665672,video,fashion,6492.0,1249.0,1813.0,5717,34775,2022-11-15,42449,False,tablet,positive,#tech,0.274737599,1,9554.0,2022,11,November,Tuesday,49193.1746031746,46–55
42252,44.0,male,uae,479326,video,fashion,4344.0,2983.0,847.0,71,9999,2023-09-25,551882,False,tablet,negative,#travel #fashion #reels,0.817481748,3,8174.0,2023,9,September,Monday,48928.41351888668,36–45
13832,29.0,female,uae,438837,video,music,1971.0,479.0,1367.0,3452,69091,2022-09-02,365385,False,tablet,positive,#travel #reels #fitness,0.05524598,3,3817.0,2022,9,September,Friday,48928.41351888668,26–35
90437,26.0,female,india,850659,image,travel,13582.0,1821.0,770.0,7433,4602,2022-03-31,729049,True,mobile,negative,#foodie #travel,3.514341591,2,16173.0,2022,3,March,Thursday,52462.38691588785,26–35
44148,52.0,other,uae,919119,video,travel,9644.0,939.0,768.0,7234,17064,2023-04-23,602828,False,mobile,neutral,#lifestyle,0.665201594,1,11351.0,2023,4,April,Sunday,48928.41351888668,46–55
71240,48.0,male,japan,819937,text,lifestyle,17096.0,13.0,52.0,4748,51267,2023-10-14,668423,False,mobile,neutral,#love #fitness #tech,0.334737746,3,17161.0,2023,10,October,Saturday,49616.13559322034,46–55
98454,60.0,male,brazil,422191,video,lifestyle,3655.0,2075.0,1727.0,3878,56895,2022-04-22,220549,False,mobile,negative,#foodie,0.131065999,1,7457.0,2022,4,April,Friday,49193.1746031746,56+
95076,36.0,female,uk,241263,video,travel,15342.0,141.0,683.0,63,72498,2023-01-29,533006,False,desktop,negative,#love,0.222985462,1,16166.0,2023,1,January,Sunday,51119.39350912779,36–45
87116,57.0,male,usa,287956,image,tech,12534.0,589.0,1070.0,29,4155,2022-08-28,651638,False,desktop,neutral,#fashion #reels #music,3.415884477,3,14193.0,2022,8,August,Sunday,51263.87225548902,56+
63459,39.0,other,canada,417055,text,lifestyle,12768.0,1782.0,1010.0,3971,92856,2022-09-29,486943,False,mobile,positive,#fashion #music #love,0.167571293,3,15560.0,2022,9,September,Thursday,48703.150097465885,36–45
48402,37.0,other,brazil,963735,video,travel,6472.0,472.0,1445.0,4652,18344,2022-05-23,21762,False,desktop,negative,#reels #love #fashion,0.457315744,3,8389.0,2022,5,May,Monday,49193.1746031746,36–45
67727,44.0,male,uk,576663,text,fitness,9640.0,1547.0,702.0,6789,11976,2023-12-20,5244,False,mobile,neutral,#travel #fashion,0.992735471,2,11889.0,2023,12,December,Wednesday,51119.39350912779,36–45
48578,64.0,other,uae,980597,text,travel,5124.0,1207.0,882.0,7183,68927,2022-04-29,571728,False,mobile,negative,#fashion #music,0.104646945,2,7213.0,2022,4,April,Friday,48928.41351888668,56+
32318,30.0,female,india,200330,video,education,8650.0,316.0,464.0,2325,27907,2023-08-19,529688,False,mobile,positive,#lifestyle #reels #foodie,0.337908052,3,9430.0,2023,8,August,Saturday,52462.38691588785,26–35
85715,58.0,other,france,454624,image,tech,2843.0,1384.0,552.0,5850,68579,2022-09-08,398962,False,mobile,negative,#music #travel,0.069686055,2,4779.0,2022,9,September,Thursday,51727.67338709677,56+
87787,30.0,male,canada,274798,text,travel,16976.0,444.0,916.0,4372,12319,2022-10-05,621888,True,mobile,neutral,#fun,1.488432503,1,18336.0,2022,10,October,Wednesday,48703.150097465885,26–35
95029,49.0,female,germany,134623,reel,travel,497.0,1497.0,1452.0,6364,51763,2022-06-12,622910,False,mobile,positive,#tech,0.082916369,1,3446.0,2022,6,June,Sunday,48605.40612244898,46–55
30466,38.0,other,australia,606583,video,fitness,2134.0,2451.0,1007.0,5312,27053,2023-10-16,766302,False,mobile,neutral,#reels #travel,0.206705356,2,5592.0,2023,10,October,Monday,48346.38336713996,36–45
55475,21.0,female,india,737507,text,lifestyle,18833.0,2799.0,1420.0,4765,55744,2022-12-16,622731,False,tablet,positive,#lifestyle,0.413533295,1,23052.0,2022,12,December,Friday,52462.38691588785,18–25
70142,47.0,male,uae,354398,text,fitness,5412.0,1961.0,193.0,7191,23127,2022-01-31,559031,False,tablet,negative,#fun #fashion #fitness,0.327150084,3,7566.0,2022,1,January,Monday,48928.41351888668,46–55
95160,20.0,other,india,314589,text,education,4292.0,2310.0,65.0,2879,18374,2023-04-03,422297,False,desktop,positive,#foodie #fitness #fun,0.362849679,3,6667.0,2023,4,April,Monday,52462.38691588785,18–25
36564,32.0,other,japan,747377,video,education,26.0,846.0,554.0,2188,94797,2022-04-01,79197,False,desktop,neutral,#foodie #love #reels,0.01504267,3,1426.0,2022,4,April,Friday,49616.13559322034,26–35
32412,54.0,female,uae,412144,reel,music,12108.0,2424.0,1725.0,2781,48208,2022-05-08,260925,False,tablet,negative,#tech #love #fashion,0.337226187,3,16257.0,2022,5,May,Sunday,48928.41351888668,46–55
61001,34.0,other,india,433638,text,fitness,14470.0,584.0,600.0,4121,74107,2023-07-02,291592,False,tablet,positive,#fun #lifestyle,0.211235106,2,15654.0,2023,7,July,Sunday,52462.38691588785,26–35
67649,31.0,other,brazil,573457,text,travel,2253.0,798.0,1499.0,2145,33722,2023-12-26,599668,True,tablet,positive,#love #fitness,0.134926754,2,4550.0,2023,12,December,Tuesday,49193.1746031746,26–35
70957,42.0,other,brazil,458316,image,fitness,11490.0,470.0,1711.0,275,96166,2023-05-24,464099,False,desktop,positive,#lifestyle,0.142160431,1,13671.0,2023,5,May,Wednesday,49193.1746031746,36–45
45517,40.0,other,usa,818387,video,fashion,13379.0,731.0,1904.0,6716,70919,2022-08-25,485180,False,mobile,positive,#fashion #foodie #fun,0.225806906,3,16014.0,2022,8,August,Thursday,51263.87225548902,36–45
23156,47.0,male,usa,814355,video,food,12649.0,971.0,1049.0,7035,29776,2023-06-17,204854,False,desktop,neutral,#lifestyle #fashion,0.492645083,2,14669.0,2023,6,June,Saturday,51263.87225548902,46–55
33064,55.0,other,canada,929308,text,food,9475.0,2094.0,1122.0,1266,16881,2023-08-31,497502,False,mobile,neutral,#foodie #travel,0.751791955,2,12691.0,2023,8,August,Thursday,48703.150097465885,46–55
35711,23.0,female,india,218217,image,fitness,14993.0,2994.0,475.0,3973,81063,2022-02-20,390907,False,mobile,positive,#tech #reels,0.227748788,2,18462.0,2022,2,February,Sunday,52462.38691588785,18–25
40106,43.0,male,usa,452832,text,lifestyle,1086.0,2071.0,572.0,6576,29199,2023-04-14,166951,False,desktop,negative,#tech #music #love,0.127709853,3,3729.0,2023,4,April,Friday,51263.87225548902,36–45
75458,61.0,female,japan,990497,text,tech,2015.0,1313.0,1916.0,4104,3603,2023-01-23,794497,True,mobile,negative,#music #tech #love,1.455453789,3,5244.0,2023,1,January,Monday,49616.13559322034,56+
26589,38.0,female,uk,690512,video,education,9907.0,2878.0,761.0,2943,32717,2022-03-03,11792,False,desktop,neutral,#love #foodie,0.414035517,2,13546.0,2022,3,March,Thursday,51119.39350912779,36–45
99272,51.0,female,usa,649653,image,fitness,7123.0,2450.0,886.0,7012,20954,2022-12-09,3592,False,tablet,neutral,#travel #reels,0.499140975,2,10459.0,2022,12,December,Friday,51263.87225548902,46–55
96511,48.0,male,india,129663,text,lifestyle,13934.0,1047.0,829.0,2980,77699,2022-06-02,132495,False,tablet,neutral,#fitness,0.203477522,1,15810.0,2022,6,June,Thursday,52462.38691588785,46–55
17214,42.0,male,brazil,466754,video,fitness,7084.0,1087.0,1760.0,2319,23643,2023-10-16,332569,False,desktop,negative,#lifestyle #foodie,0.420039758,2,9931.0,2023,10,October,Monday,49193.1746031746,36–45
95731,35.0,male,australia,203376,text,travel,19847.0,1683.0,81.0,5891,53047,2022-02-10,53381,False,desktop,positive,#reels,0.407393444,1,21611.0,2022,2,February,Thursday,48346.38336713996,26–35
37127,31.0,other,france,707563,text,education,14248.0,1651.0,1421.0,31,33499,2023-05-01,601364,False,desktop,positive,#travel #fun,0.517030359,2,17320.0,2023,5,May,Monday,51727.67338709677,26–35
15141,24.0,female,germany,609591,image,education,4467.0,1262.0,1012.0,851,81908,2023-11-09,770550,False,desktop,negative,#travel #lifestyle,0.090906871,2,6741.0,2023,11,November,Thursday,48605.40612244898,18–25
38884,27.0,male,usa,556427,image,lifestyle,2896.0,282.0,1960.0,604,13084,2023-12-03,490992,False,mobile,negative,#tech #fashion,0.392693366,2,5138.0,2023,12,December,Sunday,51263.87225548902,26–35
12708,43.0,female,germany,241981,image,education,10362.0,2140.0,699.0,7646,62986,2023-07-11,423072,False,tablet,neutral,#music #lifestyle,0.209586257,2,13201.0,2023,7,July,Tuesday,48605.40612244898,36–45
28375,55.0,male,france,685171,text,tech,19512.0,1398.0,1416.0,3199,1027,2023-12-21,348128,False,desktop,positive,#foodie,21.73904576,1,22326.0,2023,12,December,Thursday,51727.67338709677,46–55
25088,49.0,male,canada,374857,reel,fitness,9342.0,2733.0,43.0,5868,63527,2023-01-17,137171,False,desktop,neutral,#love #tech #fitness,0.190753538,3,12118.0,2023,1,January,Tuesday,48703.150097465885,46–55
67615,49.0,male,brazil,243686,image,fashion,17718.0,2357.0,823.0,2064,81723,2022-04-06,769597,False,tablet,positive,#lifestyle #foodie,0.255717485,2,20898.0,2022,4,April,Wednesday,49193.1746031746,46–55
55046,27.0,female,brazil,600841,reel,lifestyle,17672.0,2935.0,1501.0,7720,59471,2022-10-20,153164,False,desktop,positive,#fitness #travel,0.371744211,2,22108.0,2022,10,October,Thursday,49193.1746031746,26–35
20014,41.0,other,france,984529,reel,food,8937.0,1772.0,1794.0,3544,91877,2022-08-23,25735,False,tablet,positive,#fashion #fitness,0.136084112,2,12503.0,2022,8,August,Tuesday,51727.67338709677,36–45
74425,62.0,male,india,120734,reel,lifestyle,14623.0,6.0,609.0,2348,93453,2022-12-07,64501,False,tablet,positive,#fun #lifestyle #music,0.163055226,3,15238.0,2022,12,December,Wednesday,52462.38691588785,56+
13273,55.0,male,germany,516101,video,music,12707.0,787.0,1888.0,1807,17545,2023-12-20,576040,False,desktop,neutral,#love,0.876717013,1,15382.0,2023,12,December,Wednesday,48605.40612244898,46–55
57135,38.0,male,germany,695910,text,fashion,5928.0,42.0,1114.0,3859,15386,2023-06-22,39846,False,mobile,positive,#lifestyle #love,0.460418562,2,7084.0,2023,6,June,Thursday,48605.40612244898,36–45
40881,56.0,other,france,702555,image,education,17081.0,2772.0,1850.0,4137,68997,2022-12-16,287949,False,desktop,negative,#lifestyle,0.314549908,1,21703.0,2022,12,December,Friday,51727.67338709677,56+
88077,14.0,female,germany,506557,text,music,11226.0,200.0,1352.0,5897,96913,2022-07-26,390904,False,mobile,neutral,#fashion #tech,0.131850216,2,12778.0,2022,7,July,Tuesday,48605.40612244898,Under 18
18712,32.0,female,india,663723,text,fashion,16858.0,2942.0,1676.0,6195,94478,2023-05-06,164385,False,desktop,positive,#fitness #love #tech,0.227312178,3,21476.0,2023,5,May,Saturday,52462.38691588785,26–35
84704,27.0,female,brazil,112976,video,education,12168.0,2714.0,1437.0,6331,21221,2023-01-16,365534,False,mobile,positive,#music #fitness,0.769002403,2,16319.0,2023,1,January,Monday,49193.1746031746,26–35
62874,64.0,female,canada,707198,video,fashion,14189.0,1688.0,1844.0,6063,50951,2022-05-21,285715,True,tablet,positive,#love #foodie,0.347804754,2,17721.0,2022,5,May,Saturday,48703.150097465885,56+
79087,16.0,male,japan,617969,video,tech,6532.0,547.0,1787.0,2198,71337,2023-08-22,328115,False,tablet,positive,#lifestyle #reels,0.124283331,2,8866.0,2023,8,August,Tuesday,49616.13559322034,Under 18
22297,34.0,other,brazil,498506,text,tech,8702.0,225.0,719.0,7411,17064,2023-09-02,554682,False,desktop,positive,#tech #fun #music,0.565283638,3,9646.0,2023,9,September,Saturday,49193.1746031746,26–35
37128,62.0,male,uk,754465,reel,lifestyle,10452.0,632.0,690.0,3872,94729,2022-01-23,757328,False,desktop,positive,#tech,0.1242914,1,11774.0,2022,1,January,Sunday,51119.39350912779,56+
78368,50.0,male,uk,670100,text,music,19328.0,1544.0,1833.0,3562,4300,2022-12-30,299733,False,mobile,neutral,#reels #fashion #music,5.280232558,3,22705.0,2022,12,December,Friday,51119.39350912779,46–55
97599,35.0,female,brazil,998273,video,tech,5384.0,1358.0,1945.0,3198,96921,2022-05-28,662690,False,mobile,negative,#fashion #fun,0.089629698,2,8687.0,2022,5,May,Saturday,49193.1746031746,26–35
98499,38.0,other,india,811759,text,food,17750.0,1204.0,698.0,7884,95737,2023-07-20,673690,False,mobile,positive,#fun #lifestyle,0.205270689,2,19652.0,2023,7,July,Thursday,52462.38691588785,36–45
88958,63.0,male,japan,541653,video,music,17445.0,2993.0,836.0,4504,66515,2023-07-05,159552,False,mobile,negative,#travel #music,0.319837631,2,21274.0,2023,7,July,Wednesday,49616.13559322034,56+
42920,38.0,male,canada,320194,video,education,2307.0,2241.0,1012.0,7985,67118,2023-05-20,187282,False,mobile,neutral,#fun,0.069385262,1,5560.0,2023,5,May,Saturday,48703.150097465885,36–45
21156,38.0,female,germany,420051,image,travel,16691.0,537.0,218.0,1892,97230,2022-08-06,485712,False,desktop,neutral,#tech,0.179430217,1,17446.0,2022,8,August,Saturday,48605.40612244898,36–45
21108,14.0,male,uk,220992,reel,lifestyle,9188.0,480.0,462.0,7779,10587,2023-04-27,553932,False,tablet,positive,#love #fitness #fashion,0.956833853,3,10130.0,2023,4,April,Thursday,51119.39350912779,Under 18
41845,20.0,male,uk,968308,video,fitness,9321.0,429.0,859.0,4439,7170,2023-02-20,227123,False,mobile,neutral,#lifestyle,1.479637378,1,10609.0,2023,2,February,Monday,51119.39350912779,18–25
12800,41.0,other,uk,541939,image,fitness,303.0,1350.0,514.0,6734,72088,2022-11-21,258298,False,tablet,negative,#lifestyle #love #travel,0.030060482,3,2167.0,2022,11,November,Monday,51119.39350912779,36–45
52712,23.0,male,uae,922087,reel,lifestyle,6486.0,1497.0,1576.0,5814,28120,2023-05-04,688988,False,tablet,neutral,#tech #fun,0.32027027,2,9559.0,2023,5,May,Thursday,48928.41351888668,18–25
12610,49.0,female,india,345170,video,travel,5566.0,2958.0,636.0,3169,71616,2023-02-12,508836,True,desktop,neutral,#travel #reels #music,0.127904379,3,9160.0,2023,2,February,Sunday,52462.38691588785,46–55
87603,30.0,female,brazil,311168,reel,fitness,3891.0,1928.0,1280.0,7235,74436,2022-05-24,91564,False,mobile,positive,#foodie,0.09537052,1,7099.0,2022,5,May,Tuesday,49193.1746031746,26–35
43872,62.0,male,japan,386141,reel,lifestyle,9046.0,1823.0,1216.0,6989,44052,2022-07-30,528132,False,mobile,negative,#love,0.274334877,1,12085.0,2022,7,July,Saturday,49616.13559322034,56+
20728,26.0,female,brazil,166876,text,lifestyle,5724.0,2625.0,626.0,2947,84606,2023-10-28,648506,False,mobile,neutral,#foodie #fashion #lifestyle,0.106079947,3,8975.0,2023,10,October,Saturday,49193.1746031746,26–35
30583,22.0,other,uae,734521,image,fashion,15579.0,110.0,69.0,4123,67755,2022-09-16,201965,False,mobile,neutral,#lifestyle #reels,0.232573242,2,15758.0,2022,9,September,Friday,48928.41351888668,18–25
95774,47.0,other,uk,746948,reel,food,5350.0,211.0,458.0,3100,90589,2022-08-15,385971,True,desktop,negative,#fashion #travel #foodie,0.066442946,3,6019.0,2022,8,August,Monday,51119.39350912779,46–55
17263,21.0,male,france,257085,text,music,9009.0,1706.0,1405.0,3921,63059,2023-08-17,589090,False,desktop,neutral,#lifestyle #music #travel,0.192200955,3,12120.0,2023,8,August,Thursday,51727.67338709677,18–25
77450,47.0,male,uae,132862,reel,fitness,14025.0,850.0,1841.0,4729,24809,2023-01-07,466923,False,mobile,neutral,#fitness #music #tech,0.673787738,3,16716.0,2023,1,January,Saturday,48928.41351888668,46–55
99285,23.0,other,india,676736,text,food,9164.0,2925.0,1517.0,4307,68881,2023-01-26,763122,False,mobile,neutral,#reels #tech #fitness,0.197529072,3,13606.0,2023,1,January,Thursday,52462.38691588785,18–25
29456,56.0,female,canada,581034,video,education,4133.0,986.0,1871.0,4783,26492,2022-03-29,791711,False,tablet,neutral,#tech #love #music,0.263853239,3,6990.0,2022,3,March,Tuesday,48703.150097465885,56+
75942,24.0,male,germany,538824,video,lifestyle,10105.5,995.0,96.0,3688,57029,2023-02-04,396221,False,tablet,positive,#travel #reels #fitness,0.18343299,3,11196.5,2023,2,February,Saturday,48605.40612244898,18–25
23689,15.0,male,australia,971044,text,travel,15862.0,2618.0,1751.0,5599,37356,2022-11-05,94184,False,mobile,neutral,#foodie,0.541572974,1,20231.0,2022,11,November,Saturday,48346.38336713996,Under 18
42934,51.0,female,japan,218849,video,lifestyle,104.0,1999.0,1850.0,71,31815,2022-01-04,789435,False,mobile,positive,#tech,0.124249568,1,3953.0,2022,1,January,Tuesday,49616.13559322034,46–55
43276,26.0,male,uae,271966,video,fitness,14269.0,1910.0,223.0,7658,6646,2022-06-22,759456,False,tablet,negative,#foodie #music #lifestyle,2.467950647,3,16402.0,2022,6,June,Wednesday,48928.41351888668,26–35
29873,40.0,female,canada,281721,video,food,8561.0,1497.0,1865.0,2157,1236,2023-06-28,201842,False,tablet,negative,#fitness,8.973300971,1,11923.0,2023,6,June,Wednesday,48703.150097465885,36–45
23050,23.0,female,australia,162104,reel,fashion,12389.0,349.0,830.0,1136,88228,2022-08-14,148594,False,mobile,neutral,#reels,0.153783379,1,13568.0,2022,8,August,Sunday,48346.38336713996,18–25
76216,51.0,female,canada,307531,text,music,19347.0,1537.0,1304.0,5516,18235,2022-12-05,274204,False,tablet,positive,#music,1.216780916,1,22188.0,2022,12,December,Monday,48703.150097465885,46–55
94444,37.0,female,brazil,664109,image,fashion,8855.0,2977.0,1929.0,4327,70597,2022-07-25,661648,False,desktop,positive,#fun #travel,0.194923297,2,13761.0,2022,7,July,Monday,49193.1746031746,36–45
94040,33.0,female,brazil,279012,image,lifestyle,16360.0,2728.0,1356.0,4077,39412,2022-04-12,668156,False,tablet,neutral,#love,0.518725261,1,20444.0,2022,4,April,Tuesday,49193.1746031746,26–35
31644,22.0,other,uk,614618,text,travel,17073.0,250.0,1915.0,42,40455,2022-02-27,496885,False,mobile,negative,#reels #tech,0.475540724,2,19238.0,2022,2,February,Sunday,51119.39350912779,18–25
72021,55.0,female,usa,766295,reel,education,14214.0,1566.0,640.0,4360,79856,2022-05-30,271959,False,desktop,neutral,#music,0.205620116,1,16420.0,2022,5,May,Monday,51263.87225548902,46–55
47125,27.0,other,germany,582793,video,music,6743.0,2366.0,1634.0,1831,91550,2022-09-09,389027,False,desktop,neutral,#lifestyle #reels,0.117345713,2,10743.0,2022,9,September,Friday,48605.40612244898,26–35
76899,31.0,female,india,112467,video,tech,2588.0,1206.0,1805.0,45,15548,2023-04-24,125126,False,tablet,neutral,#lifestyle #foodie #fun,0.360110625,3,5599.0,2023,4,April,Monday,52462.38691588785,26–35
52291,60.0,male,india,615907,reel,fitness,10105.5,2932.0,1428.0,3641,43951,2023-07-10,477609,False,mobile,neutral,#travel,0.134126641,1,14465.5,2023,7,July,Monday,52462.38691588785,56+
45060,34.0,other,uk,107691,image,lifestyle,10105.5,2236.0,495.0,7392,80632,2023-03-04,294613,False,tablet,negative,#tech,0.216154876,1,12836.5,2023,3,March,Saturday,51119.39350912779,26–35
11538,33.0,male,brazil,539754,text,fashion,2028.0,2772.0,1782.0,6071,39368,2023-06-26,256415,False,tablet,positive,#fitness #tech #lifestyle,0.167191628,3,6582.0,2023,6,June,Monday,49193.1746031746,26–35
46176,64.0,female,uk,754403,text,fashion,18240.0,1319.0,1012.0,1675,37841,2023-06-08,554765,False,tablet,positive,#reels #love,0.548822706,2,20571.0,2023,6,June,Thursday,51119.39350912779,56+
51520,56.0,female,france,255562,reel,travel,14947.0,1945.0,1779.0,7268,17235,2023-05-06,315897,False,desktop,positive,#foodie #reels,1.083318828,2,18671.0,2023,5,May,Saturday,51727.67338709677,56+
35675,44.0,male,uae,902120,video,fashion,19570.0,78.0,1061.0,3352,848,2023-06-10,725317,False,tablet,neutral,#love #fun,24.42099057,2,20709.0,2023,6,June,Saturday,48928.41351888668,36–45
28287,62.0,female,uae,722793,video,fitness,2769.0,545.0,768.0,6381,82286,2022-10-19,710236,False,tablet,positive,#foodie #reels,0.049607467,2,4082.0,2022,10,October,Wednesday,48928.41351888668,56+
10174,35.0,male,japan,150650,video,travel,6486.0,1493.0,1875.0,6744,85841,2022-02-14,462383,False,tablet,neutral,#fun #tech,0.11479363,2,9854.0,2022,2,February,Monday,49616.13559322034,26–35
44998,25.0,female,brazil,769189,text,food,7241.0,923.0,759.0,1269,86254,2022-07-19,793030,False,tablet,negative,#love,0.103450275,1,8923.0,2022,7,July,Tuesday,49193.1746031746,18–25
63312,17.0,female,usa,758446,image,travel,19371.0,618.0,1668.0,3983,42248,2022-01-24,463060,False,mobile,neutral,#foodie #fun,0.512615982,2,21657.0,2022,1,January,Monday,51263.87225548902,Under 18
22112,16.0,other,france,340681,text,education,8135.0,304.0,487.0,6834,22397,2023-09-23,163185,False,mobile,negative,#lifestyle,0.398535518,1,8926.0,2023,9,September,Saturday,51727.67338709677,Under 18
85225,40.0,male,france,102590,reel,fitness,14173.0,2246.0,555.0,3963,63260,2023-01-22,108188,False,mobile,neutral,#travel #reels,0.268321214,2,16974.0,2023,1,January,Sunday,51727.67338709677,36–45
54814,26.0,female,brazil,697684,text,education,12667.0,1597.0,991.0,3023,39677,2023-08-13,709457,False,desktop,positive,#fashion,0.384479673,1,15255.0,2023,8,August,Sunday,49193.1746031746,26–35
95091,20.0,male,uae,491941,reel,fitness,13801.0,2601.0,1728.0,2790,36045,2023-03-11,433270,False,mobile,positive,#reels,0.502982383,1,18130.0,2023,3,March,Saturday,48928.41351888668,18–25
60719,21.0,other,australia,167484,text,food,9340.0,1047.0,1529.0,3170,52472,2022-08-30,300190,True,tablet,positive,#reels #love #travel,0.227092545,3,11916.0,2022,8,August,Tuesday,48346.38336713996,18–25
43919,63.0,male,uae,202267,image,lifestyle,14373.0,1698.0,488.0,4822,54781,2022-07-22,798949,False,tablet,positive,#fashion,0.302276337,1,16559.0,2022,7,July,Friday,48928.41351888668,56+
83155,47.0,other,japan,330069,reel,travel,17164.0,1484.0,56.0,6343,27506,2022-08-25,230968,False,mobile,neutral,#music #fitness #fashion,0.679997092,3,18704.0,2022,8,August,Thursday,49616.13559322034,46–55
81569,49.0,male,japan,138131,video,fitness,4405.0,2230.0,511.0,1012,17186,2022-10-21,557075,False,desktop,neutral,#music #fun #foodie,0.415803561,3,7146.0,2022,10,October,Friday,49616.13559322034,46–55
51328,33.0,male,brazil,275965,video,fitness,2153.0,1868.0,1271.0,7423,9990,2022-12-14,756613,False,desktop,positive,#tech,0.52972973,1,5292.0,2022,12,December,Wednesday,49193.1746031746,26–35
80482,30.0,other,germany,374068,text,food,19680.0,2654.0,103.0,6580,33068,2022-03-28,92196,False,desktop,neutral,#lifestyle #fashion,0.678510947,2,22437.0,2022,3,March,Monday,48605.40612244898,26–35
34618,45.0,female,germany,728479,text,tech,19697.0,82.0,556.0,4589,62157,2022-07-29,99832,True,tablet,neutral,#tech #love,0.327155429,2,20335.0,2022,7,July,Friday,48605.40612244898,36–45
44675,20.0,female,usa,504067,image,travel,6296.0,92.0,59.0,3507,28474,2023-09-01,353317,False,mobile,negative,#love #fun #foodie,0.226417082,3,6447.0,2023,9,September,Friday,51263.87225548902,18–25
28919,63.0,female,germany,894166,image,music,2583.0,2664.0,1601.0,4802,16295,2022-01-02,107977,False,desktop,positive,#reels #fun #lifestyle,0.420251611,3,6848.0,2022,1,January,Sunday,48605.40612244898,56+
14173,61.0,male,canada,273753,video,fitness,3043.0,2620.0,734.0,2071,47423,2022-08-17,636614,False,tablet,negative,#tech #music #love,0.134892352,3,6397.0,2022,8,August,Wednesday,48703.150097465885,56+
36400,29.0,male,canada,869855,text,fashion,12036.0,2628.0,1582.0,7530,78780,2023-02-14,437290,False,desktop,negative,#fashion,0.206219853,1,16246.0,2023,2,February,Tuesday,48703.150097465885,26–35
60445,55.0,female,india,744693,reel,food,17553.0,1467.0,1261.0,2005,36409,2022-08-31,544298,False,desktop,neutral,#lifestyle #fashion #fun,0.557032602,3,20281.0,2022,8,August,Wednesday,52462.38691588785,46–55
80305,43.0,male,canada,105293,image,tech,19646.0,2024.0,370.0,2317,79676,2023-04-13,155601,False,mobile,positive,#travel,0.276620312,1,22040.0,2023,4,April,Thursday,48703.150097465885,36–45
47564,46.0,male,australia,415347,reel,tech,7036.0,773.0,25.0,6933,72791,2023-04-03,55855,False,tablet,neutral,#tech,0.107623195,1,7834.0,2023,4,April,Monday,48346.38336713996,46–55
55814,18.0,female,australia,605365,reel,food,16036.0,2900.0,392.0,4833,75837,2023-07-08,621907,False,desktop,negative,#foodie,0.254862402,1,19328.0,2023,7,July,Saturday,48346.38336713996,Under 18
89747,34.0,other,australia,954259,image,tech,6726.0,1393.0,1842.0,5347,3605,2022-08-01,182566,False,tablet,neutral,#foodie #reels #music,2.763106796,3,9961.0,2022,8,August,Monday,48346.38336713996,26–35
98791,26.0,male,canada,767751,text,fitness,4022.0,2698.0,605.0,2175,60544,2023-01-21,361636,False,desktop,positive,#fitness #lifestyle,0.12098639,2,7325.0,2023,1,January,Saturday,48703.150097465885,26–35
37962,15.0,male,usa,856362,reel,tech,8392.0,791.0,109.0,4638,81745,2023-02-16,796034,False,mobile,positive,#tech,0.113670561,1,9292.0,2023,2,February,Thursday,51263.87225548902,Under 18
94892,24.0,male,uae,865230,text,travel,18274.0,475.0,1415.0,1786,37027,2023-05-30,604668,False,desktop,neutral,#fun #lifestyle #foodie,0.54457558,3,20164.0,2023,5,May,Tuesday,48928.41351888668,18–25
95842,48.0,male,brazil,884030,reel,music,10168.0,503.0,1012.0,3129,7180,2023-06-12,756904,False,mobile,negative,#lifestyle,1.593732591,1,11683.0,2023,6,June,Monday,49193.1746031746,46–55
80533,24.0,other,uk,404114,text,fashion,15103.0,1870.0,253.0,2372,13507,2023-01-23,417897,False,desktop,positive,#foodie #travel,1.275338713,2,17226.0,2023,1,January,Monday,51119.39350912779,18–25
66184,57.0,female,india,802183,text,music,12262.0,230.0,1830.0,6802,28413,2022-10-06,217561,False,mobile,positive,#foodie #reels #fashion,0.504065041,3,14322.0,2022,10,October,Thursday,52462.38691588785,56+
92912,14.0,male,japan,392940,text,music,13207.0,2925.0,1859.0,5225,88703,2022-04-12,109737,False,desktop,positive,#travel #tech #fashion,0.202822903,3,17991.0,2022,4,April,Tuesday,49616.13559322034,Under 18
20578,14.0,female,france,199345,text,fitness,6664.0,1586.0,1575.0,1460,72289,2023-08-12,45155,False,desktop,neutral,#reels,0.135912794,1,9825.0,2023,8,August,Saturday,51727.67338709677,Under 18
28624,27.0,male,japan,707415,image,food,3556.0,1774.0,1827.0,6228,62903,2023-01-25,339358,False,desktop,positive,#tech #music,0.113778357,2,7157.0,2023,1,January,Wednesday,49616.13559322034,26–35
49194,35.0,other,india,863536,reel,fashion,7304.0,2737.0,916.0,5121,45406,2022-07-21,555430,False,tablet,neutral,#fitness,0.241311721,1,10957.0,2022,7,July,Thursday,52462.38691588785,26–35
10389,41.0,female,japan,660677,text,lifestyle,365.0,2256.0,765.0,5556,91941,2023-07-21,337881,False,tablet,positive,#reels #lifestyle,0.036827966,2,3386.0,2023,7,July,Friday,49616.13559322034,36–45
77391,29.0,other,uae,365496,video,fitness,15893.0,130.0,1120.0,6594,45194,2023-12-22,301153,False,desktop,positive,#love #fitness #music,0.379320264,3,17143.0,2023,12,December,Friday,48928.41351888668,26–35
23794,44.0,male,japan,484287,reel,fashion,15866.0,742.0,537.0,7982,16552,2023-01-27,792247,False,tablet,negative,#tech #fun #fitness,1.035826486,3,17145.0,2023,1,January,Friday,49616.13559322034,36–45
68002,19.0,other,japan,576814,reel,tech,656.0,383.0,1127.0,7732,11483,2022-12-20,166929,False,tablet,neutral,#lifestyle,0.188626666,1,2166.0,2022,12,December,Tuesday,49616.13559322034,18–25
45531,42.0,other,uae,783532,text,lifestyle,8352.0,1566.0,614.0,1464,58553,2023-08-16,703919,False,desktop,neutral,#foodie,0.179871228,1,10532.0,2023,8,August,Wednesday,48928.41351888668,36–45
62815,40.0,male,uae,766297,reel,food,15096.0,2409.0,586.0,5341,55572,2022-08-23,57782,False,desktop,negative,#travel,0.32554164,1,18091.0,2022,8,August,Tuesday,48928.41351888668,36–45
14986,26.0,male,canada,717945,video,food,15447.0,760.0,596.0,3041,3118,2022-04-24,221918,False,desktop,negative,#travel,5.38903143,1,16803.0,2022,4,April,Sunday,48703.150097465885,26–35
42298,56.0,female,uae,573354,video,music,19854.0,1147.0,1519.0,5144,2753,2022-03-08,85953,False,tablet,positive,#fun #music,8.18016709,2,22520.0,2022,3,March,Tuesday,48928.41351888668,56+
11481,38.0,male,uk,993708,video,travel,16928.0,942.0,1237.0,1058,63668,2022-02-09,589729,False,tablet,negative,#fashion,0.300103663,1,19107.0,2022,2,February,Wednesday,51119.39350912779,36–45
66408,29.0,female,germany,975104,reel,tech,12046.0,2695.0,112.0,6812,25016,2022-04-13,605890,False,tablet,positive,#music,0.593740006,1,14853.0,2022,4,April,Wednesday,48605.40612244898,26–35
79267,44.0,other,uk,821841,reel,music,6426.0,1296.0,1335.0,971,8712,2023-02-15,49388,False,desktop,neutral,#fitness #lifestyle,1.039600551,2,9057.0,2023,2,February,Wednesday,51119.39350912779,36–45
26835,58.0,other,japan,578564,text,travel,1761.0,2402.0,568.0,2390,84295,2022-10-22,310441,False,tablet,negative,#reels #music #fashion,0.056124325,3,4731.0,2022,10,October,Saturday,49616.13559322034,56+
37798,18.0,female,uk,304581,reel,travel,956.0,2147.0,954.0,5083,98876,2023-07-19,420585,True,tablet,negative,#lifestyle #music,0.041031191,2,4057.0,2023,7,July,Wednesday,51119.39350912779,Under 18
74887,63.0,male,india,111290,reel,tech,8273.0,2778.0,895.0,5485,69057,2023-07-18,593302,True,mobile,positive,#foodie,0.172987532,1,11946.0,2023,7,July,Tuesday,52462.38691588785,56+
29477,36.0,male,brazil,911555,text,fitness,17620.0,1639.0,1124.0,7824,81635,2022-02-06,158108,False,mobile,positive,#fun #lifestyle,0.249684572,2,20383.0,2022,2,February,Sunday,49193.1746031746,36–45
27266,18.0,other,germany,312991,video,lifestyle,14855.0,300.0,761.0,5455,22413,2022-03-08,368256,False,desktop,neutral,#lifestyle,0.710123589,1,15916.0,2022,3,March,Tuesday,48605.40612244898,Under 18
96328,39.0,female,brazil,152136,text,education,16830.0,608.0,1670.0,7600,55017,2023-02-07,158932,False,desktop,positive,#tech,0.347310831,1,19108.0,2023,2,February,Tuesday,49193.1746031746,36–45
95988,30.0,other,france,217278,image,travel,18549.0,1497.0,937.0,2999,80107,2023-11-05,161849,False,tablet,positive,#love #foodie #music,0.266356249,3,20983.0,2023,11,November,Sunday,51727.67338709677,26–35
53526,36.0,other,uk,585208,reel,fashion,18003.0,881.0,652.0,2504,34955,2022-07-25,626030,False,mobile,positive,#fitness #travel,0.558890001,2,19536.0,2022,7,July,Monday,51119.39350912779,36–45
21889,49.0,male,brazil,514643,reel,lifestyle,18177.0,2250.0,83.0,898,40685,2022-12-07,196501,False,mobile,neutral,#music #fashion #travel,0.504116996,3,20510.0,2022,12,December,Wednesday,49193.1746031746,46–55
34335,36.0,female,uae,626545,image,fitness,13036.0,1221.0,718.0,1813,28034,2022-02-21,62472,True,desktop,neutral,#love,0.53417279,1,14975.0,2022,2,February,Monday,48928.41351888668,36–45
21254,50.0,other,usa,692021,image,music,9365.0,2159.0,1765.0,1502,24669,2023-03-02,414021,False,tablet,positive,#fun #fashion,0.538692286,2,13289.0,2023,3,March,Thursday,51263.87225548902,46–55
96610,46.0,male,usa,763582,image,tech,6005.0,2428.0,1953.0,6541,20353,2022-07-28,340842,False,desktop,neutral,#tech,0.510293323,1,10386.0,2022,7,July,Thursday,51263.87225548902,46–55
21442,52.0,other,uae,256259,text,food,13844.0,754.0,867.0,7042,97302,2023-05-29,48119,False,tablet,positive,#foodie #music,0.158938151,2,15465.0,2023,5,May,Monday,48928.41351888668,46–55
56289,59.0,other,brazil,835048,video,fitness,645.0,1206.0,948.0,5925,54968,2023-10-03,572937,False,mobile,negative,#fitness #music #love,0.050920536,3,2799.0,2023,10,October,Tuesday,49193.1746031746,56+
63747,27.0,male,japan,513997,text,music,10105.5,795.0,301.0,342,26119,2022-06-27,465736,False,tablet,positive,#lifestyle #travel,0.056434014,2,11201.5,2022,6,June,Monday,49616.13559322034,26–35
47327,23.0,male,uae,750178,image,travel,19039.0,2384.0,1976.0,3860,8096,2023-11-07,743317,False,mobile,neutral,#foodie #reels #love,2.890192688,3,23399.0,2023,11,November,Tuesday,48928.41351888668,18–25
26199,34.0,female,germany,488826,text,fashion,7109.0,1994.0,1596.0,7858,30537,2022-01-22,269053,False,mobile,neutral,#travel #lifestyle #fashion,0.350361856,3,10699.0,2022,1,January,Saturday,48605.40612244898,26–35
82827,36.0,other,australia,504220,reel,music,19968.0,1323.0,1240.0,3351,64902,2023-01-04,708531,False,mobile,positive,#love #fitness,0.347154171,2,22531.0,2023,1,January,Wednesday,48346.38336713996,36–45
10112,13.0,female,india,469322,text,lifestyle,11925.0,221.0,567.0,7519,19871,2022-03-23,552908,False,desktop,positive,#travel #tech,0.639776559,2,12713.0,2022,3,March,Wednesday,52462.38691588785,Under 18
97051,30.0,male,japan,944032,image,tech,17524.0,1011.0,540.0,2860,59267,2022-06-13,553486,False,desktop,positive,#music,0.321848584,1,19075.0,2022,6,June,Monday,49616.13559322034,26–35
29581,56.0,male,germany,256587,reel,food,14911.0,2807.0,1646.0,7364,50109,2023-01-12,470243,False,desktop,neutral,#fashion #travel #fitness,0.386437566,3,19364.0,2023,1,January,Thursday,48605.40612244898,56+
69722,24.0,other,brazil,705240,video,lifestyle,17045.0,688.0,91.0,1248,231,2022-01-03,658161,False,tablet,neutral,#foodie #travel,77.16017316,2,17824.0,2022,1,January,Monday,49193.1746031746,18–25
26523,55.0,female,japan,564904,text,fashion,13163.0,117.0,653.0,7083,19399,2023-11-15,237599,False,desktop,neutral,#foodie #fun,0.718232899,2,13933.0,2023,11,November,Wednesday,49616.13559322034,46–55
76960,40.0,female,japan,565924,text,education,387.0,173.0,1475.0,6190,78664,2022-04-28,738905,False,mobile,positive,#lifestyle #foodie #reels,0.025869521,3,2035.0,2022,4,April,Thursday,49616.13559322034,36–45
29552,52.0,other,brazil,610798,image,food,19407.0,1242.0,613.0,1208,34899,2023-10-18,137625,False,desktop,positive,#love,0.609243818,1,21262.0,2023,10,October,Wednesday,49193.1746031746,46–55
20808,19.0,other,uae,190888,video,tech,10111.0,2366.0,70.0,5010,34793,2023-01-30,771357,False,mobile,positive,#travel #foodie #lifestyle,0.360618515,3,12547.0,2023,1,January,Monday,48928.41351888668,18–25
82525,35.0,female,brazil,348492,reel,lifestyle,12683.0,2044.0,1548.0,6305,34869,2022-09-23,738386,True,desktop,negative,#music #fitness,0.466746967,2,16275.0,2022,9,September,Friday,49193.1746031746,26–35
33620,33.0,male,uk,747899,image,fitness,14310.0,440.0,1424.0,5762,4477,2023-03-11,415310,True,tablet,negative,#fashion #fun #reels,3.612687067,3,16174.0,2023,3,March,Saturday,51119.39350912779,26–35
10887,46.0,male,uk,678764,image,travel,15209.0,1224.0,668.0,4390,23119,2023-11-13,596117,False,tablet,positive,#fitness #travel,0.739694623,2,17101.0,2023,11,November,Monday,51119.39350912779,46–55
41802,23.0,other,india,458423,text,tech,2771.0,1599.0,80.0,2139,27003,2023-12-26,629442,True,mobile,neutral,#travel,0.164796504,1,4450.0,2023,12,December,Tuesday,52462.38691588785,18–25
95024,34.0,female,usa,192154,video,music,4169.0,2462.0,1123.0,1610,11863,2022-08-15,180603,False,desktop,positive,#music,0.65362893,1,7754.0,2022,8,August,Monday,51263.87225548902,26–35
91938,54.0,female,canada,222537,image,fashion,10055.0,1027.0,594.0,1979,5594,2023-01-11,177266,False,desktop,neutral,#fun #travel #reels,2.087236325,3,11676.0,2023,1,January,Wednesday,48703.150097465885,46–55
96741,47.0,female,india,803893,text,fitness,4019.0,949.0,217.0,7817,11663,2022-09-19,101360,False,mobile,neutral,#fun,0.444568293,1,5185.0,2022,9,September,Monday,52462.38691588785,46–55
36049,64.0,male,india,314075,reel,lifestyle,5856.0,82.0,883.0,7335,94193,2023-01-01,358310,False,tablet,neutral,#tech #fun,0.072415148,2,6821.0,2023,1,January,Sunday,52462.38691588785,56+
87789,41.0,male,australia,449269,image,food,14650.0,988.0,748.0,5377,95216,2023-03-04,650007,False,desktop,positive,#fun #music #tech,0.172092926,3,16386.0,2023,3,March,Saturday,48346.38336713996,36–45
94526,54.0,female,canada,268702,reel,fitness,15927.0,2540.0,124.0,2797,33533,2022-01-08,577712,False,desktop,positive,#reels,0.55440909,1,18591.0,2022,1,January,Saturday,48703.150097465885,46–55
17846,40.0,female,usa,865604,reel,fitness,12715.0,2053.0,200.0,556,30094,2022-02-10,543637,False,desktop,positive,#lifestyle,0.497374892,1,14968.0,2022,2,February,Thursday,51263.87225548902,36–45
56220,30.0,male,japan,436243,text,fashion,16418.0,2752.0,1025.0,6118,88718,2022-09-14,406763,False,tablet,negative,#fashion #fitness,0.227631371,2,20195.0,2022,9,September,Wednesday,49616.13559322034,26–35
56163,26.0,other,canada,584006,video,travel,13682.0,1497.0,573.0,3994,62673,2023-10-05,616222,False,desktop,positive,#fun #travel,0.255405039,2,15752.0,2023,10,October,Thursday,48703.150097465885,26–35
13765,30.0,female,australia,868595,reel,education,15260.0,346.0,1043.0,4404,18130,2023-07-18,59532,False,tablet,neutral,#fitness,0.91831219,1,16649.0,2023,7,July,Tuesday,48346.38336713996,26–35
91486,40.0,female,france,753257,image,music,11831.0,533.0,982.0,5768,78394,2022-04-12,54876,False,desktop,positive,#lifestyle,0.170242621,1,13346.0,2022,4,April,Tuesday,51727.67338709677,36–45
55270,36.0,male,india,509801,video,music,12164.0,2704.0,721.0,3686,70143,2022-08-07,772054,False,tablet,positive,#fitness,0.222245983,1,15589.0,2022,8,August,Sunday,52462.38691588785,36–45
85277,20.0,female,brazil,720121,video,fitness,7618.0,1820.0,951.0,1152,62052,2022-09-01,350303,False,mobile,neutral,#music #travel,0.167424096,2,10389.0,2022,9,September,Thursday,49193.1746031746,18–25
98278,54.0,male,india,935672,text,fitness,3380.0,450.0,1881.0,3744,54851,2022-10-30,706634,False,tablet,positive,#fitness,0.10411843,1,5711.0,2022,10,October,Sunday,52462.38691588785,46–55
32931,57.0,male,uae,901204,image,travel,15163.0,917.0,179.0,3621,1263,2023-01-05,653203,False,mobile,neutral,#foodie,12.8733175,1,16259.0,2023,1,January,Thursday,48928.41351888668,56+
99116,20.0,other,australia,835351,image,travel,19560.0,953.0,1432.0,6712,68561,2022-10-02,655092,True,desktop,positive,#tech,0.320079929,1,21945.0,2022,10,October,Sunday,48346.38336713996,18–25
65633,16.0,other,india,565051,text,food,14725.0,213.0,1085.0,5280,23317,2022-03-11,603796,False,desktop,positive,#tech #love,0.687181027,2,16023.0,2022,3,March,Friday,52462.38691588785,Under 18
90702,39.0,male,india,306796,text,lifestyle,8367.0,899.0,272.0,6319,97304,2022-02-16,64540,False,desktop,neutral,#fashion,0.098022692,1,9538.0,2022,2,February,Wednesday,52462.38691588785,36–45
61913,48.0,other,canada,473134,video,music,18537.0,1189.0,806.0,5890,24155,2022-04-27,600881,False,mobile,positive,#lifestyle #fitness,0.85001035,2,20532.0,2022,4,April,Wednesday,48703.150097465885,46–55
35991,17.0,female,canada,212315,reel,food,4687.0,2420.0,1776.0,3359,80031,2023-08-13,922,False,desktop,neutral,#tech #fun,0.11099449,2,8883.0,2023,8,August,Sunday,48703.150097465885,Under 18
64845,45.0,other,brazil,460197,reel,travel,13474.0,652.0,762.0,972,79130,2023-06-01,81380,False,tablet,positive,#foodie #lifestyle,0.188146089,2,14888.0,2023,6,June,Thursday,49193.1746031746,36–45
65312,61.0,male,germany,973523,reel,education,13201.0,2554.0,1033.0,7572,29190,2022-09-11,155003,False,tablet,positive,#love,0.575128469,1,16788.0,2022,9,September,Sunday,48605.40612244898,56+
20561,46.0,male,uae,850219,reel,tech,1586.0,982.0,698.0,3907,37920,2023-09-11,22438,False,mobile,neutral,#fitness #reels #fashion,0.086128692,3,3266.0,2023,9,September,Monday,48928.41351888668,46–55
26901,42.0,male,brazil,773298,image,travel,8056.0,575.0,920.0,3728,12290,2022-06-22,438567,False,tablet,neutral,#reels,0.777135883,1,9551.0,2022,6,June,Wednesday,49193.1746031746,36–45
72875,20.0,other,france,777343,image,food,13590.0,332.0,621.0,5033,58268,2023-03-05,646359,False,mobile,positive,#love #fashion #lifestyle,0.24958811,3,14543.0,2023,3,March,Sunday,51727.67338709677,18–25
35917,51.0,female,uae,768234,text,fashion,5422.0,211.0,539.0,7747,46063,2022-02-05,604561,False,mobile,positive,#fitness #music #love,0.133990404,3,6172.0,2022,2,February,Saturday,48928.41351888668,46–55
72120,59.0,male,canada,190341,text,fashion,952.0,288.0,985.0,3411,74560,2023-02-11,521031,False,desktop,positive,#music #lifestyle,0.029841738,2,2225.0,2023,2,February,Saturday,48703.150097465885,56+
11988,38.0,female,india,160896,reel,lifestyle,5365.0,2657.0,459.0,3066,14312,2023-02-20,756974,False,mobile,positive,#travel,0.592579653,1,8481.0,2023,2,February,Monday,52462.38691588785,36–45
24256,49.0,male,japan,539425,text,fitness,19255.0,2213.0,1084.0,1291,97606,2023-11-16,334896,False,tablet,neutral,#fun #reels,0.23105137,2,22552.0,2023,11,November,Thursday,49616.13559322034,46–55
97728,46.0,female,india,132822,image,education,12521.0,1497.0,1081.0,4313,53738,2023-02-16,8935,False,tablet,positive,#foodie #fitness,0.29355391,2,15099.0,2023,2,February,Thursday,52462.38691588785,46–55
38230,19.0,female,usa,776110,reel,fashion,10906.0,1055.0,299.0,2860,40179,2023-05-03,89412,False,desktop,neutral,#music,0.305134523,1,12260.0,2023,5,May,Wednesday,51263.87225548902,18–25
69778,52.0,female,brazil,988767,reel,food,2978.0,1930.0,496.0,163,56131,2023-11-23,13076,False,mobile,neutral,#love,0.096274786,1,5404.0,2023,11,November,Thursday,49193.1746031746,46–55
55833,40.0,male,uae,217828,image,fashion,13750.0,1497.0,1362.0,3919,59031,2022-11-17,53239,True,desktop,positive,#music #fitness #foodie,0.260625773,3,16609.0,2022,11,November,Thursday,48928.41351888668,36–45
32625,51.0,other,japan,484910,video,education,10001.0,1324.0,1275.0,1714,78584,2022-03-14,547923,False,desktop,positive,#tech #travel,0.160337982,2,12600.0,2022,3,March,Monday,49616.13559322034,46–55
42088,51.0,other,usa,783306,reel,education,10998.0,2662.0,1430.0,3462,32894,2023-07-23,13056,True,desktop,positive,#reels,0.458746276,1,15090.0,2023,7,July,Sunday,51263.87225548902,46–55
89650,40.0,other,france,232624,text,tech,12343.0,2323.0,1997.0,1440,89931,2023-08-01,508509,False,desktop,neutral,#reels #foodie #travel,0.185286497,3,16663.0,2023,8,August,Tuesday,51727.67338709677,36–45
51167,26.0,female,india,435475,video,travel,11951.0,1030.0,1012.0,2095,84690,2023-10-06,290726,False,desktop,neutral,#travel #love,0.168378793,2,13993.0,2023,10,October,Friday,52462.38691588785,26–35
81291,62.0,male,germany,236343,image,travel,14691.0,1882.0,1404.0,5313,71263,2023-02-17,6692,True,mobile,positive,#lifestyle #fun,0.252262745,2,17977.0,2023,2,February,Friday,48605.40612244898,56+
75303,50.0,female,australia,966633,video,food,11520.0,1478.0,1168.0,800,99287,2022-05-04,668966,False,tablet,neutral,#foodie #travel,0.142677289,2,14166.0,2022,5,May,Wednesday,48346.38336713996,46–55
86361,16.0,male,usa,952083,video,fitness,19354.0,1153.0,590.0,2765,71546,2023-01-20,562334,False,mobile,neutral,#lifestyle #fun,0.294873228,2,21097.0,2023,1,January,Friday,51263.87225548902,Under 18
98229,54.0,male,india,988349,reel,education,4908.0,96.0,340.0,6227,49378,2023-08-27,227700,True,mobile,positive,#travel #fun,0.108226336,2,5344.0,2023,8,August,Sunday,52462.38691588785,46–55
14117,30.0,male,india,260066,video,travel,11326.0,276.0,1829.0,2660,83499,2023-10-15,119318,False,desktop,positive,#reels #travel,0.160852226,2,13431.0,2023,10,October,Sunday,52462.38691588785,26–35
70710,56.0,male,uae,389330,text,music,1959.0,1308.0,1821.0,1690,46574,2022-08-20,725319,False,tablet,positive,#fitness,0.109245502,1,5088.0,2022,8,August,Saturday,48928.41351888668,56+
77054,60.0,male,uae,130267,reel,fashion,5182.0,2847.0,402.0,7214,24994,2023-08-05,735006,False,mobile,negative,#tech #fun,0.337320957,2,8431.0,2023,8,August,Saturday,48928.41351888668,56+
40949,38.0,female,germany,925572,image,education,805.0,1196.0,287.0,233,18972,2023-03-09,177230,False,mobile,positive,#travel #love #lifestyle,0.120598777,3,2288.0,2023,3,March,Thursday,48605.40612244898,36–45
32547,19.0,other,usa,869794,text,tech,3100.0,331.0,988.0,1876,98744,2023-05-06,639247,False,tablet,negative,#fashion #travel #lifestyle,0.044752086,3,4419.0,2023,5,May,Saturday,51263.87225548902,18–25
91882,50.0,female,canada,918180,reel,music,1575.0,2252.0,213.0,961,45849,2023-11-18,772463,False,mobile,neutral,#lifestyle #fitness,0.088115335,2,4040.0,2023,11,November,Saturday,48703.150097465885,46–55
78136,40.0,female,uae,714427,video,fitness,11922.0,102.0,531.0,3370,12506,2022-03-27,427811,False,tablet,positive,#fashion,1.003918119,1,12555.0,2022,3,March,Sunday,48928.41351888668,36–45
74619,38.0,male,australia,497053,text,fitness,8791.0,954.0,869.0,6991,70509,2022-01-30,555455,False,mobile,neutral,#lifestyle #fun #music,0.150533974,3,10614.0,2022,1,January,Sunday,48346.38336713996,36–45
71842,15.0,male,india,689163,reel,fitness,2615.0,2407.0,741.0,6290,80661,2023-10-29,315300,False,desktop,positive,#travel #foodie #fun,0.071447168,3,5763.0,2023,10,October,Sunday,52462.38691588785,Under 18
36990,56.0,other,india,595053,reel,music,11563.0,2086.0,1599.0,6339,28771,2022-07-19,454132,False,tablet,positive,#love #music #reels,0.529978103,3,15248.0,2022,7,July,Tuesday,52462.38691588785,56+
26193,43.0,other,france,293766,image,travel,15040.0,306.0,1571.0,5001,96865,2022-06-05,737223,False,mobile,negative,#lifestyle #music,0.174645125,2,16917.0,2022,6,June,Sunday,51727.67338709677,36–45
40109,59.0,male,france,502826,reel,lifestyle,5626.0,883.0,1984.0,5109,71737,2023-06-16,284306,False,mobile,positive,#tech #fun,0.118390789,2,8493.0,2023,6,June,Friday,51727.67338709677,56+
29233,54.0,other,germany,128615,image,fitness,10738.0,2567.0,210.0,1045,87297,2023-12-16,471432,False,tablet,positive,#fitness #tech,0.154816317,2,13515.0,2023,12,December,Saturday,48605.40612244898,46–55
91730,32.0,other,usa,307716,video,music,17010.0,2925.0,170.0,6091,16282,2022-06-01,555438,False,tablet,positive,#love,1.234799165,1,20105.0,2022,6,June,Wednesday,51263.87225548902,26–35
44510,31.0,male,uk,990567,reel,music,6884.0,2093.0,537.0,7361,38704,2022-03-18,130473,False,tablet,neutral,#love #foodie #fitness,0.245814386,3,9514.0,2022,3,March,Friday,51119.39350912779,26–35
11306,60.0,female,japan,515563,reel,food,19195.0,193.0,1286.0,4481,61625,2022-11-24,17208,False,tablet,neutral,#love #fashion #fun,0.33548073,3,20674.0,2022,11,November,Thursday,49616.13559322034,56+
13849,23.0,other,uae,658350,video,fashion,17994.0,248.0,801.0,6120,63465,2022-06-21,98693,False,tablet,positive,#lifestyle,0.300055149,1,19043.0,2022,6,June,Tuesday,48928.41351888668,18–25
22360,52.0,male,usa,941554,reel,lifestyle,11454.0,1012.0,1012.0,4459,35276,2023-02-09,737336,False,tablet,positive,#fashion #love,0.37251956,2,13478.0,2023,2,February,Thursday,51263.87225548902,46–55
55800,15.0,other,india,279503,reel,tech,11974.0,2254.0,389.0,6417,2939,2023-02-10,591170,True,desktop,neutral,#love #travel #foodie,4.973460361,3,14617.0,2023,2,February,Friday,52462.38691588785,Under 18
46963,35.0,other,brazil,173086,text,fashion,8866.0,2162.0,420.0,1407,99512,2023-11-29,639918,False,desktop,neutral,#lifestyle #fashion,0.115041402,2,11448.0,2023,11,November,Wednesday,49193.1746031746,26–35
64330,19.0,male,france,390349,image,food,16432.0,2286.0,61.0,207,70090,2022-12-28,500478,False,tablet,positive,#tech #reels,0.267926951,2,18779.0,2022,12,December,Wednesday,51727.67338709677,18–25
61707,38.0,other,japan,904891,reel,food,17770.0,2613.0,85.0,4370,93416,2022-05-08,119017,False,mobile,positive,#travel #reels,0.219105935,2,20468.0,2022,5,May,Sunday,49616.13559322034,36–45
28689,19.0,other,uae,867494,reel,education,18286.0,1192.0,1012.0,7150,14314,2023-06-07,51055,False,desktop,positive,#reels,1.431465698,1,20490.0,2023,6,June,Wednesday,48928.41351888668,18–25
39084,58.0,other,canada,342407,image,lifestyle,15015.0,1071.0,1608.0,1752,24038,2022-12-02,164459,False,desktop,neutral,#fashion,0.736084533,1,17694.0,2022,12,December,Friday,48703.150097465885,56+
50387,46.0,female,canada,341245,text,fashion,4372.0,2783.0,490.0,495,73050,2023-11-24,21152,False,mobile,positive,#music #fitness,0.104654346,2,7645.0,2023,11,November,Friday,48703.150097465885,46–55
84816,54.0,female,france,914161,image,travel,3842.0,2035.0,895.0,901,93424,2022-09-22,63723,True,desktop,negative,#travel #foodie,0.072486727,2,6772.0,2022,9,September,Thursday,51727.67338709677,46–55
12642,31.0,other,usa,350967,reel,education,7997.0,507.0,59.0,7706,63513,2022-07-14,287412,False,desktop,positive,#lifestyle #music,0.134822792,2,8563.0,2022,7,July,Thursday,51263.87225548902,26–35
52137,21.0,male,uae,925017,video,food,11684.0,154.0,476.0,3598,34793,2022-04-10,520226,False,tablet,positive,#foodie #reels,0.353921766,2,12314.0,2022,4,April,Sunday,48928.41351888668,18–25
89832,60.0,other,japan,183698,video,fitness,18069.0,460.0,319.0,2206,15557,2023-07-18,440849,False,desktop,positive,#love,1.211544642,1,18848.0,2023,7,July,Tuesday,49616.13559322034,56+
65561,63.0,other,india,145635,text,tech,8824.0,1396.0,689.0,7083,38962,2023-01-06,383873,False,desktop,positive,#love #reels,0.27999076,2,10909.0,2023,1,January,Friday,52462.38691588785,56+
72260,30.0,female,usa,275926,text,music,16267.0,790.0,51.0,1749,89653,2023-03-04,126258,False,desktop,positive,#fitness,0.190824624,1,17108.0,2023,3,March,Saturday,51263.87225548902,26–35
25438,53.0,female,france,831586,reel,tech,18806.0,1225.0,656.0,459,91290,2023-08-10,606367,False,tablet,positive,#tech #lifestyle #travel,0.226607515,3,20687.0,2023,8,August,Thursday,51727.67338709677,46–55
58442,60.0,female,germany,653392,text,food,19134.0,2701.0,827.0,4489,2076,2022-05-13,757364,False,mobile,negative,#foodie,10.91618497,1,22662.0,2022,5,May,Friday,48605.40612244898,56+
12994,57.0,other,uk,376914,reel,fitness,8524.0,2364.0,1100.0,916,53881,2022-09-13,459533,False,mobile,positive,#travel #tech #reels,0.222490303,3,11988.0,2022,9,September,Tuesday,51119.39350912779,56+
11813,54.0,other,usa,359258,video,fashion,10071.0,2498.0,118.0,7086,51334,2023-03-26,45319,False,mobile,positive,#fashion #travel #fitness,0.247146141,3,12687.0,2023,3,March,Sunday,51263.87225548902,46–55
94381,37.0,male,australia,867993,text,music,6309.0,1867.0,720.0,6582,93772,2023-12-22,611951,False,mobile,neutral,#love,0.094868404,1,8896.0,2023,12,December,Friday,48346.38336713996,36–45
65276,64.0,other,uae,569209,reel,tech,8698.0,1688.0,1205.0,7546,11021,2023-02-08,402025,False,desktop,positive,#travel #fashion,1.051719445,2,11591.0,2023,2,February,Wednesday,48928.41351888668,56+
51243,26.0,other,canada,601554,image,fitness,17326.0,576.0,505.0,4259,58607,2023-10-17,764954,False,tablet,positive,#travel #fitness #fashion,0.31407511,3,18407.0,2023,10,October,Tuesday,48703.150097465885,26–35
72912,56.0,female,australia,773317,text,fitness,9781.0,1943.0,1673.0,4734,94948,2023-08-03,103910,False,tablet,positive,#foodie,0.141098285,1,13397.0,2023,8,August,Thursday,48346.38336713996,56+
70272,37.0,female,usa,155178,reel,travel,17846.0,2543.0,636.0,3401,62663,2022-02-23,416754,False,desktop,neutral,#reels #foodie #music,0.335524951,3,21025.0,2022,2,February,Wednesday,51263.87225548902,36–45
52051,31.0,male,usa,981587,reel,food,7471.0,361.0,152.0,4665,31809,2023-02-11,191337,False,mobile,positive,#fitness,0.250998145,1,7984.0,2023,2,February,Saturday,51263.87225548902,26–35
88854,51.0,female,australia,645116,image,fitness,14792.0,456.0,1041.0,2194,3544,2023-01-20,9599,False,tablet,positive,#lifestyle #fashion,4.596218962,2,16289.0,2023,1,January,Friday,48346.38336713996,46–55
92736,27.0,female,germany,903603,video,education,1991.0,128.0,1087.0,7126,33626,2022-08-30,751070,False,desktop,positive,#fun #foodie #lifestyle,0.095342889,3,3206.0,2022,8,August,Tuesday,48605.40612244898,26–35
75618,28.0,male,australia,855209,image,fashion,13156.0,811.0,496.0,959,19578,2022-02-16,684928,False,desktop,positive,#tech #travel,0.738737358,2,14463.0,2022,2,February,Wednesday,48346.38336713996,26–35
11920,39.0,male,india,554681,reel,tech,9926.0,872.0,1771.0,4863,63432,2022-04-25,244419,False,desktop,negative,#lifestyle #fashion,0.198149199,2,12569.0,2022,4,April,Monday,52462.38691588785,36–45
87219,52.0,male,japan,604879,image,education,16496.0,349.0,78.0,2157,4479,2023-12-09,722017,False,desktop,neutral,#fun #fashion,3.778298727,2,16923.0,2023,12,December,Saturday,49616.13559322034,46–55
86872,22.0,female,australia,623277,image,travel,2263.0,2692.0,58.0,393,16596,2022-05-10,319319,False,tablet,neutral,#love #travel,0.302060738,2,5013.0,2022,5,May,Tuesday,48346.38336713996,18–25
91132,16.0,female,australia,621827,reel,fashion,5254.0,1914.0,1434.0,3632,51672,2023-07-11,466247,False,desktop,positive,#fashion,0.166473138,1,8602.0,2023,7,July,Tuesday,48346.38336713996,Under 18
12093,63.0,female,uae,801626,video,tech,2811.0,451.0,762.0,5301,28968,2022-06-04,711932,False,tablet,negative,#love,0.138911903,1,4024.0,2022,6,June,Saturday,48928.41351888668,56+
22905,31.0,male,japan,359595,image,food,12571.0,1403.0,825.0,5692,5383,2023-05-10,166136,False,desktop,negative,#lifestyle,2.749210477,1,14799.0,2023,5,May,Wednesday,49616.13559322034,26–35
34351,40.0,female,uk,801299,image,fashion,17217.0,108.0,1084.0,4538,78816,2022-03-23,371066,False,desktop,positive,#foodie,0.233569326,1,18409.0,2022,3,March,Wednesday,51119.39350912779,36–45
40981,33.0,male,australia,114202,text,music,15457.0,1231.0,1490.0,4058,17305,2023-10-31,772018,False,tablet,positive,#fitness #fashion #music,1.050447847,3,18178.0,2023,10,October,Tuesday,48346.38336713996,26–35
83903,59.0,female,australia,792502,text,tech,7227.0,576.0,1653.0,4842,95762,2022-01-25,767963,False,desktop,positive,#fun,0.098744805,1,9456.0,2022,1,January,Tuesday,48346.38336713996,56+
80821,26.0,other,india,557044,reel,travel,8421.0,240.0,1102.0,6897,55016,2022-11-30,350126,False,mobile,positive,#travel #tech #fun,0.177457467,3,9763.0,2022,11,November,Wednesday,52462.38691588785,26–35
92289,45.0,male,canada,187367,reel,music,14207.0,2638.0,1772.0,2177,76273,2022-07-01,41133,False,tablet,positive,#foodie #lifestyle #fitness,0.244083752,3,18617.0,2022,7,July,Friday,48703.150097465885,36–45
94021,60.0,other,india,683334,reel,education,13954.0,1713.0,1862.0,1866,45346,2023-03-08,710905,False,tablet,positive,#music #lifestyle #fun,0.386561108,3,17529.0,2023,3,March,Wednesday,52462.38691588785,56+
88513,22.0,male,australia,371993,text,tech,12672.0,2041.0,1706.0,1799,51071,2022-06-23,589948,False,desktop,neutral,#foodie #music #travel,0.321493607,3,16419.0,2022,6,June,Thursday,48346.38336713996,18–25
29874,31.0,female,uae,552488,reel,music,9015.0,1285.0,1511.0,7570,98680,2022-02-10,395254,True,tablet,positive,#reels #music #lifestyle,0.119689907,3,11811.0,2022,2,February,Thursday,48928.41351888668,26–35
60931,42.0,female,india,775799,image,fitness,2518.0,2625.0,243.0,504,47696,2023-03-21,193719,False,tablet,positive,#love #fitness,0.112923516,2,5386.0,2023,3,March,Tuesday,52462.38691588785,36–45
17674,34.0,other,uae,837886,image,travel,10015.0,2372.0,207.0,719,25942,2023-01-30,367785,False,mobile,positive,#love #fitness #fashion,0.485467582,3,12594.0,2023,1,January,Monday,48928.41351888668,26–35
60516,15.0,female,japan,441016,video,fashion,9296.0,370.0,855.0,1987,23115,2022-10-15,68669,False,tablet,positive,#fashion,0.455158988,1,10521.0,2022,10,October,Saturday,49616.13559322034,Under 18
70686,49.0,male,uae,659632,reel,music,17425.0,1958.0,1110.0,5773,24495,2023-07-15,311128,False,mobile,positive,#reels,0.836619718,1,20493.0,2023,7,July,Saturday,48928.41351888668,46–55
79212,53.0,male,germany,284348,image,lifestyle,707.0,2152.0,1674.0,6165,82295,2022-09-19,782328,False,tablet,positive,#foodie #fitness,0.055082326,2,4533.0,2022,9,September,Monday,48605.40612244898,46–55
12426,30.0,female,brazil,498267,image,music,17767.0,97.0,599.0,7184,63190,2022-02-26,569277,False,mobile,neutral,#fun #fashion,0.292182307,2,18463.0,2022,2,February,Saturday,49193.1746031746,26–35
78498,23.0,male,japan,175604,video,food,17686.0,1510.0,644.0,874,27587,2022-01-06,180017,False,tablet,neutral,#fashion,0.719179324,1,19840.0,2022,1,January,Thursday,49616.13559322034,18–25
39943,60.0,other,brazil,360408,image,education,7118.0,95.0,1977.0,2878,26006,2023-07-13,450692,True,tablet,positive,#music #foodie #fashion,0.353379989,3,9190.0,2023,7,July,Thursday,49193.1746031746,56+
76395,14.0,other,australia,864665,video,travel,11213.0,1948.0,38.0,633,10635,2023-07-29,701717,False,mobile,neutral,#reels #fitness #lifestyle,1.241090738,3,13199.0,2023,7,July,Saturday,48346.38336713996,Under 18
54816,38.0,female,australia,982982,video,education,15501.0,1495.0,1199.0,4377,92600,2023-08-02,8004,False,mobile,positive,#fitness #tech,0.196490281,2,18195.0,2023,8,August,Wednesday,48346.38336713996,36–45
14138,18.0,male,germany,698671,text,travel,8868.0,2093.0,477.0,7394,98996,2023-11-26,166123,False,mobile,positive,#fitness #fun #tech,0.115540022,3,11438.0,2023,11,November,Sunday,48605.40612244898,Under 18
85945,55.0,other,usa,301489,image,travel,18948.0,2937.0,1615.0,5539,81188,2022-06-11,472966,False,tablet,positive,#love #lifestyle #fashion,0.289451643,3,23500.0,2022,6,June,Saturday,51263.87225548902,46–55
14017,52.0,other,brazil,141182,text,tech,9755.0,2078.0,19.0,2420,50639,2022-10-24,572676,False,desktop,neutral,#foodie #lifestyle,0.234048856,2,11852.0,2022,10,October,Monday,49193.1746031746,46–55
20451,56.0,female,india,478954,image,music,1260.0,2455.0,220.0,1324,69631,2023-09-09,436010,False,desktop,neutral,#fun #music,0.056512186,2,3935.0,2023,9,September,Saturday,52462.38691588785,56+
72956,41.0,male,germany,294661,text,fitness,19587.0,1405.0,1872.0,1008,23577,2022-02-26,245681,False,tablet,neutral,#lifestyle,0.969758663,1,22864.0,2022,2,February,Saturday,48605.40612244898,36–45
20278,42.0,other,japan,124180,video,lifestyle,10545.0,715.0,274.0,2333,31077,2023-06-12,510044,True,tablet,neutral,#fitness #tech,0.371142646,2,11534.0,2023,6,June,Monday,49616.13559322034,36–45
53764,14.0,female,uk,869709,video,food,357.0,2691.0,1723.0,1139,91746,2022-02-28,726574,False,mobile,negative,#travel #tech,0.052002267,2,4771.0,2022,2,February,Monday,51119.39350912779,Under 18
11134,21.0,female,india,557588,video,music,5412.0,2745.0,1177.0,3220,95562,2022-06-15,610270,False,mobile,neutral,#fun,0.097674808,1,9334.0,2022,6,June,Wednesday,52462.38691588785,18–25
72943,59.0,female,uae,151372,video,education,3234.0,972.0,462.0,403,77937,2023-06-30,509831,False,mobile,negative,#music #reels,0.05989453,2,4668.0,2023,6,June,Friday,48928.41351888668,56+
64318,14.0,female,australia,203427,image,food,16802.0,2748.0,1432.0,3753,88719,2022-02-15,56388,False,desktop,neutral,#foodie #tech #travel,0.23649951,3,20982.0,2022,2,February,Tuesday,48346.38336713996,Under 18
70128,41.0,other,japan,607731,reel,fitness,1593.0,1512.0,1678.0,6233,13395,2022-02-16,530646,False,tablet,neutral,#travel #tech,0.357073535,2,4783.0,2022,2,February,Wednesday,49616.13559322034,36–45
98056,45.0,male,germany,693374,image,tech,4602.0,2923.0,250.0,3190,63797,2023-01-25,690492,False,tablet,neutral,#tech,0.121870934,1,7775.0,2023,1,January,Wednesday,48605.40612244898,36–45
31869,22.0,female,brazil,384307,text,tech,13969.0,905.0,211.0,695,42123,2022-09-09,206313,False,desktop,positive,#music #fun #lifestyle,0.358117893,3,15085.0,2022,9,September,Friday,49193.1746031746,18–25
15039,46.0,female,brazil,864298,image,fitness,9577.0,808.0,1501.0,907,88910,2022-06-15,152753,False,mobile,positive,#tech #fun,0.13368575,2,11886.0,2022,6,June,Wednesday,49193.1746031746,46–55
31281,56.0,other,france,818449,image,education,10105.5,598.0,1684.0,3847,44365,2023-01-03,446410,False,mobile,negative,#music #fitness #love,0.335422067,3,12387.5,2023,1,January,Tuesday,51727.67338709677,56+
20442,20.0,female,australia,481760,text,fitness,10943.0,966.0,686.0,7906,38773,2023-01-14,396180,True,mobile,positive,#fashion,0.32483945,1,12595.0,2023,1,January,Saturday,48346.38336713996,18–25
83788,49.0,female,india,326283,video,fashion,244.0,2680.0,418.0,3164,51155,2022-11-13,634358,True,mobile,neutral,#lifestyle #foodie,0.065330857,2,3342.0,2022,11,November,Sunday,52462.38691588785,46–55
37586,45.0,male,uae,341553,text,tech,4572.0,1867.0,1195.0,6772,3461,2022-05-12,503134,False,desktop,positive,#travel #foodie #fashion,2.20572089,3,7634.0,2022,5,May,Thursday,48928.41351888668,36–45
63053,59.0,female,uae,132934,text,education,16998.0,1839.0,506.0,7145,58298,2023-01-24,566639,False,mobile,positive,#fun #reels,0.331795259,2,19343.0,2023,1,January,Tuesday,48928.41351888668,56+
60489,18.0,other,australia,679883,reel,travel,16250.0,134.0,645.0,6590,93716,2023-08-05,85904,False,mobile,neutral,#fun #love #reels,0.181708566,3,17029.0,2023,8,August,Saturday,48346.38336713996,Under 18
93104,56.0,male,france,650880,reel,music,16633.0,327.0,1651.0,6455,76723,2023-07-26,68287,False,desktop,positive,#tech #lifestyle #foodie,0.242573935,3,18611.0,2023,7,July,Wednesday,51727.67338709677,56+
96346,52.0,other,france,337685,video,food,11285.0,198.0,868.0,1926,28726,2023-12-18,362643,False,mobile,negative,#travel,0.429958922,1,12351.0,2023,12,December,Monday,51727.67338709677,46–55
77087,57.0,male,india,647327,text,tech,6620.0,682.0,1226.0,7485,28488,2022-12-14,455939,False,desktop,positive,#lifestyle #fashion #reels,0.299354114,3,8528.0,2022,12,December,Wednesday,52462.38691588785,56+
22625,31.0,male,france,994737,text,fitness,5869.0,123.0,1942.0,120,75743,2023-09-10,317805,False,mobile,positive,#fashion #reels,0.104748954,2,7934.0,2023,9,September,Sunday,51727.67338709677,26–35
44397,44.0,female,germany,451406,text,travel,10105.5,753.0,491.0,6460,85018,2023-05-12,73073,False,tablet,neutral,#music,0.084864382,1,11349.5,2023,5,May,Friday,48605.40612244898,36–45
68671,39.0,female,france,855870,image,music,16894.0,1606.0,294.0,6281,17825,2023-11-27,733943,False,mobile,neutral,#lifestyle #love #foodie,1.054361851,3,18794.0,2023,11,November,Monday,51727.67338709677,36–45
76897,38.0,female,brazil,134018,reel,music,13957.0,2429.0,456.0,5862,2555,2023-05-26,245220,True,tablet,positive,#love,6.591780822,1,16842.0,2023,5,May,Friday,49193.1746031746,36–45
36149,55.0,other,canada,415302,reel,music,5968.0,570.0,1169.0,2865,3892,2023-06-03,648497,False,desktop,positive,#fashion #travel,1.980215827,2,7707.0,2023,6,June,Saturday,48703.150097465885,46–55
70030,64.0,female,usa,357061,video,fashion,7647.0,1468.0,1012.0,3731,93075,2023-03-28,168601,False,mobile,neutral,#music #lifestyle #fun,0.111479989,3,10127.0,2023,3,March,Tuesday,51263.87225548902,56+
79906,38.0,female,brazil,497774,reel,lifestyle,16457.0,2845.0,739.0,7451,27827,2023-06-27,34742,False,mobile,neutral,#fashion #fun,0.720199806,2,20041.0,2023,6,June,Tuesday,49193.1746031746,36–45
15283,52.0,male,brazil,394318,reel,fashion,9000.0,2938.0,1790.0,5773,44938,2022-08-04,649075,False,mobile,neutral,#tech #lifestyle,0.305487561,2,13728.0,2022,8,August,Thursday,49193.1746031746,46–55
17610,44.0,female,uk,982373,video,travel,19262.0,1169.0,423.0,3915,38732,2023-04-15,89591,False,tablet,negative,#fitness,0.538417846,1,20854.0,2023,4,April,Saturday,51119.39350912779,36–45
53326,17.0,female,uk,273703,text,music,5141.0,1926.0,1007.0,3591,81833,2022-10-31,324846,True,mobile,neutral,#music #love,0.098664353,2,8074.0,2022,10,October,Monday,51119.39350912779,Under 18
24924,29.0,female,australia,989813,image,education,2126.0,1587.0,291.0,3576,89011,2022-10-25,71609,False,desktop,neutral,#lifestyle #fashion #foodie,0.044983204,3,4004.0,2022,10,October,Tuesday,48346.38336713996,26–35
86162,20.0,female,uk,770912,video,education,18588.0,2223.0,155.0,4486,87916,2022-12-12,519027,False,mobile,positive,#love #tech,0.238477638,2,20966.0,2022,12,December,Monday,51119.39350912779,18–25
10869,54.0,male,australia,731820,reel,travel,6470.0,1302.0,1983.0,7172,1408,2022-10-13,232328,False,desktop,negative,#love,6.928267045,1,9755.0,2022,10,October,Thursday,48346.38336713996,46–55
11014,46.0,male,brazil,921079,video,education,15473.0,2427.0,1874.0,6912,16415,2022-05-06,501359,True,tablet,positive,#reels #lifestyle,1.204629912,2,19774.0,2022,5,May,Friday,49193.1746031746,46–55
20103,21.0,male,usa,157940,reel,fitness,16161.0,164.0,349.0,2414,40957,2022-02-20,124869,True,desktop,neutral,#tech,0.407109896,1,16674.0,2022,2,February,Sunday,51263.87225548902,18–25
92522,35.0,other,india,231692,text,education,12908.0,1862.0,1465.0,840,89817,2023-02-23,343477,False,tablet,positive,#love #foodie,0.180756427,2,16235.0,2023,2,February,Thursday,52462.38691588785,26–35
43458,47.0,female,india,778442,text,lifestyle,11850.0,1509.0,1957.0,6635,9993,2023-12-03,607503,False,tablet,negative,#love,1.532672871,1,15316.0,2023,12,December,Sunday,52462.38691588785,46–55
92409,62.0,female,canada,777251,text,fitness,984.0,2811.0,242.0,2805,78333,2022-02-20,74217,False,tablet,negative,#foodie,0.05153639,1,4037.0,2022,2,February,Sunday,48703.150097465885,56+
33248,19.0,female,japan,206566,reel,food,17682.0,1497.0,1230.0,5585,68849,2023-04-16,177481,False,desktop,positive,#music,0.283606153,1,20409.0,2023,4,April,Sunday,49616.13559322034,18–25
99160,27.0,male,india,948827,video,education,7187.0,1790.0,1451.0,3306,8538,2023-01-11,437050,False,desktop,positive,#tech #travel #music,1.221363317,3,10428.0,2023,1,January,Wednesday,52462.38691588785,26–35
53516,32.0,female,japan,150955,reel,lifestyle,10845.0,1384.0,1789.0,3433,35092,2022-12-31,260119,False,desktop,negative,#music #fitness #travel,0.399464265,3,14018.0,2022,12,December,Saturday,49616.13559322034,26–35
39061,62.0,female,france,394458,text,lifestyle,5713.0,2220.0,971.0,6665,68494,2022-08-20,714032,False,mobile,neutral,#travel #fashion,0.129996788,2,8904.0,2022,8,August,Saturday,51727.67338709677,56+
34170,38.0,other,uae,516716,text,food,14083.0,2810.0,257.0,5361,83387,2023-11-21,754010,False,desktop,neutral,#love,0.20566755,1,17150.0,2023,11,November,Tuesday,48928.41351888668,36–45
18024,15.0,male,brazil,153685,text,fashion,15519.0,1200.0,1012.0,1465,29035,2023-11-01,84918,False,tablet,negative,#fun #reels #tech,0.595935939,3,17731.0,2023,11,November,Wednesday,49193.1746031746,Under 18
92214,58.0,male,usa,748235,reel,travel,11138.0,1072.0,34.0,1856,78091,2023-10-21,73713,False,desktop,positive,#love #foodie,0.156791436,2,12244.0,2023,10,October,Saturday,51263.87225548902,56+
95947,36.0,other,australia,951215,image,fashion,19429.0,1134.0,1152.0,2235,49954,2023-04-25,350591,True,tablet,neutral,#foodie #reels #fun,0.434699924,3,21715.0,2023,4,April,Tuesday,48346.38336713996,36–45
53803,46.0,male,japan,200229,text,education,2085.0,1783.0,429.0,403,75751,2022-11-02,220963,False,desktop,positive,#love #foodie,0.056725324,2,4297.0,2022,11,November,Wednesday,49616.13559322034,46–55
29296,58.0,female,canada,936621,video,education,6533.0,1710.0,1723.0,5945,50802,2023-03-14,83064,False,desktop,positive,#love,0.196173379,1,9966.0,2023,3,March,Tuesday,48703.150097465885,56+
96664,34.0,female,india,455698,text,fitness,16183.0,618.0,1342.0,6570,55923,2022-09-08,373751,True,tablet,positive,#foodie #fashion #lifestyle,0.324428232,3,18143.0,2022,9,September,Thursday,52462.38691588785,26–35
28257,23.0,other,germany,119567,reel,tech,2727.0,2712.0,94.0,412,83353,2022-12-08,424044,False,desktop,neutral,#fitness #foodie #fashion,0.066380334,3,5533.0,2022,12,December,Thursday,48605.40612244898,18–25
22855,60.0,male,india,519194,video,education,376.0,858.0,219.0,1537,63202,2022-05-12,398367,False,mobile,neutral,#music,0.022989779,1,1453.0,2022,5,May,Thursday,52462.38691588785,56+
95178,20.0,male,uk,438233,reel,education,6992.0,1178.0,300.0,4249,98158,2023-06-08,394340,True,mobile,positive,#love #reels,0.086289452,2,8470.0,2023,6,June,Thursday,51119.39350912779,18–25
30025,51.0,male,brazil,764990,image,fitness,14185.0,1686.0,1012.0,6346,96383,2023-10-17,540737,False,tablet,positive,#music #foodie #fashion,0.181888922,3,16883.0,2023,10,October,Tuesday,49193.1746031746,46–55
14458,55.0,male,uk,505219,image,tech,4690.0,2603.0,1208.0,216,51050,2023-05-21,647268,False,tablet,neutral,#fun,0.166523017,1,8501.0,2023,5,May,Sunday,51119.39350912779,46–55
73610,47.0,female,india,403588,reel,music,19178.0,1606.0,1060.0,6625,52707,2023-02-03,622353,False,tablet,positive,#music,0.414442104,1,21844.0,2023,2,February,Friday,52462.38691588785,46–55
80843,61.0,other,germany,186184,text,music,1065.0,636.0,774.0,7482,69001,2022-04-28,330929,False,mobile,positive,#fitness #music,0.035869045,2,2475.0,2022,4,April,Thursday,48605.40612244898,56+
93961,58.0,female,uk,786967,video,music,3682.0,214.0,1645.0,7784,51879,2022-03-02,339163,False,tablet,negative,#travel #lifestyle #fitness,0.106806222,3,5541.0,2022,3,March,Wednesday,51119.39350912779,56+
59831,50.0,other,usa,386965,text,travel,14793.0,1353.0,399.0,1024,34952,2022-06-30,747125,False,tablet,positive,#lifestyle,0.47336347,1,16545.0,2022,6,June,Thursday,51263.87225548902,46–55
53427,20.0,female,uk,638889,reel,travel,17435.0,143.0,689.0,2813,62086,2022-11-09,302762,False,mobile,positive,#fitness #lifestyle,0.294220919,2,18267.0,2022,11,November,Wednesday,51119.39350912779,18–25
48506,49.0,male,germany,801264,reel,music,8820.0,618.0,1165.0,6646,94953,2022-09-22,371726,False,tablet,neutral,#reels #tech,0.111665771,2,10603.0,2022,9,September,Thursday,48605.40612244898,46–55
15668,39.0,male,uk,212882,text,lifestyle,18757.0,1007.0,992.0,4894,70609,2022-01-29,79077,False,desktop,neutral,#tech #reels,0.293956861,2,20756.0,2022,1,January,Saturday,51119.39350912779,36–45
57195,40.0,male,japan,958089,video,travel,13820.0,353.0,133.0,805,45527,2022-09-20,100346,False,desktop,positive,#tech #fitness,0.314231116,2,14306.0,2022,9,September,Tuesday,49616.13559322034,36–45
83233,52.0,other,france,793917,video,food,8058.0,280.0,1468.0,3349,36294,2023-12-13,379835,False,desktop,neutral,#foodie #music #fitness,0.270182399,3,9806.0,2023,12,December,Wednesday,51727.67338709677,46–55
34417,46.0,other,australia,807883,video,food,14118.0,1345.0,1012.0,7361,56089,2023-09-09,498041,False,desktop,neutral,#fun,0.287453868,1,16475.0,2023,9,September,Saturday,48346.38336713996,46–55
91982,44.0,other,india,443990,video,music,3974.0,836.0,1929.0,5038,16963,2023-08-14,202480,False,mobile,positive,#reels,0.397276425,1,6739.0,2023,8,August,Monday,52462.38691588785,36–45
20751,27.0,male,japan,412646,video,tech,6659.0,1959.0,1311.0,2816,27633,2023-10-18,574421,False,desktop,negative,#lifestyle #fitness #tech,0.359316759,3,9929.0,2023,10,October,Wednesday,49616.13559322034,26–35
56218,56.0,female,australia,223409,image,fashion,4841.0,389.0,1925.0,2809,85750,2023-12-12,509969,False,desktop,positive,#fun,0.083440233,1,7155.0,2023,12,December,Tuesday,48346.38336713996,56+
17352,29.0,male,france,122098,image,lifestyle,18335.0,1087.0,257.0,1271,55611,2023-09-10,153950,False,mobile,positive,#love #fun #fitness,0.353868839,3,19679.0,2023,9,September,Sunday,51727.67338709677,26–35
89052,45.0,male,japan,276974,reel,fashion,14583.0,264.0,1062.0,6231,89162,2022-12-05,761132,False,mobile,positive,#fashion #reels #tech,0.17842803,3,15909.0,2022,12,December,Monday,49616.13559322034,36–45
98835,59.0,female,canada,218502,image,tech,3424.0,2053.0,304.0,433,81646,2023-02-26,274999,False,mobile,negative,#fitness #love,0.070805673,2,5781.0,2023,2,February,Sunday,48703.150097465885,56+
38927,58.0,female,japan,844427,video,food,14733.0,912.0,1306.0,6563,77840,2022-03-30,235831,False,desktop,negative,#reels #lifestyle #fun,0.217767215,3,16951.0,2022,3,March,Wednesday,49616.13559322034,56+
51094,64.0,female,usa,794613,video,fitness,14538.0,167.0,1847.0,7420,25375,2022-11-28,397555,False,tablet,positive,#fashion #music #reels,0.652295567,3,16552.0,2022,11,November,Monday,51263.87225548902,56+
64122,28.0,female,germany,437660,video,education,9517.0,2402.0,525.0,428,35515,2023-03-07,144727,True,tablet,positive,#foodie #fitness,0.35038716,2,12444.0,2023,3,March,Tuesday,48605.40612244898,26–35
39493,41.0,male,india,879942,reel,music,17555.0,1995.0,406.0,1187,21850,2022-06-01,401683,False,desktop,negative,#love,0.913318078,1,19956.0,2022,6,June,Wednesday,52462.38691588785,36–45
83539,21.0,other,brazil,144280,reel,lifestyle,12508.0,2220.0,1382.0,5614,37976,2023-12-09,205294,False,tablet,neutral,#reels #fashion,0.424215294,2,16110.0,2023,12,December,Saturday,49193.1746031746,18–25
41707,45.0,male,australia,895383,text,tech,3769.0,849.0,885.0,4257,34589,2022-05-06,10623,False,tablet,neutral,#fun,0.159096823,1,5503.0,2022,5,May,Friday,48346.38336713996,36–45
78814,61.0,female,uk,108117,image,fashion,2310.0,2166.0,377.0,2554,68795,2022-02-12,602107,True,mobile,positive,#tech,0.070542917,1,4853.0,2022,2,February,Saturday,51119.39350912779,56+
17296,41.0,other,india,125979,image,tech,2343.0,173.0,468.0,2312,82353,2023-02-25,289904,False,desktop,positive,#fashion #foodie,0.03623426,2,2984.0,2023,2,February,Saturday,52462.38691588785,36–45
35398,25.0,other,brazil,567741,text,tech,3386.0,2176.0,872.0,1995,8955,2023-11-16,766498,False,desktop,positive,#fun #tech,0.718481295,2,6434.0,2023,11,November,Thursday,49193.1746031746,18–25
45842,33.0,male,france,116915,text,travel,19451.0,186.0,1970.0,2157,90990,2023-05-05,634488,False,tablet,neutral,#reels #fun,0.237465656,2,21607.0,2023,5,May,Friday,51727.67338709677,26–35
23261,33.0,male,japan,421405,image,music,2339.0,1086.0,989.0,5971,66859,2023-07-20,659013,False,desktop,neutral,#fitness #travel #love,0.066019534,3,4414.0,2023,7,July,Thursday,49616.13559322034,26–35
86709,17.0,male,brazil,588287,video,food,683.0,2940.0,1304.0,4995,69090,2022-09-10,222716,False,mobile,positive,#music #fitness,0.07131278,2,4927.0,2022,9,September,Saturday,49193.1746031746,Under 18
66704,22.0,other,canada,853020,image,lifestyle,1054.0,1297.0,1588.0,1742,44559,2023-12-09,769064,False,tablet,positive,#travel #music,0.08839965,2,3939.0,2023,12,December,Saturday,48703.150097465885,18–25
77173,18.0,other,india,743113,video,travel,18986.0,2645.0,10.0,1342,46514,2023-04-29,336166,False,mobile,neutral,#love #fashion,0.465257772,2,21641.0,2023,4,April,Saturday,52462.38691588785,Under 18
41781,63.0,other,india,865272,reel,food,348.0,2257.0,674.0,1155,97357,2022-10-20,632945,False,tablet,neutral,#fun #reels,0.033680167,2,3279.0,2022,10,October,Thursday,52462.38691588785,56+
23652,25.0,female,india,461046,image,music,16362.0,1008.0,694.0,3204,27173,2022-08-05,462850,False,desktop,neutral,#fun #love,0.664777537,2,18064.0,2022,8,August,Friday,52462.38691588785,18–25
15103,13.0,female,germany,435108,image,tech,1022.0,1216.0,1209.0,393,55611,2022-06-18,738134,False,mobile,positive,#love,0.06198414,1,3447.0,2022,6,June,Saturday,48605.40612244898,Under 18
35500,32.0,male,france,563656,reel,food,503.0,2797.0,1987.0,6763,42000,2023-10-02,221085,False,mobile,positive,#fitness #fashion,0.125880952,2,5287.0,2023,10,October,Monday,51727.67338709677,26–35
45529,59.0,other,germany,397821,reel,fashion,8277.0,531.0,1572.0,6827,23299,2023-01-20,779221,False,mobile,positive,#travel #love #reels,0.445512683,3,10380.0,2023,1,January,Friday,48605.40612244898,56+
28452,58.0,male,india,605071,reel,music,11514.0,2999.0,972.0,6695,54626,2022-01-16,384880,False,tablet,positive,#fitness #tech,0.283473071,2,15485.0,2022,1,January,Sunday,52462.38691588785,56+
59393,20.0,other,canada,411974,reel,lifestyle,13576.0,1205.0,8.0,6947,32372,2022-02-06,145214,False,tablet,positive,#fitness #foodie #fashion,0.456845422,3,14789.0,2022,2,February,Sunday,48703.150097465885,18–25
41174,22.0,male,uk,633210,reel,music,522.0,2607.0,27.0,7202,99420,2023-02-25,106570,False,mobile,neutral,#lifestyle,0.031744116,1,3156.0,2023,2,February,Saturday,51119.39350912779,18–25
74450,21.0,female,canada,196696,text,music,11884.0,227.0,822.0,3642,37401,2022-10-23,610653,False,mobile,positive,#travel #lifestyle #fun,0.345792893,3,12933.0,2022,10,October,Sunday,48703.150097465885,18–25
45436,61.0,other,australia,167561,text,travel,18892.0,2613.0,685.0,5824,64057,2023-03-11,663675,False,tablet,negative,#fashion,0.346410228,1,22190.0,2023,3,March,Saturday,48346.38336713996,56+
57406,53.0,female,france,375364,reel,lifestyle,17.0,613.0,1487.0,4817,105,2022-11-16,570533,False,desktop,neutral,#music #foodie,20.16190476,2,2117.0,2022,11,November,Wednesday,51727.67338709677,46–55
73059,15.0,other,japan,153380,reel,tech,1268.0,2136.0,1662.0,5491,43326,2023-09-18,258249,False,desktop,positive,#travel #music #fitness,0.11692748,3,5066.0,2023,9,September,Monday,49616.13559322034,Under 18
25954,23.0,male,india,495982,reel,fashion,1176.0,1765.0,510.0,2040,30308,2023-06-18,433915,True,mobile,neutral,#music #fitness,0.113864326,2,3451.0,2023,6,June,Sunday,52462.38691588785,18–25
92722,24.0,other,brazil,839378,reel,food,18016.0,2862.0,501.0,2078,23203,2022-10-26,667672,False,desktop,negative,#music,0.921389475,1,21379.0,2022,10,October,Wednesday,49193.1746031746,18–25
22356,22.0,female,uk,745737,video,education,12745.0,249.0,581.0,5293,74340,2023-07-28,450400,False,tablet,positive,#fitness #love,0.182606941,2,13575.0,2023,7,July,Friday,51119.39350912779,18–25
12187,37.0,other,japan,526375,video,food,11961.0,2272.0,1818.0,2864,11552,2023-11-25,175244,False,desktop,positive,#fashion,1.389456371,1,16051.0,2023,11,November,Saturday,49616.13559322034,36–45
87243,61.0,male,uae,373079,reel,fashion,3613.0,2950.0,777.0,3461,99378,2022-01-16,538211,False,tablet,positive,#fun #fitness,0.073859406,2,7340.0,2022,1,January,Sunday,48928.41351888668,56+
45098,61.0,other,canada,365928,reel,education,16498.0,1942.0,1686.0,5829,13658,2023-01-30,227237,False,mobile,positive,#fitness #travel #music,1.473568604,3,20126.0,2023,1,January,Monday,48703.150097465885,56+
31225,37.0,female,uk,581802,image,food,8944.0,672.0,660.0,6249,11108,2022-10-04,309205,False,desktop,positive,#music,0.925099028,1,10276.0,2022,10,October,Tuesday,51119.39350912779,36–45
13606,23.0,male,uae,775581,reel,travel,6590.0,2215.0,1241.0,7442,42036,2023-10-11,515410,False,desktop,neutral,#music,0.238985631,1,10046.0,2023,10,October,Wednesday,48928.41351888668,18–25
67620,48.0,female,germany,118069,reel,fitness,18784.0,2157.0,1452.0,5215,51985,2022-10-10,266381,False,tablet,positive,#reels #travel,0.430758873,2,22393.0,2022,10,October,Monday,48605.40612244898,46–55
42828,51.0,other,uae,483329,text,food,6768.0,1796.0,1661.0,7849,66256,2023-10-01,469913,False,tablet,negative,#love,0.154325646,1,10225.0,2023,10,October,Sunday,48928.41351888668,46–55
36489,38.0,female,japan,135682,video,tech,18972.0,296.0,2.0,5112,32415,2022-03-27,338716,False,mobile,neutral,#travel #fitness,0.594477865,2,19270.0,2022,3,March,Sunday,49616.13559322034,36–45
24387,26.0,other,france,473691,reel,food,321.0,1497.0,1210.0,5149,45710,2022-07-26,624052,False,mobile,negative,#fitness #travel #love,0.075650842,3,3028.0,2022,7,July,Tuesday,51727.67338709677,26–35
79463,51.0,male,canada,194303,video,lifestyle,7626.0,2290.0,42.0,6937,7695,2023-10-25,126416,False,tablet,negative,#foodie #fun #music,1.29408707,3,9958.0,2023,10,October,Wednesday,48703.150097465885,46–55
81832,52.0,female,uk,964250,video,tech,12513.0,2256.0,1634.0,4256,78473,2023-07-17,424813,False,tablet,negative,#love,0.209027309,1,16403.0,2023,7,July,Monday,51119.39350912779,46–55
12591,13.0,female,uae,473413,image,food,17217.0,1266.0,774.0,1329,63950,2023-04-22,560718,False,mobile,neutral,#foodie,0.30112588,1,19257.0,2023,4,April,Saturday,48928.41351888668,Under 18
58516,16.0,other,canada,786592,video,food,8403.0,1105.0,1434.0,1646,8885,2023-08-15,548061,False,tablet,positive,#music,1.231513787,1,10942.0,2023,8,August,Tuesday,48703.150097465885,Under 18
72061,42.0,female,uk,930705,video,music,9448.0,1457.0,1213.0,7891,71488,2022-05-11,201438,False,desktop,positive,#fun #travel #music,0.169510967,3,12118.0,2022,5,May,Wednesday,51119.39350912779,36–45
76736,24.0,female,uk,155210,reel,tech,16542.0,1566.0,41.0,6339,10234,2023-02-04,102821,False,mobile,neutral,#music #tech #foodie,1.773402384,3,18149.0,2023,2,February,Saturday,51119.39350912779,18–25
91257,47.0,male,japan,435335,text,travel,2619.0,1497.0,1120.0,2655,8914,2022-05-16,128547,True,desktop,negative,#lifestyle #fun #fitness,0.534664573,3,5236.0,2022,5,May,Monday,49616.13559322034,46–55
71753,25.0,other,canada,915893,reel,education,1347.0,2308.0,1795.0,2385,77676,2022-12-12,365853,False,tablet,negative,#love #fashion #fun,0.070163242,3,5450.0,2022,12,December,Monday,48703.150097465885,18–25
94774,64.0,male,japan,891042,reel,education,3164.0,1589.0,729.0,5257,23787,2022-06-19,746587,False,mobile,negative,#travel #love #music,0.230462017,3,5482.0,2022,6,June,Sunday,49616.13559322034,56+
21087,43.0,male,uae,419117,text,fitness,13559.0,2427.0,1012.0,2837,4629,2022-06-12,13510,False,mobile,positive,#fitness #foodie,3.88139987,2,16998.0,2022,6,June,Sunday,48928.41351888668,36–45
40816,50.0,male,australia,762943,text,fitness,910.0,95.0,647.0,6590,36787,2022-07-18,97105,False,mobile,negative,#lifestyle #reels,0.044907168,2,1652.0,2022,7,July,Monday,48346.38336713996,46–55
33408,55.0,other,france,125583,image,education,7166.0,1359.0,1875.0,5429,67160,2022-02-17,44768,False,tablet,neutral,#love #fun,0.15485408,2,10400.0,2022,2,February,Thursday,51727.67338709677,46–55
10136,35.0,male,australia,773061,text,travel,2451.0,2816.0,656.0,5298,40094,2023-05-09,664212,False,mobile,negative,#fitness,0.14772784,1,5923.0,2023,5,May,Tuesday,48346.38336713996,26–35
27413,16.0,male,usa,369024,reel,food,11995.0,2044.0,1540.0,4432,31597,2022-04-13,395104,False,mobile,positive,#music #love,0.493053138,2,15579.0,2022,4,April,Wednesday,51263.87225548902,Under 18
69500,64.0,male,india,593869,text,fitness,403.0,1739.0,1982.0,3305,63727,2023-07-02,693826,False,mobile,positive,#love #music,0.064713544,2,4124.0,2023,7,July,Sunday,52462.38691588785,56+
94514,28.0,other,australia,189257,text,travel,10033.0,1352.0,880.0,3320,82912,2022-01-06,419937,False,mobile,positive,#fitness #fun #travel,0.147927924,3,12265.0,2022,1,January,Thursday,48346.38336713996,26–35
66358,19.0,male,germany,545061,text,travel,18074.0,828.0,1928.0,6275,8919,2023-12-12,203602,False,tablet,positive,#fun #fashion,2.335463617,2,20830.0,2023,12,December,Tuesday,48605.40612244898,18–25
76197,34.0,female,france,860872,video,fitness,3485.0,1661.0,1159.0,6392,87343,2022-01-12,56497,False,mobile,positive,#foodie #reels #fitness,0.072186666,3,6305.0,2022,1,January,Wednesday,51727.67338709677,26–35
42854,41.0,female,india,847750,image,education,13751.0,1542.0,509.0,3876,45313,2022-04-13,708135,False,mobile,positive,#travel #fun #fitness,0.348729945,3,15802.0,2022,4,April,Wednesday,52462.38691588785,36–45
86240,23.0,other,uae,212024,video,tech,9448.0,925.0,1542.0,3526,62893,2023-11-30,349813,True,tablet,neutral,#fashion #reels,0.189448746,2,11915.0,2023,11,November,Thursday,48928.41351888668,18–25
26322,45.0,male,japan,434561,video,fashion,13410.0,1148.0,36.0,6642,31015,2023-11-21,6232,False,mobile,neutral,#foodie #love #fashion,0.47054651,3,14594.0,2023,11,November,Tuesday,49616.13559322034,36–45
16968,41.0,female,germany,628010,image,education,14262.0,1806.0,822.0,4158,60215,2023-03-03,681142,True,desktop,positive,#foodie,0.280494893,1,16890.0,2023,3,March,Friday,48605.40612244898,36–45
37518,51.0,other,india,120077,video,tech,9834.0,2667.0,578.0,4914,652,2022-06-20,519336,False,mobile,neutral,#music,20.05981595,1,13079.0,2022,6,June,Monday,52462.38691588785,46–55
61925,24.0,female,india,180868,text,education,16906.0,2307.0,1927.0,5511,79818,2023-11-20,630885,False,mobile,neutral,#fitness,0.26485254,1,21140.0,2023,11,November,Monday,52462.38691588785,18–25
69848,19.0,male,uk,874440,image,food,1944.0,830.0,836.0,2304,13249,2022-03-30,367589,False,desktop,positive,#lifestyle #fitness,0.272473394,2,3610.0,2022,3,March,Wednesday,51119.39350912779,18–25
11700,51.0,other,usa,751718,video,tech,19955.0,1605.0,516.0,1271,97239,2023-12-17,16334,False,tablet,neutral,#tech,0.22702825,1,22076.0,2023,12,December,Sunday,51263.87225548902,46–55
33199,54.0,female,japan,336600,reel,lifestyle,1560.0,549.0,784.0,1287,95948,2023-03-15,504790,False,mobile,positive,#lifestyle #reels,0.030151749,2,2893.0,2023,3,March,Wednesday,49616.13559322034,46–55
54589,60.0,other,uae,375373,video,fashion,4747.0,2747.0,1020.0,6610,59949,2022-12-13,272569,False,desktop,neutral,#lifestyle #fitness #travel,0.142020718,3,8514.0,2022,12,December,Tuesday,48928.41351888668,56+
42115,38.0,female,canada,435482,reel,education,7154.0,2756.0,878.0,4944,15255,2022-07-30,583109,False,tablet,neutral,#love #fun,0.707177974,2,10788.0,2022,7,July,Saturday,48703.150097465885,36–45
71934,52.0,female,australia,817039,text,music,14089.0,1497.0,1081.0,360,75913,2023-12-26,497448,False,tablet,positive,#fashion #tech,0.213415357,2,16667.0,2023,12,December,Tuesday,48346.38336713996,46–55
64316,21.0,male,france,580853,reel,fashion,16976.0,562.0,958.0,6131,99079,2023-03-10,501978,True,desktop,positive,#fashion,0.186679317,1,18496.0,2023,3,March,Friday,51727.67338709677,18–25
15520,53.0,male,usa,504655,video,travel,12085.0,2420.0,154.0,1974,80312,2023-06-17,48759,False,tablet,neutral,#lifestyle #fun #travel,0.18252565,3,14659.0,2023,6,June,Saturday,51263.87225548902,46–55
46455,46.0,female,uk,102598,video,lifestyle,5327.0,1497.0,1895.0,2927,9885,2023-08-23,720469,False,tablet,positive,#fitness #music,0.752959029,2,8719.0,2023,8,August,Wednesday,51119.39350912779,46–55
96465,57.0,other,uk,716585,video,food,17139.0,530.0,112.0,3464,20881,2023-06-09,711222,False,desktop,negative,#music #reels,0.851539677,2,17781.0,2023,6,June,Friday,51119.39350912779,56+
51605,25.0,other,india,112741,image,travel,496.0,2397.0,1483.0,2226,92894,2023-03-02,151961,False,tablet,negative,#fitness #fashion,0.047107456,2,4376.0,2023,3,March,Thursday,52462.38691588785,18–25
24955,48.0,male,brazil,169360,image,tech,13060.0,30.0,1012.0,6031,12070,2022-04-30,548126,False,desktop,positive,#reels #music,1.21930406,2,14102.0,2022,4,April,Saturday,49193.1746031746,46–55
54049,37.0,female,australia,398432,video,tech,15656.0,1381.0,835.0,5044,68900,2022-06-27,114805,False,tablet,positive,#foodie #lifestyle #fun,0.259390421,3,17872.0,2022,6,June,Monday,48346.38336713996,36–45
23917,38.0,male,usa,232321,video,fitness,18805.0,21.0,1779.0,5625,74443,2022-05-09,667416,False,desktop,negative,#foodie #fun #tech,0.276788953,3,20605.0,2022,5,May,Monday,51263.87225548902,36–45
80293,56.0,female,india,254042,text,travel,1598.0,1312.0,1819.0,1850,30419,2023-07-17,315922,False,tablet,positive,#tech,0.155462047,1,4729.0,2023,7,July,Monday,52462.38691588785,56+
88581,38.0,female,usa,115565,image,lifestyle,4127.0,753.0,600.0,5932,69863,2023-02-22,268250,False,desktop,positive,#foodie #tech #fitness,0.078439231,3,5480.0,2023,2,February,Wednesday,51263.87225548902,36–45
74925,14.0,male,germany,419139,image,travel,13123.0,213.0,441.0,2546,26307,2023-07-08,647478,False,mobile,positive,#foodie #travel,0.523700916,2,13777.0,2023,7,July,Saturday,48605.40612244898,Under 18
80269,25.0,other,japan,839354,image,travel,5551.0,1497.0,1713.0,2724,30390,2022-11-14,59707,False,tablet,negative,#reels #tech,0.262421849,2,8761.0,2022,11,November,Monday,49616.13559322034,18–25
40954,43.0,male,france,675944,reel,travel,3590.0,1188.0,227.0,3674,97847,2023-08-30,470524,False,desktop,positive,#music #reels #tech,0.051151287,3,5005.0,2023,8,August,Wednesday,51727.67338709677,36–45
82617,41.0,female,australia,670053,video,fashion,12973.0,2187.0,873.0,3905,87309,2022-08-30,148182,False,tablet,positive,#music #fun #lifestyle,0.183635135,3,16033.0,2022,8,August,Tuesday,48346.38336713996,36–45
51458,62.0,male,uk,757374,text,fitness,16845.0,408.0,1602.0,3775,9236,2022-12-22,7273,False,tablet,negative,#love,2.041468168,1,18855.0,2022,12,December,Thursday,51119.39350912779,56+
99037,40.0,other,brazil,825840,text,education,4966.0,2485.0,1145.0,4387,5080,2023-07-27,31623,False,mobile,negative,#fun,1.692125984,1,8596.0,2023,7,July,Thursday,49193.1746031746,36–45
31113,39.0,other,uae,330324,video,food,15319.0,796.0,670.0,4683,89834,2023-03-14,367049,False,tablet,positive,#love #music,0.186844625,2,16785.0,2023,3,March,Tuesday,48928.41351888668,36–45
53939,27.0,female,canada,214794,video,food,11515.0,2060.0,1380.0,817,46444,2023-04-03,358918,False,tablet,positive,#lifestyle #fashion,0.322000689,2,14955.0,2023,4,April,Monday,48703.150097465885,26–35
39345,43.0,male,japan,733275,text,music,16549.0,2548.0,1291.0,2146,98235,2023-03-18,282517,False,mobile,neutral,#tech #lifestyle #love,0.207543136,3,20388.0,2023,3,March,Saturday,49616.13559322034,36–45
56313,52.0,other,australia,507228,reel,food,1728.0,1049.0,694.0,7774,56899,2022-08-16,654123,False,desktop,neutral,#fitness #fashion #love,0.06100283,3,3471.0,2022,8,August,Tuesday,48346.38336713996,46–55
79166,38.0,male,germany,884419,text,music,4697.0,2581.0,1508.0,180,73007,2023-02-12,479524,False,desktop,positive,#reels #fitness,0.120344624,2,8786.0,2023,2,February,Sunday,48605.40612244898,36–45
57861,45.0,other,australia,334068,reel,fashion,15730.0,860.0,868.0,7096,51207,2022-10-04,337114,False,desktop,negative,#tech #lifestyle,0.340929951,2,17458.0,2022,10,October,Tuesday,48346.38336713996,36–45
59298,32.0,female,uae,419642,reel,fitness,11366.0,75.0,1027.0,7570,65364,2022-01-18,43632,False,desktop,positive,#reels #travel #fashion,0.1907472,3,12468.0,2022,1,January,Tuesday,48928.41351888668,26–35
57221,54.0,female,france,955208,image,lifestyle,18557.0,365.0,1501.0,7833,2496,2022-11-07,210402,False,desktop,positive,#tech #lifestyle,8.182291667,2,20423.0,2022,11,November,Monday,51727.67338709677,46–55
54942,24.0,male,france,223675,video,fitness,37.0,1514.0,120.0,4469,2190,2022-11-20,328395,False,desktop,neutral,#foodie #travel,0.763013699,2,1671.0,2022,11,November,Sunday,51727.67338709677,18–25
13453,49.0,female,usa,161711,image,music,7486.0,840.0,741.0,5955,52075,2022-02-16,161679,False,mobile,neutral,#fitness #lifestyle,0.174114258,2,9067.0,2022,2,February,Wednesday,51263.87225548902,46–55
64935,21.0,other,india,142530,reel,fashion,2021.0,2934.0,1833.0,4719,84549,2023-06-14,217904,True,desktop,negative,#foodie #music #reels,0.080284805,3,6788.0,2023,6,June,Wednesday,52462.38691588785,18–25
53370,35.0,female,france,310339,text,lifestyle,6880.0,1583.0,1509.0,7850,89564,2023-12-14,534131,False,mobile,neutral,#foodie #travel,0.111339377,2,9972.0,2023,12,December,Thursday,51727.67338709677,26–35
18328,20.0,other,brazil,613207,image,travel,4521.0,498.0,1242.0,6396,37041,2023-05-15,793934,False,tablet,neutral,#reels #tech #foodie,0.169028914,3,6261.0,2023,5,May,Monday,49193.1746031746,18–25
25534,44.0,other,canada,511234,text,tech,8839.0,1369.0,693.0,6014,9351,2022-07-11,55799,False,mobile,neutral,#music #fitness,1.165757673,2,10901.0,2022,7,July,Monday,48703.150097465885,36–45
95280,60.0,female,germany,752524,reel,travel,3302.0,1780.0,1301.0,4958,32226,2022-02-18,458989,False,mobile,neutral,#travel #fitness,0.198069881,2,6383.0,2022,2,February,Friday,48605.40612244898,56+
94925,26.0,other,uae,904348,text,food,8511.0,1251.0,256.0,6265,39827,2022-04-04,585135,False,mobile,neutral,#love #fun,0.251537901,2,10018.0,2022,4,April,Monday,48928.41351888668,26–35
46320,39.0,other,uk,140376,image,travel,6368.0,698.0,1327.0,441,79121,2022-06-16,681352,False,mobile,neutral,#love #fashion #fun,0.106078032,3,8393.0,2022,6,June,Thursday,51119.39350912779,36–45
59170,37.0,male,france,997145,reel,fashion,10745.0,2727.0,42.0,7884,97283,2023-05-09,289419,False,desktop,negative,#music #lifestyle,0.138914302,2,13514.0,2023,5,May,Tuesday,51727.67338709677,36–45
90201,25.0,male,uk,740416,video,food,9914.0,2250.0,869.0,2292,9645,2022-09-11,40208,False,tablet,neutral,#fitness #foodie #tech,1.351270088,3,13033.0,2022,9,September,Sunday,51119.39350912779,18–25
18640,33.0,male,france,820406,image,tech,9948.0,2493.0,915.0,1662,27375,2022-02-26,475520,False,tablet,positive,#fitness,0.487890411,1,13356.0,2022,2,February,Saturday,51727.67338709677,26–35
40049,57.0,female,brazil,289814,image,lifestyle,11870.0,2565.0,1553.0,7658,79002,2022-01-06,383482,False,tablet,neutral,#tech #love,0.202374623,2,15988.0,2022,1,January,Thursday,49193.1746031746,56+
15618,43.0,male,uk,709854,video,music,5873.0,131.0,1733.0,870,9055,2022-08-26,717587,False,mobile,neutral,#foodie #tech #fun,0.854445058,3,7737.0,2022,8,August,Friday,51119.39350912779,36–45
66053,49.0,other,india,439269,reel,music,7498.0,1268.0,1712.0,2874,28747,2022-08-12,769688,True,mobile,positive,#lifestyle #love,0.364490208,2,10478.0,2022,8,August,Friday,52462.38691588785,46–55
11920,60.0,female,germany,711807,video,lifestyle,5635.0,90.0,587.0,7213,67962,2023-08-13,207234,True,desktop,positive,#lifestyle #reels #fitness,0.09287543,3,6312.0,2023,8,August,Sunday,48605.40612244898,56+
53937,55.0,female,canada,112437,image,music,764.0,1497.0,912.0,2499,49710,2022-01-20,702868,False,desktop,positive,#travel,0.043190505,1,3173.0,2022,1,January,Thursday,48703.150097465885,46–55
79724,17.0,female,brazil,162146,reel,food,17036.0,1988.0,1716.0,6439,35440,2022-07-23,278933,True,tablet,positive,#fitness,0.585214447,1,20740.0,2022,7,July,Saturday,49193.1746031746,Under 18
22207,25.0,female,india,127618,text,education,10105.5,1265.0,1173.0,5867,46634,2022-05-22,575412,False,mobile,positive,#lifestyle,0.31543509,1,12543.5,2022,5,May,Sunday,52462.38691588785,18–25
75774,40.0,other,canada,281839,image,education,15143.0,501.0,593.0,3212,48802,2023-01-11,789820,False,mobile,negative,#tech,0.332711774,1,16237.0,2023,1,January,Wednesday,48703.150097465885,36–45
42972,55.0,other,india,109705,text,travel,11794.0,2808.0,1033.0,1656,51791,2023-02-11,602209,False,mobile,positive,#reels,0.301886428,1,15635.0,2023,2,February,Saturday,52462.38691588785,46–55
20799,37.0,male,india,812506,video,education,10321.0,386.0,791.0,1896,69805,2022-03-21,318797,False,tablet,positive,#fashion,0.164715995,1,11498.0,2022,3,March,Monday,52462.38691588785,36–45
81088,63.0,female,india,319288,reel,music,145.0,1030.0,211.0,7688,9110,2022-07-29,501864,False,tablet,positive,#travel,0.152140505,1,1386.0,2022,7,July,Friday,52462.38691588785,56+
38916,47.0,male,usa,967344,video,fitness,5101.0,1111.0,1675.0,1089,6173,2022-11-08,241028,False,mobile,positive,#music,1.277660781,1,7887.0,2022,11,November,Tuesday,51263.87225548902,46–55
80463,59.0,other,canada,413894,text,fitness,4247.0,597.0,1283.0,482,61694,2023-01-12,48179,False,mobile,positive,#fun #reels,0.099312737,2,6127.0,2023,1,January,Thursday,48703.150097465885,56+
86700,51.0,female,india,584172,image,lifestyle,9578.0,907.0,1961.0,308,90730,2022-02-09,506129,False,tablet,positive,#love #music,0.137176237,2,12446.0,2022,2,February,Wednesday,52462.38691588785,46–55
47158,19.0,other,japan,668667,reel,fitness,4188.0,2914.0,1405.0,5579,89493,2022-12-19,260893,True,tablet,negative,#fitness,0.095057714,1,8507.0,2022,12,December,Monday,49616.13559322034,18–25
94607,50.0,male,japan,152682,video,food,10779.0,1354.0,1412.0,592,86011,2023-03-29,338172,False,desktop,positive,#fun #lifestyle #music,0.157479857,3,13545.0,2023,3,March,Wednesday,49616.13559322034,46–55
81696,44.0,other,france,295785,text,fitness,10105.5,2704.0,921.0,3843,90554,2023-02-27,651572,False,desktop,neutral,#reels #fashion #love,0.069803653,3,13730.5,2023,2,February,Monday,51727.67338709677,36–45
71510,15.0,female,germany,205894,text,fashion,8240.0,2389.0,1763.0,1018,72444,2023-12-15,104424,False,desktop,neutral,#fashion #music #foodie,0.171056264,3,12392.0,2023,12,December,Friday,48605.40612244898,Under 18
68692,57.0,female,uk,287991,image,lifestyle,14190.0,463.0,1978.0,4493,88207,2022-03-27,381275,True,mobile,negative,#fitness #tech #love,0.188545127,3,16631.0,2022,3,March,Sunday,51119.39350912779,56+
71744,51.0,male,france,160384,text,tech,19713.0,2509.0,1981.0,4564,73244,2023-07-09,637646,False,mobile,positive,#tech #fun #reels,0.330443449,3,24203.0,2023,7,July,Sunday,51727.67338709677,46–55
25810,49.0,female,usa,230512,reel,fitness,11781.0,1072.0,335.0,4712,13508,2022-08-24,697997,False,mobile,positive,#love #foodie,0.976310335,2,13188.0,2022,8,August,Wednesday,51263.87225548902,46–55
15126,62.0,other,japan,937560,text,fashion,10780.0,2866.0,1028.0,6535,22792,2023-02-19,428414,False,tablet,neutral,#fun #fashion #tech,0.643822394,3,14674.0,2023,2,February,Sunday,49616.13559322034,56+
40009,34.0,other,canada,121283,image,fashion,19865.0,1350.0,921.0,4192,27469,2023-08-05,686282,False,desktop,neutral,#fashion,0.805853872,1,22136.0,2023,8,August,Saturday,48703.150097465885,26–35
10192,20.0,other,germany,673794,video,food,4641.0,473.0,82.0,3261,48608,2022-12-22,681385,False,tablet,positive,#fashion #fun,0.106895984,2,5196.0,2022,12,December,Thursday,48605.40612244898,18–25
46413,29.0,other,germany,339173,reel,lifestyle,5559.0,887.0,1029.0,7084,14882,2023-10-05,168941,False,tablet,positive,#lifestyle,0.502284639,1,7475.0,2023,10,October,Thursday,48605.40612244898,26–35
22816,64.0,male,uk,808985,video,food,1260.0,938.0,151.0,7003,5226,2023-10-06,338085,False,tablet,positive,#fitness #fun #fashion,0.449483352,3,2349.0,2023,10,October,Friday,51119.39350912779,56+
49082,39.0,other,canada,791323,video,tech,17033.0,2415.0,1758.0,4290,64705,2022-09-05,752756,False,mobile,positive,#travel,0.32773356,1,21206.0,2022,9,September,Monday,48703.150097465885,36–45
75048,45.0,male,uae,343244,text,tech,11631.0,1310.0,1204.0,7101,49695,2023-10-29,150215,False,mobile,positive,#reels,0.284636281,1,14145.0,2023,10,October,Sunday,48928.41351888668,36–45
60940,58.0,other,uk,240251,text,music,3048.0,2770.0,1798.0,1357,3804,2023-08-24,230705,False,tablet,negative,#music #fitness,2.002103049,2,7616.0,2023,8,August,Thursday,51119.39350912779,56+
42130,29.0,male,germany,980872,image,travel,2023.0,2340.0,1801.0,82,83920,2022-08-17,422630,False,desktop,neutral,#lifestyle,0.073450906,1,6164.0,2022,8,August,Wednesday,48605.40612244898,26–35
50142,54.0,other,usa,623743,text,tech,2074.0,1086.0,1190.0,250,42577,2023-06-23,219373,False,mobile,positive,#fashion #foodie,0.102167837,2,4350.0,2023,6,June,Friday,51263.87225548902,46–55
46468,24.0,other,brazil,993081,text,lifestyle,12434.0,567.0,1493.0,1093,94344,2022-12-27,26712,False,mobile,neutral,#love #music,0.153629272,2,14494.0,2022,12,December,Tuesday,49193.1746031746,18–25
40698,60.0,male,brazil,592426,video,education,13155.0,873.0,77.0,5411,18040,2022-06-24,405352,False,tablet,positive,#lifestyle,0.781873614,1,14105.0,2022,6,June,Friday,49193.1746031746,56+
20655,58.0,female,japan,111955,reel,education,2312.0,2636.0,411.0,2387,24773,2023-01-09,487953,False,mobile,negative,#travel #love,0.216324224,2,5359.0,2023,1,January,Monday,49616.13559322034,56+
57897,39.0,female,germany,869432,text,lifestyle,3474.0,259.0,1577.0,1408,76689,2022-03-02,437199,False,desktop,positive,#reels #fun #travel,0.069240699,3,5310.0,2022,3,March,Wednesday,48605.40612244898,36–45
40075,60.0,female,usa,500414,reel,music,14171.0,1656.0,1597.0,6843,83064,2022-06-19,720248,False,tablet,neutral,#love #lifestyle #travel,0.209765964,3,17424.0,2022,6,June,Sunday,51263.87225548902,56+
19359,20.0,male,uk,560372,text,music,3260.0,2955.0,380.0,1481,79179,2023-05-22,301834,True,mobile,neutral,#travel #reels #music,0.083292287,3,6595.0,2023,5,May,Monday,51119.39350912779,18–25
52056,35.0,female,usa,406732,text,food,16341.0,183.0,947.0,7308,8759,2023-02-18,705715,False,tablet,positive,#tech #reels,1.994634091,2,17471.0,2023,2,February,Saturday,51263.87225548902,26–35
61831,54.0,female,australia,504982,image,fashion,5618.0,2194.0,789.0,3211,8645,2022-04-26,695097,False,tablet,neutral,#music #foodie #travel,0.994910353,3,8601.0,2022,4,April,Tuesday,48346.38336713996,46–55
69191,61.0,male,uk,196626,text,travel,12997.0,1817.0,312.0,1098,49323,2022-06-24,294563,False,desktop,neutral,#travel #tech,0.306672344,2,15126.0,2022,6,June,Friday,51119.39350912779,56+
43272,41.0,female,india,808930,image,education,1350.0,591.0,863.0,4195,9667,2023-02-28,623596,False,desktop,positive,#tech #lifestyle #foodie,0.290058963,3,2804.0,2023,2,February,Tuesday,52462.38691588785,36–45
24671,62.0,female,uk,956306,video,music,9285.0,1771.0,394.0,3728,66711,2022-05-08,603597,False,mobile,positive,#foodie #travel,0.171635862,2,11450.0,2022,5,May,Sunday,51119.39350912779,56+
37048,32.0,female,japan,804039,reel,education,6048.0,1432.0,1933.0,5294,9537,2023-05-04,524247,False,tablet,neutral,#travel #fashion,0.986998008,2,9413.0,2023,5,May,Thursday,49616.13559322034,26–35
86274,28.0,male,brazil,477261,text,tech,8141.0,1017.0,542.0,3892,9315,2022-01-05,109123,False,mobile,neutral,#music,1.041331186,1,9700.0,2022,1,January,Wednesday,49193.1746031746,26–35
35963,29.0,male,uk,770504,image,fashion,11288.0,2487.0,3.0,732,32168,2022-11-22,415215,False,mobile,negative,#fitness #travel,0.428313852,2,13778.0,2022,11,November,Tuesday,51119.39350912779,26–35
53954,28.0,female,india,507000,video,food,1854.0,1481.0,108.0,322,53807,2023-11-29,749310,False,mobile,negative,#fashion #tech,0.063987957,2,3443.0,2023,11,November,Wednesday,52462.38691588785,26–35
82309,31.0,male,australia,692247,text,music,18650.0,228.0,917.0,7644,87306,2022-06-21,301830,False,desktop,positive,#fashion #music #travel,0.226731267,3,19795.0,2022,6,June,Tuesday,48346.38336713996,26–35
10717,20.0,male,usa,632560,image,fitness,16944.0,1596.0,885.0,2057,62846,2022-07-18,489288,False,tablet,positive,#fun #lifestyle #travel,0.309088884,3,19425.0,2022,7,July,Monday,51263.87225548902,18–25
21676,50.0,female,canada,232645,image,travel,7546.0,2779.0,92.0,3060,59992,2022-08-19,486446,False,tablet,neutral,#fitness,0.173639819,1,10417.0,2022,8,August,Friday,48703.150097465885,46–55
14434,50.0,male,brazil,124419,video,lifestyle,15553.0,1368.0,1122.0,7213,4562,2023-09-19,425901,False,desktop,neutral,#tech #love #foodie,3.955063569,3,18043.0,2023,9,September,Tuesday,49193.1746031746,46–55
59810,41.0,female,usa,837699,text,fashion,7207.0,1624.0,191.0,3700,3207,2022-11-29,356057,False,desktop,positive,#reels,2.813221079,1,9022.0,2022,11,November,Tuesday,51263.87225548902,36–45
14994,53.0,male,australia,591986,text,food,6486.0,2994.0,332.0,5635,21186,2023-04-11,280374,False,mobile,negative,#love,0.463136033,1,9812.0,2023,4,April,Tuesday,48346.38336713996,46–55
14234,48.0,other,canada,148555,reel,food,18767.0,1287.0,1235.0,3384,84595,2023-02-28,495043,False,mobile,positive,#fitness #music #fun,0.251657899,3,21289.0,2023,2,February,Tuesday,48703.150097465885,46–55
79300,38.0,other,germany,236248,text,travel,6147.0,739.0,1618.0,1261,52298,2022-11-09,70871,False,desktop,positive,#travel,0.162606601,1,8504.0,2022,11,November,Wednesday,48605.40612244898,36–45
53949,43.0,male,france,267233,image,travel,10017.0,2425.0,1230.0,805,18183,2023-06-07,171285,False,desktop,negative,#love #music,0.751911126,2,13672.0,2023,6,June,Wednesday,51727.67338709677,36–45
47405,56.0,other,japan,818800,reel,music,15094.0,953.0,626.0,5003,58045,2023-02-28,697760,False,tablet,positive,#foodie #fashion,0.287242657,2,16673.0,2023,2,February,Tuesday,49616.13559322034,56+
44872,24.0,female,usa,863421,reel,tech,7664.0,2647.0,985.0,7198,70351,2023-09-08,207981,True,tablet,positive,#lifestyle #foodie,0.160566303,2,11296.0,2023,9,September,Friday,51263.87225548902,18–25
52215,29.0,male,uae,814222,text,tech,14573.0,2070.0,1787.0,1533,48823,2022-06-24,734115,False,tablet,neutral,#reels #foodie #music,0.377486021,3,18430.0,2022,6,June,Friday,48928.41351888668,26–35
33185,27.0,male,canada,222082,reel,lifestyle,10105.5,2340.0,572.0,2041,41314,2023-01-09,363139,False,desktop,positive,#tech,0.111221378,1,13017.5,2023,1,January,Monday,48703.150097465885,26–35
53442,21.0,female,germany,770524,image,lifestyle,9390.0,1290.0,355.0,4225,11269,2023-09-24,19662,False,mobile,positive,#foodie #tech #fashion,0.97923507,3,11035.0,2023,9,September,Sunday,48605.40612244898,18–25
61759,51.0,female,uae,570974,image,music,1009.0,475.0,1925.0,3824,54571,2022-08-25,426960,False,tablet,negative,#travel #tech #lifestyle,0.062469077,3,3409.0,2022,8,August,Thursday,48928.41351888668,46–55
51153,54.0,male,france,609939,video,travel,15820.0,2999.0,1276.0,3456,82855,2023-03-19,412571,False,desktop,positive,#fashion,0.242532134,1,20095.0,2023,3,March,Sunday,51727.67338709677,46–55
87535,60.0,female,france,649667,image,travel,9899.0,1972.0,590.0,3664,1950,2022-02-07,699815,False,desktop,negative,#foodie #fitness,6.39025641,2,12461.0,2022,2,February,Monday,51727.67338709677,56+
12581,24.0,male,brazil,322261,video,fashion,18656.0,2498.0,195.0,3096,54016,2023-06-23,374051,False,mobile,positive,#fitness #tech,0.395234745,2,21349.0,2023,6,June,Friday,49193.1746031746,18–25
61717,44.0,female,uae,380512,reel,tech,2612.0,1497.0,261.0,7428,52354,2023-09-27,454648,True,tablet,neutral,#travel #fun,0.07200978,2,4370.0,2023,9,September,Wednesday,48928.41351888668,36–45
12763,37.0,male,brazil,844401,video,food,7226.0,2034.0,321.0,5679,69285,2022-06-05,736172,True,tablet,negative,#love #tech #lifestyle,0.1382839,3,9581.0,2022,6,June,Sunday,49193.1746031746,36–45
65480,51.0,female,brazil,525987,text,education,4341.0,284.0,419.0,7565,88764,2023-12-30,181239,False,desktop,negative,#lifestyle,0.056824839,1,5044.0,2023,12,December,Saturday,49193.1746031746,46–55
48759,30.0,female,brazil,558166,video,education,17926.0,1185.0,1521.0,4659,84553,2022-07-13,780339,False,tablet,positive,#fun #fitness,0.244012631,2,20632.0,2022,7,July,Wednesday,49193.1746031746,26–35
86067,27.0,other,brazil,271317,text,education,17621.0,589.0,1934.0,1353,35174,2022-06-10,757927,False,mobile,positive,#love,0.572695741,1,20144.0,2022,6,June,Friday,49193.1746031746,26–35
35307,44.0,other,germany,728590,reel,music,11167.0,121.0,331.0,148,45408,2023-10-02,659129,False,tablet,positive,#tech,0.255880021,1,11619.0,2023,10,October,Monday,48605.40612244898,36–45
21064,18.0,other,japan,723194,video,tech,5709.0,1135.0,1319.0,5528,66129,2023-11-21,610171,False,mobile,positive,#love #reels,0.123440548,2,8163.0,2023,11,November,Tuesday,49616.13559322034,Under 18
86848,56.0,female,uk,667615,image,tech,13240.0,1262.0,1259.0,5730,60749,2022-05-06,585506,False,desktop,positive,#foodie #reels,0.2594446,2,15761.0,2022,5,May,Friday,51119.39350912779,56+
47548,55.0,male,germany,801814,text,travel,2263.0,2558.0,680.0,6722,58574,2023-11-17,622124,False,mobile,positive,#lifestyle #fashion,0.093915389,2,5501.0,2023,11,November,Friday,48605.40612244898,46–55
46945,64.0,female,australia,980219,reel,education,16666.0,1.0,6.0,7163,87720,2023-07-01,176551,False,mobile,positive,#music #reels,0.190070679,2,16673.0,2023,7,July,Saturday,48346.38336713996,56+
57937,47.0,other,brazil,616596,image,travel,7998.0,891.0,533.0,7889,12723,2022-08-27,445597,False,mobile,positive,#tech #travel #fun,0.740548613,3,9422.0,2022,8,August,Saturday,49193.1746031746,46–55
16476,46.0,female,canada,802101,text,tech,10105.5,798.0,1012.0,1783,28460,2022-02-10,126434,False,mobile,neutral,#music,0.6037948,1,11915.5,2022,2,February,Thursday,48703.150097465885,46–55
61756,38.0,other,canada,656265,reel,fitness,7740.0,628.0,1523.0,6262,10392,2022-07-05,454651,False,desktop,positive,#fitness #fun #fashion,0.951789838,3,9891.0,2022,7,July,Tuesday,48703.150097465885,36–45
12382,38.0,other,uae,361456,reel,fitness,10812.0,1904.0,617.0,5553,12307,2023-04-06,96805,False,mobile,neutral,#love #fitness #fashion,1.083367189,3,13333.0,2023,4,April,Thursday,48928.41351888668,36–45
59683,30.0,male,uae,106714,image,lifestyle,19670.0,460.0,138.0,2275,69676,2023-11-26,350932,False,desktop,positive,#music #lifestyle #love,0.290889259,3,20268.0,2023,11,November,Sunday,48928.41351888668,26–35
97999,28.0,male,australia,206680,reel,tech,14228.0,2999.0,1409.0,614,67503,2023-01-24,218948,False,tablet,negative,#music,0.276076619,1,18636.0,2023,1,January,Tuesday,48346.38336713996,26–35
55276,20.0,other,germany,963669,video,education,13532.0,1973.0,541.0,1824,35602,2022-09-18,665525,False,tablet,positive,#love,0.450705017,1,16046.0,2022,9,September,Sunday,48605.40612244898,18–25
43402,37.0,other,canada,508107,reel,music,1882.0,971.0,1012.0,239,31885,2023-02-10,283716,False,tablet,neutral,#reels,0.099607966,1,3865.0,2023,2,February,Friday,48703.150097465885,36–45
36946,44.0,female,india,594771,text,fitness,6187.0,1264.0,948.0,912,68967,2023-06-30,756805,False,tablet,positive,#travel #foodie,0.121782882,2,8399.0,2023,6,June,Friday,52462.38691588785,36–45
89698,38.0,other,india,676587,text,music,18659.0,2861.0,600.0,7399,52692,2023-03-25,10018,True,desktop,positive,#tech #reels #lifestyle,0.419798072,3,22120.0,2023,3,March,Saturday,52462.38691588785,36–45
83933,64.0,female,uk,558383,text,music,14652.0,53.0,1940.0,3013,49461,2023-11-30,316002,False,desktop,positive,#lifestyle #fashion,0.336527769,2,16645.0,2023,11,November,Thursday,51119.39350912779,56+
32335,34.0,other,india,951556,video,lifestyle,8792.0,1490.0,1012.0,5409,32309,2023-02-05,642603,True,tablet,negative,#lifestyle #fun,0.370485004,2,11294.0,2023,2,February,Sunday,52462.38691588785,26–35
55095,43.0,male,usa,979484,image,lifestyle,18407.0,108.0,72.0,5273,24590,2022-11-03,22731,False,mobile,positive,#lifestyle #travel #fashion,0.755876373,3,18587.0,2022,11,November,Thursday,51263.87225548902,36–45
89930,55.0,male,brazil,927344,video,tech,16850.0,279.0,839.0,3753,37976,2022-05-17,755252,False,tablet,positive,#foodie #fashion #travel,0.473140931,3,17968.0,2022,5,May,Tuesday,49193.1746031746,46–55
37197,22.0,other,australia,568668,video,lifestyle,3950.0,1688.0,1412.0,158,46532,2022-07-21,19301,True,tablet,negative,#fun,0.151508639,1,7050.0,2022,7,July,Thursday,48346.38336713996,18–25
32010,24.0,female,uae,168446,video,travel,3889.0,1698.0,1261.0,7792,51981,2023-10-17,298511,False,tablet,positive,#fashion #lifestyle,0.131740444,2,6848.0,2023,10,October,Tuesday,48928.41351888668,18–25
34123,40.0,female,usa,314862,reel,travel,18976.0,1080.0,987.0,4658,78817,2023-09-13,55729,False,desktop,neutral,#foodie #tech #fashion,0.266985549,3,21043.0,2023,9,September,Wednesday,51263.87225548902,36–45
97923,18.0,female,japan,161516,image,travel,9211.0,2887.0,1345.0,4571,12361,2022-06-06,516949,False,tablet,neutral,#tech #reels,1.087533371,2,13443.0,2022,6,June,Monday,49616.13559322034,Under 18
12890,32.0,other,brazil,749511,reel,food,17931.0,2884.0,1364.0,547,97071,2022-09-12,430810,False,tablet,positive,#tech #travel #reels,0.228482245,3,22179.0,2022,9,September,Monday,49193.1746031746,26–35
18026,17.0,other,canada,537466,video,music,13089.0,2251.0,1786.0,5132,30190,2022-06-30,453879,False,tablet,neutral,#reels #fun #music,0.567273932,3,17126.0,2022,6,June,Thursday,48703.150097465885,Under 18
74925,35.0,male,brazil,791476,text,travel,15566.0,544.0,1328.0,2900,31668,2023-02-13,680600,False,desktop,neutral,#fitness #love,0.550650499,2,17438.0,2023,2,February,Monday,49193.1746031746,26–35
78842,21.0,male,uae,183521,video,education,4436.0,2356.0,1031.0,7674,70406,2022-01-28,329484,False,tablet,neutral,#fashion #lifestyle #reels,0.111112689,3,7823.0,2022,1,January,Friday,48928.41351888668,18–25
43665,41.0,other,france,515367,image,travel,17087.0,527.0,1230.0,2265,37068,2023-10-25,384577,False,tablet,positive,#fun #love #travel,0.508363009,3,18844.0,2023,10,October,Wednesday,51727.67338709677,36–45
19277,28.0,male,france,695654,text,tech,8497.0,1931.0,410.0,754,53013,2023-09-04,139137,True,mobile,positive,#music,0.20444042,1,10838.0,2023,9,September,Monday,51727.67338709677,26–35
52239,58.0,female,usa,275369,image,fitness,7636.0,1008.0,257.0,734,74975,2023-05-30,776799,False,tablet,neutral,#fun,0.118719573,1,8901.0,2023,5,May,Tuesday,51263.87225548902,56+
57664,34.0,female,germany,665176,video,education,11979.0,1241.0,1819.0,3791,44841,2023-06-29,700053,False,desktop,positive,#love #fun,0.335385027,2,15039.0,2023,6,June,Thursday,48605.40612244898,26–35
58008,20.0,other,canada,418339,image,fitness,9065.0,616.0,650.0,7134,31942,2022-07-18,710888,False,mobile,neutral,#travel #tech #music,0.323429967,3,10331.0,2022,7,July,Monday,48703.150097465885,18–25
24683,32.0,female,uae,970442,reel,travel,1581.0,1612.0,1069.0,2828,47209,2022-03-10,596371,False,tablet,neutral,#lifestyle #music,0.090279396,2,4262.0,2022,3,March,Thursday,48928.41351888668,26–35
10670,63.0,other,uae,826376,text,music,3957.0,2078.0,125.0,4317,91502,2023-08-25,314285,False,desktop,neutral,#lifestyle,0.067320933,1,6160.0,2023,8,August,Friday,48928.41351888668,56+
99211,26.0,female,uae,306051,image,travel,4590.0,99.0,1044.0,2335,52366,2022-01-17,275928,False,mobile,positive,#tech,0.109479433,1,5733.0,2022,1,January,Monday,48928.41351888668,26–35
27889,51.0,other,india,597890,text,travel,19716.0,2714.0,1193.0,1924,55946,2023-06-30,510853,False,desktop,positive,#fashion #travel #foodie,0.422246452,3,23623.0,2023,6,June,Friday,52462.38691588785,46–55
65612,49.0,female,uae,285406,text,lifestyle,14913.0,2851.0,543.0,523,48145,2022-03-01,288006,False,mobile,negative,#tech #fashion,0.38024717,2,18307.0,2022,3,March,Tuesday,48928.41351888668,46–55
54535,62.0,female,france,722762,video,tech,18069.0,1338.0,1439.0,1510,25349,2022-07-03,558113,False,desktop,positive,#fun #tech,0.822359856,2,20846.0,2022,7,July,Sunday,51727.67338709677,56+
88542,46.0,male,japan,754274,video,tech,9797.0,494.0,454.0,2746,29990,2022-12-31,660239,False,mobile,neutral,#travel #tech,0.358286095,2,10745.0,2022,12,December,Saturday,49616.13559322034,46–55
64319,23.0,male,australia,692633,text,music,7531.0,2518.0,661.0,4776,43431,2023-03-10,466859,False,tablet,neutral,#tech,0.246598052,1,10710.0,2023,3,March,Friday,48346.38336713996,18–25
31639,38.0,male,brazil,746905,image,tech,13825.0,741.0,1229.0,5924,56011,2022-07-18,618860,False,tablet,neutral,#love #foodie,0.281998179,2,15795.0,2022,7,July,Monday,49193.1746031746,36–45
74712,45.0,male,australia,258002,text,fitness,6911.0,1538.0,1356.0,6467,5284,2022-08-20,166049,False,tablet,negative,#fitness,1.855601817,1,9805.0,2022,8,August,Saturday,48346.38336713996,36–45
26633,43.0,male,france,159117,video,education,5731.0,733.0,1044.0,617,37164,2023-12-24,478370,False,tablet,negative,#fun,0.202023464,1,7508.0,2023,12,December,Sunday,51727.67338709677,36–45
44660,56.0,male,france,909527,image,education,17279.0,1656.0,917.0,7343,90068,2023-01-03,524023,False,mobile,neutral,#fitness,0.220411245,1,19852.0,2023,1,January,Tuesday,51727.67338709677,56+
78975,46.0,other,japan,832842,text,food,14790.0,1806.0,1825.0,860,53589,2023-03-06,450983,False,mobile,negative,#music,0.343745918,1,18421.0,2023,3,March,Monday,49616.13559322034,46–55
42172,62.0,other,uk,103991,video,fitness,13455.0,997.0,1673.0,6184,15466,2023-07-18,296248,False,mobile,neutral,#travel #reels,1.042609595,2,16125.0,2023,7,July,Tuesday,51119.39350912779,56+
69197,19.0,male,usa,123519,text,tech,11455.0,1497.0,1088.0,7991,97598,2022-04-29,614817,False,mobile,positive,#fashion,0.152882231,1,14040.0,2022,4,April,Friday,51263.87225548902,18–25
68847,61.0,other,india,913089,text,music,12045.0,1753.0,1600.0,7492,60345,2022-11-26,791402,False,mobile,positive,#reels,0.255166128,1,15398.0,2022,11,November,Saturday,52462.38691588785,56+
21577,35.0,male,germany,887258,text,fashion,18730.0,2299.0,87.0,5880,42547,2022-08-03,757639,False,mobile,neutral,#fun #fitness #reels,0.496298211,3,21116.0,2022,8,August,Wednesday,48605.40612244898,26–35
87299,58.0,other,uae,273697,image,food,3531.0,1761.0,1858.0,5386,9259,2022-11-18,512723,False,tablet,positive,#fun #reels #fitness,0.772221622,3,7150.0,2022,11,November,Friday,48928.41351888668,56+
30176,19.0,female,uae,968481,video,travel,10666.0,1024.0,1502.0,7901,3112,2022-05-29,784005,False,mobile,positive,#fun,4.23907455,1,13192.0,2022,5,May,Sunday,48928.41351888668,18–25
54386,37.0,other,japan,642089,video,lifestyle,18245.0,1482.0,1066.0,4488,18836,2023-02-12,408158,False,desktop,positive,#fashion,1.103896793,1,20793.0,2023,2,February,Sunday,49616.13559322034,36–45
73972,15.0,other,uk,523062,reel,fitness,4852.0,1668.0,1906.0,5232,70045,2023-11-19,625758,False,desktop,positive,#fun,0.120294097,1,8426.0,2023,11,November,Sunday,51119.39350912779,Under 18
99791,50.0,other,uae,139566,text,lifestyle,16414.0,1497.0,1960.0,1307,23105,2023-01-12,752160,False,desktop,positive,#love #fun,0.843410517,2,19871.0,2023,1,January,Thursday,48928.41351888668,46–55
51003,32.0,female,india,778517,text,food,14281.0,2565.0,1164.0,5909,35711,2022-11-16,430010,False,mobile,neutral,#fun #music #foodie,0.504326398,3,18010.0,2022,11,November,Wednesday,52462.38691588785,26–35
29996,46.0,male,usa,259435,reel,music,15770.0,1779.0,1397.0,6346,50134,2022-01-05,252675,False,tablet,negative,#reels #travel,0.377907209,2,18946.0,2022,1,January,Wednesday,51263.87225548902,46–55
96598,61.0,other,india,492938,text,education,10105.5,2120.0,515.0,2900,32254,2023-02-06,441055,False,desktop,positive,#lifestyle,0.527748496,1,12740.5,2023,2,February,Monday,52462.38691588785,56+
45931,56.0,other,uk,813297,image,music,16626.0,2203.0,499.0,2821,32449,2023-09-20,196831,True,mobile,neutral,#fitness,0.595642393,1,19328.0,2023,9,September,Wednesday,51119.39350912779,56+
45710,56.0,female,france,641709,reel,fashion,12973.0,722.0,1302.0,3865,77256,2022-07-22,536661,False,mobile,positive,#fashion #lifestyle,0.194120845,2,14997.0,2022,7,July,Friday,51727.67338709677,56+
44693,42.0,male,india,356080,video,food,13923.0,2116.0,325.0,7311,55466,2022-02-06,61791,False,tablet,positive,#travel #fun #foodie,0.295027584,3,16364.0,2022,2,February,Sunday,52462.38691588785,36–45
45740,29.0,other,australia,357230,text,fitness,5511.0,470.0,1441.0,3314,34773,2022-02-23,753499,False,mobile,negative,#fitness #tech #reels,0.213441463,3,7422.0,2022,2,February,Wednesday,48346.38336713996,26–35
87241,22.0,female,india,178027,video,tech,5508.0,1497.0,552.0,6925,98113,2022-10-15,220367,False,mobile,neutral,#travel,0.087643839,1,7557.0,2022,10,October,Saturday,52462.38691588785,18–25
86502,47.0,male,france,631834,text,travel,4668.0,2347.0,1937.0,34,81008,2022-10-11,777916,False,desktop,neutral,#love,0.110507604,1,8952.0,2022,10,October,Tuesday,51727.67338709677,46–55
27374,32.0,male,uae,433583,reel,tech,6087.0,1497.0,887.0,7977,14841,2023-08-21,725927,False,desktop,neutral,#foodie #fashion,0.586752914,2,8471.0,2023,8,August,Monday,48928.41351888668,26–35
86674,30.0,other,brazil,801983,video,tech,7015.0,1229.0,995.0,2100,96302,2022-02-14,528172,False,desktop,negative,#tech #fun,0.095937779,2,9239.0,2022,2,February,Monday,49193.1746031746,26–35
91471,57.0,other,brazil,902838,text,music,6662.0,2965.0,1625.0,6646,99944,2022-10-11,133551,False,desktop,negative,#love,0.112583047,1,11252.0,2022,10,October,Tuesday,49193.1746031746,56+
55913,56.0,other,brazil,492353,image,fitness,11614.0,2760.0,992.0,1379,89209,2023-08-05,79775,False,desktop,positive,#fun #reels,0.172247195,2,15366.0,2023,8,August,Saturday,49193.1746031746,56+
76025,38.0,other,uae,371969,reel,tech,4003.0,2798.0,1791.0,4245,18482,2022-02-11,711129,False,mobile,positive,#love,0.464884753,1,8592.0,2022,2,February,Friday,48928.41351888668,36–45
54516,61.0,female,japan,341569,text,music,598.0,2454.0,928.0,436,97250,2023-02-21,505564,False,mobile,neutral,#tech #lifestyle,0.04092545,2,3980.0,2023,2,February,Tuesday,49616.13559322034,56+
97796,48.0,female,usa,396317,text,tech,18579.0,2986.0,920.0,4545,83352,2022-09-29,515743,False,tablet,neutral,#music #foodie,0.269759574,2,22485.0,2022,9,September,Thursday,51263.87225548902,46–55
36069,35.0,other,usa,361536,text,fitness,69.0,2627.0,307.0,2572,19850,2022-05-21,440024,False,desktop,negative,#foodie #fashion,0.151284635,2,3003.0,2022,5,May,Saturday,51263.87225548902,26–35
66233,44.0,male,uae,417763,reel,music,8139.0,1945.0,656.0,4362,75400,2023-07-25,491182,False,desktop,positive,#foodie #fun #travel,0.142440318,3,10740.0,2023,7,July,Tuesday,48928.41351888668,36–45
94811,22.0,other,india,445258,text,fitness,9585.0,2629.0,1330.0,3979,80002,2022-02-16,728408,False,desktop,neutral,#fashion,0.169295768,1,13544.0,2022,2,February,Wednesday,52462.38691588785,18–25
69049,23.0,male,germany,469215,text,fashion,3659.0,2846.0,1922.0,5728,7329,2022-06-16,782980,False,desktop,positive,#lifestyle,1.1498158,1,8427.0,2022,6,June,Thursday,48605.40612244898,18–25
49178,50.0,male,usa,396518,video,tech,5634.0,528.0,1846.0,6229,70976,2023-09-14,27655,False,desktop,neutral,#fun #reels #travel,0.112826871,3,8008.0,2023,9,September,Thursday,51263.87225548902,46–55
42821,38.0,male,australia,796771,video,food,18665.0,136.0,469.0,308,40394,2022-05-06,637392,False,mobile,positive,#fun #lifestyle,0.477051047,2,19270.0,2022,5,May,Friday,48346.38336713996,36–45
61727,53.0,female,australia,426512,reel,education,6822.0,2266.0,1207.0,4360,93876,2023-04-17,230299,True,mobile,positive,#love,0.109665942,1,10295.0,2023,4,April,Monday,48346.38336713996,46–55
70935,59.0,male,canada,894748,reel,travel,3682.0,2565.0,1654.0,491,69090,2023-09-13,61808,False,desktop,positive,#love #foodie,0.114358084,2,7901.0,2023,9,September,Wednesday,48703.150097465885,56+
26999,46.0,male,australia,603166,image,lifestyle,2683.0,1471.0,624.0,5702,3916,2023-11-08,216138,False,mobile,negative,#reels #music #fashion,1.220122574,3,4778.0,2023,11,November,Wednesday,48346.38336713996,46–55
72522,48.0,female,usa,896988,text,travel,4562.0,2179.0,290.0,5136,5737,2023-01-05,347738,False,desktop,negative,#fashion #music,1.225553425,2,7031.0,2023,1,January,Thursday,51263.87225548902,46–55
48712,49.0,male,germany,728842,video,fitness,4652.0,2035.0,248.0,5308,34228,2023-08-11,529891,False,tablet,positive,#foodie #tech,0.202611897,2,6935.0,2023,8,August,Friday,48605.40612244898,46–55
74551,29.0,male,france,331059,video,music,13181.0,1386.0,323.0,521,6074,2022-01-07,667874,False,desktop,positive,#music #fun,2.451432335,2,14890.0,2022,1,January,Friday,51727.67338709677,26–35
50172,52.0,other,brazil,518698,text,lifestyle,9502.0,1367.0,1466.0,5285,49815,2023-11-29,624207,False,tablet,neutral,#foodie #tech #travel,0.24761618,3,12335.0,2023,11,November,Wednesday,49193.1746031746,46–55
43722,52.0,male,india,144494,text,fitness,4713.0,1719.0,603.0,1914,39169,2022-10-03,379998,False,tablet,negative,#lifestyle #love,0.179606321,2,7035.0,2022,10,October,Monday,52462.38691588785,46–55
20625,24.0,male,france,971103,reel,education,5413.0,1041.0,58.0,5670,22640,2023-08-14,208373,False,desktop,positive,#music,0.287632509,1,6512.0,2023,8,August,Monday,51727.67338709677,18–25
77165,33.0,male,germany,582640,image,music,2075.0,1748.0,1012.0,6130,13597,2022-03-06,8550,False,desktop,positive,#reels #fun #travel,0.356181511,3,4835.0,2022,3,March,Sunday,48605.40612244898,26–35
86509,38.0,male,japan,132481,image,education,782.0,559.0,268.0,2925,49985,2023-09-19,24779,False,desktop,neutral,#love #travel,0.032189657,2,1609.0,2023,9,September,Tuesday,49616.13559322034,36–45
16859,38.0,male,brazil,128401,reel,fashion,10105.5,1497.0,1341.0,1368,25428,2022-07-21,245337,False,desktop,neutral,#reels,0.48883121,1,12943.5,2022,7,July,Thursday,49193.1746031746,36–45
51609,15.0,female,canada,664719,reel,tech,11909.0,927.0,93.0,3290,59800,2022-05-22,620577,False,mobile,neutral,#fashion #travel,0.216204013,2,12929.0,2022,5,May,Sunday,48703.150097465885,Under 18
53307,30.0,male,japan,426603,video,fitness,14962.0,2379.0,1277.0,2141,95328,2022-04-08,656573,False,mobile,positive,#fashion #love #fun,0.195304632,3,18618.0,2022,4,April,Friday,49616.13559322034,26–35
31839,63.0,male,usa,452617,reel,education,15853.0,1773.0,686.0,3229,54426,2022-08-05,52018,False,tablet,neutral,#love #travel,0.33645684,2,18312.0,2022,8,August,Friday,51263.87225548902,56+
37216,31.0,female,germany,223311,image,fitness,17441.0,2366.0,1483.0,5994,84994,2023-08-09,474743,False,desktop,neutral,#love #tech #lifestyle,0.25048827,3,21290.0,2023,8,August,Wednesday,48605.40612244898,26–35
62953,59.0,female,brazil,348482,video,travel,2054.0,1800.0,514.0,4129,4086,2022-10-20,582066,False,mobile,negative,#fun #travel,1.069016153,2,4368.0,2022,10,October,Thursday,49193.1746031746,56+
94481,18.0,male,canada,744615,image,tech,14375.0,1549.0,532.0,2848,43775,2023-05-23,372409,False,mobile,positive,#fashion #love,0.37592233,2,16456.0,2023,5,May,Tuesday,48703.150097465885,Under 18
70593,28.0,male,india,834042,text,fashion,11593.0,1811.0,1127.0,6559,67421,2022-05-14,576285,True,mobile,neutral,#travel #foodie #fashion,0.21552632,3,14531.0,2022,5,May,Saturday,52462.38691588785,26–35
82075,20.0,male,india,541720,image,education,13196.0,979.0,1856.0,3577,16368,2022-09-19,94881,False,tablet,negative,#travel #music #fun,0.979411046,3,16031.0,2022,9,September,Monday,52462.38691588785,18–25
59522,60.0,other,uae,496439,video,music,10105.5,166.0,401.0,5609,80481,2022-10-11,361554,False,mobile,neutral,#tech,0.033250084,1,10672.5,2022,10,October,Tuesday,48928.41351888668,56+
14886,30.0,other,usa,564193,image,fitness,1320.0,146.0,1804.0,2571,19117,2022-04-12,567029,False,desktop,positive,#music,0.171051943,1,3270.0,2022,4,April,Tuesday,51263.87225548902,26–35
17485,64.0,male,australia,339198,video,fitness,14714.0,2986.0,966.0,232,65184,2023-01-12,798116,False,mobile,negative,#tech,0.286358616,1,18666.0,2023,1,January,Thursday,48346.38336713996,56+
41455,60.0,female,germany,140149,video,music,15987.0,444.0,1356.0,1622,39948,2022-07-25,540057,False,desktop,negative,#tech #reels #fun,0.44525383,3,17787.0,2022,7,July,Monday,48605.40612244898,56+
26767,55.0,male,canada,637151,reel,fitness,4417.0,2117.0,720.0,6137,51344,2023-10-15,534199,False,mobile,negative,#fashion #reels,0.141282331,2,7254.0,2023,10,October,Sunday,48703.150097465885,46–55
38453,51.0,female,canada,989920,image,travel,3699.0,1351.0,876.0,2652,40682,2022-01-13,479262,False,desktop,positive,#lifestyle #fitness #reels,0.145666388,3,5926.0,2022,1,January,Thursday,48703.150097465885,46–55
86280,61.0,female,australia,260636,reel,education,17116.0,2880.0,607.0,6250,14133,2022-05-03,126957,False,tablet,negative,#foodie,1.457793816,1,20603.0,2022,5,May,Tuesday,48346.38336713996,56+
63442,61.0,female,australia,844984,reel,fitness,13668.0,918.0,92.0,1216,42865,2022-01-10,1509,False,mobile,positive,#fashion #travel,0.342423889,2,14678.0,2022,1,January,Monday,48346.38336713996,56+
61877,24.0,male,japan,646787,image,fitness,6562.0,2663.0,1580.0,3539,11655,2023-08-15,767924,True,mobile,positive,#lifestyle,0.927069927,1,10805.0,2023,8,August,Tuesday,49616.13559322034,18–25
22226,57.0,male,brazil,338691,video,travel,19933.0,1252.0,573.0,521,94571,2022-06-16,194432,True,tablet,negative,#foodie #fun #lifestyle,0.230070529,3,21758.0,2022,6,June,Thursday,49193.1746031746,56+
32588,22.0,female,japan,357128,text,fitness,13647.0,1851.0,1565.0,4732,89455,2023-09-03,106487,False,tablet,negative,#love #fun,0.190743949,2,17063.0,2023,9,September,Sunday,49616.13559322034,18–25
88976,19.0,other,uk,451362,image,music,16359.0,1673.0,970.0,2834,27731,2023-12-20,262199,False,tablet,positive,#travel #tech,0.68522592,2,19002.0,2023,12,December,Wednesday,51119.39350912779,18–25
41709,58.0,other,uk,656420,reel,tech,14202.0,318.0,1805.0,3066,50500,2022-05-31,128854,False,desktop,positive,#love #foodie #fun,0.323267327,3,16325.0,2022,5,May,Tuesday,51119.39350912779,56+
57788,13.0,other,usa,226272,reel,tech,8796.0,35.0,436.0,7446,29002,2022-02-06,596812,False,desktop,negative,#fitness,0.319529688,1,9267.0,2022,2,February,Sunday,51263.87225548902,Under 18
98031,61.0,female,uae,759893,video,travel,1722.0,1653.0,1033.0,3199,1825,2023-04-19,204826,False,mobile,positive,#love #lifestyle #fitness,2.415342466,3,4408.0,2023,4,April,Wednesday,48928.41351888668,56+
47019,48.0,male,germany,838322,reel,tech,10596.0,254.0,455.0,340,51953,2023-03-20,270303,False,desktop,neutral,#travel #fashion #reels,0.217600524,3,11305.0,2023,3,March,Monday,48605.40612244898,46–55
54948,33.0,female,canada,442240,text,lifestyle,14536.0,1336.0,414.0,2744,80673,2022-12-08,3879,False,mobile,negative,#fun,0.201876712,1,16286.0,2022,12,December,Thursday,48703.150097465885,26–35
75133,49.0,other,brazil,527625,reel,lifestyle,11674.0,961.0,1541.0,3946,83560,2022-01-05,276342,False,tablet,negative,#tech #love,0.169650551,2,14176.0,2022,1,January,Wednesday,49193.1746031746,46–55
76458,64.0,male,india,574677,video,lifestyle,10105.5,334.0,1398.0,3938,40139,2022-08-14,709912,False,mobile,positive,#travel #fun #tech,0.432970428,3,11837.5,2022,8,August,Sunday,52462.38691588785,56+
37526,36.0,female,india,361085,image,fashion,2812.0,297.0,1554.0,58,62664,2023-06-23,693698,False,tablet,negative,#love #lifestyle #travel,0.074412741,3,4663.0,2023,6,June,Friday,52462.38691588785,36–45
83493,37.0,female,france,110633,video,fitness,9773.0,1044.0,1547.0,6111,61155,2022-05-04,678664,False,tablet,positive,#fitness #travel,0.202174802,2,12364.0,2022,5,May,Wednesday,51727.67338709677,36–45
62198,19.0,other,australia,549423,reel,fashion,2278.0,477.0,1396.0,3253,76180,2023-02-07,451226,False,mobile,positive,#tech #love,0.054489367,2,4151.0,2023,2,February,Tuesday,48346.38336713996,18–25
53395,54.0,female,usa,281607,video,tech,15454.0,1791.0,703.0,4681,94044,2022-02-04,9127,True,desktop,negative,#reels #fashion,0.190846838,2,17948.0,2022,2,February,Friday,51263.87225548902,46–55
34031,29.0,male,france,890428,reel,travel,2350.0,2519.0,1638.0,5633,8273,2022-08-25,100424,False,desktop,positive,#fitness,0.78653451,1,6507.0,2022,8,August,Thursday,51727.67338709677,26–35
85542,41.0,other,france,231086,video,lifestyle,3623.0,1497.0,1012.0,242,38956,2023-04-13,360658,False,mobile,neutral,#travel,0.140286477,1,6132.0,2023,4,April,Thursday,51727.67338709677,36–45
47701,42.0,other,uae,888106,image,travel,6530.0,469.0,761.0,227,99206,2023-05-14,566515,False,desktop,positive,#fashion #fitness #foodie,0.078221075,3,7760.0,2023,5,May,Sunday,48928.41351888668,36–45
35939,19.0,male,germany,531083,reel,fashion,17098.0,2814.0,1012.0,6703,45606,2023-05-27,16601,False,tablet,positive,#love #reels #fun,0.475617243,3,20924.0,2023,5,May,Saturday,48605.40612244898,18–25
59145,45.0,other,canada,578753,text,music,15987.0,589.0,1873.0,4613,5488,2022-11-13,626554,False,tablet,positive,#lifestyle #fashion #fun,3.361698251,3,18449.0,2022,11,November,Sunday,48703.150097465885,36–45
30324,19.0,female,brazil,681539,text,tech,924.0,1988.0,1462.0,2602,24023,2022-10-30,266633,False,desktop,neutral,#music #travel,0.182075511,2,4374.0,2022,10,October,Sunday,49193.1746031746,18–25
32867,36.0,female,india,811069,text,education,19546.0,2839.0,1012.0,5264,56328,2022-04-12,348221,False,desktop,positive,#fashion #lifestyle,0.419027837,2,23397.0,2022,4,April,Tuesday,52462.38691588785,36–45
10203,23.0,other,india,482306,text,fitness,4529.0,1497.0,264.0,126,97417,2023-08-12,740935,False,tablet,neutral,#reels #tech,0.074175965,2,6290.0,2023,8,August,Saturday,52462.38691588785,18–25
26544,21.0,male,india,248936,reel,education,12270.0,2989.0,506.0,4430,99305,2022-11-08,639475,False,mobile,positive,#reels #fitness,0.158753336,2,15765.0,2022,11,November,Tuesday,52462.38691588785,18–25
25899,24.0,female,uk,388465,reel,tech,18953.0,1569.0,645.0,4853,6976,2022-03-23,168559,False,desktop,neutral,#tech #fun #love,3.034260321,3,21167.0,2022,3,March,Wednesday,51119.39350912779,18–25
39063,47.0,male,germany,255154,image,lifestyle,2815.0,445.0,896.0,1431,86178,2023-10-20,259822,False,desktop,neutral,#travel #foodie,0.048225765,2,4156.0,2023,10,October,Friday,48605.40612244898,46–55
13748,16.0,female,usa,140131,video,music,4578.0,2006.0,1449.0,2168,18272,2022-07-12,708589,False,mobile,positive,#reels #music #fashion,0.439634413,3,8033.0,2022,7,July,Tuesday,51263.87225548902,Under 18
76629,48.0,female,india,302565,reel,tech,4462.0,1960.0,860.0,5863,86620,2022-08-12,416384,False,tablet,negative,#fitness,0.084068344,1,7282.0,2022,8,August,Friday,52462.38691588785,46–55
90764,40.0,other,uae,235282,text,travel,888.0,98.0,1974.0,3959,31764,2022-02-22,346651,True,mobile,positive,#music #fashion #love,0.093187256,3,2960.0,2022,2,February,Tuesday,48928.41351888668,36–45
30884,25.0,other,india,345152,reel,food,19862.0,654.0,688.0,2748,67335,2022-12-11,79064,False,mobile,neutral,#fashion #reels,0.314903096,2,21204.0,2022,12,December,Sunday,52462.38691588785,18–25
35183,35.0,male,usa,875519,text,music,19973.0,1078.0,866.0,1308,55930,2022-03-26,229370,False,mobile,positive,#reels #travel #tech,0.391864831,3,21917.0,2022,3,March,Saturday,51263.87225548902,26–35
91570,31.0,other,uk,739951,image,lifestyle,13642.0,1355.0,1122.0,6385,76978,2023-10-03,756423,False,desktop,positive,#lifestyle #tech #fashion,0.20939749,3,16119.0,2023,10,October,Tuesday,51119.39350912779,26–35
81246,54.0,female,uae,970037,video,education,1723.0,933.0,1053.0,2125,5849,2022-07-30,347071,False,tablet,neutral,#fun #lifestyle #travel,0.634125492,3,3709.0,2022,7,July,Saturday,48928.41351888668,46–55
29259,49.0,female,france,659139,reel,fitness,17642.0,1458.0,1314.0,1593,58652,2022-07-02,603920,False,tablet,positive,#music #reels,0.348052922,2,20414.0,2022,7,July,Saturday,51727.67338709677,46–55
45959,51.0,male,usa,913297,video,lifestyle,8602.0,816.0,1598.0,6593,10834,2022-09-29,2714,False,desktop,neutral,#fun,1.016798966,1,11016.0,2022,9,September,Thursday,51263.87225548902,46–55
43457,36.0,male,france,970038,text,lifestyle,18614.0,660.0,486.0,4079,1694,2023-05-21,427823,False,mobile,negative,#tech #fun #foodie,11.66469894,3,19760.0,2023,5,May,Sunday,51727.67338709677,36–45
95679,28.0,female,australia,235230,text,fitness,11386.0,2279.0,1429.0,1493,85461,2022-08-15,577592,False,desktop,negative,#fun,0.176618575,1,15094.0,2022,8,August,Monday,48346.38336713996,26–35
12103,45.0,other,japan,221497,video,education,18444.0,599.0,1962.0,2030,15338,2022-01-12,244768,False,mobile,positive,#fitness,1.369474508,1,21005.0,2022,1,January,Wednesday,49616.13559322034,36–45
75901,24.0,other,india,419996,image,lifestyle,2613.0,919.0,27.0,3252,51090,2022-04-03,658644,False,mobile,positive,#lifestyle,0.069661382,1,3559.0,2022,4,April,Sunday,52462.38691588785,18–25
54535,46.0,male,usa,411483,video,travel,10004.0,1746.0,1169.0,7749,45919,2022-11-26,768851,False,mobile,neutral,#tech #lifestyle,0.281343235,2,12919.0,2022,11,November,Saturday,51263.87225548902,46–55
26103,19.0,male,japan,987518,video,tech,18186.0,1758.0,287.0,4360,28348,2022-07-09,46324,False,mobile,positive,#fun #music #lifestyle,0.713665867,3,20231.0,2022,7,July,Saturday,49616.13559322034,18–25
88278,23.0,male,brazil,907004,reel,travel,15980.0,1831.0,580.0,7883,40776,2023-08-21,18611,False,desktop,positive,#fitness #fun,0.451025113,2,18391.0,2023,8,August,Monday,49193.1746031746,18–25
22391,43.0,female,uae,275541,reel,tech,12098.0,1171.0,949.0,4777,3002,2022-10-20,731294,False,mobile,positive,#love #fashion #music,4.736175883,3,14218.0,2022,10,October,Thursday,48928.41351888668,36–45
38901,41.0,male,germany,967493,text,food,677.0,359.0,251.0,6438,47534,2022-09-18,129292,True,desktop,neutral,#foodie #fashion #fun,0.027075357,3,1287.0,2022,9,September,Sunday,48605.40612244898,36–45
91159,25.0,female,australia,291933,reel,lifestyle,11102.0,1967.0,1185.0,7108,7505,2023-12-11,698923,False,mobile,positive,#fun,1.899267155,1,14254.0,2023,12,December,Monday,48346.38336713996,18–25
77914,43.0,male,brazil,642744,image,food,7730.0,1440.0,926.0,7033,39915,2022-11-19,128880,False,desktop,positive,#reels #love,0.252937492,2,10096.0,2022,11,November,Saturday,49193.1746031746,36–45
60357,14.0,male,brazil,942235,image,fashion,10443.0,2919.0,109.0,246,18823,2022-01-10,799076,False,tablet,positive,#tech #lifestyle,0.715667003,2,13471.0,2022,1,January,Monday,49193.1746031746,Under 18
96908,51.0,other,australia,427777,image,education,3004.0,1719.0,1888.0,4519,4621,2022-03-29,30554,False,desktop,positive,#love #travel,1.430642718,2,6611.0,2022,3,March,Tuesday,48346.38336713996,46–55
48437,27.0,male,france,830379,text,tech,15402.0,1576.0,643.0,1082,49751,2022-12-06,386694,False,tablet,negative,#fashion #reels #tech,0.354183836,3,17621.0,2022,12,December,Tuesday,51727.67338709677,26–35
45503,23.0,female,usa,614709,image,travel,8986.0,555.0,397.0,5931,85647,2022-11-14,433456,False,desktop,neutral,#foodie #fun #music,0.11603442,3,9938.0,2022,11,November,Monday,51263.87225548902,18–25
85403,46.0,other,canada,660520,image,music,728.0,1233.0,1012.0,4928,9136,2023-07-03,241016,False,tablet,positive,#fun #fitness,0.356282837,2,2973.0,2023,7,July,Monday,48703.150097465885,46–55
51258,51.0,other,india,167323,reel,travel,14173.0,2297.0,1211.0,1481,64240,2022-08-11,784842,False,desktop,positive,#travel #fitness #tech,0.275233499,3,17681.0,2022,8,August,Thursday,52462.38691588785,46–55
43724,16.0,female,uae,992499,text,lifestyle,14841.0,1535.0,1555.0,10,9352,2023-11-18,33566,False,mobile,neutral,#lifestyle #music #foodie,1.917343884,3,17931.0,2023,11,November,Saturday,48928.41351888668,Under 18
74286,23.0,female,uk,515004,video,travel,190.0,1497.0,275.0,6490,54897,2022-07-28,186418,False,tablet,positive,#lifestyle #fun #travel,0.056615116,3,1962.0,2022,7,July,Thursday,51119.39350912779,18–25
84842,41.0,female,usa,902524,image,fashion,14089.0,2186.0,688.0,2006,51933,2022-02-18,725235,False,mobile,positive,#lifestyle #fitness,0.326632392,2,16963.0,2022,2,February,Friday,51263.87225548902,36–45
24908,14.0,male,india,887564,reel,fitness,10188.0,989.0,1634.0,6995,42480,2023-06-20,719860,False,tablet,neutral,#lifestyle,0.301577213,1,12811.0,2023,6,June,Tuesday,52462.38691588785,Under 18
60626,28.0,other,usa,833210,video,travel,10299.0,909.0,246.0,5124,58193,2023-09-10,243606,False,mobile,positive,#reels #foodie #fashion,0.196827797,3,11454.0,2023,9,September,Sunday,51263.87225548902,26–35
47228,51.0,male,brazil,335253,image,lifestyle,13690.0,1961.0,1347.0,5836,96751,2022-09-20,424107,False,mobile,positive,#lifestyle,0.175688107,1,16998.0,2022,9,September,Tuesday,49193.1746031746,46–55
33386,25.0,male,canada,319190,video,food,13740.0,11.0,1041.0,3441,79514,2022-07-25,731549,False,desktop,negative,#fun #music #fitness,0.186030133,3,14792.0,2022,7,July,Monday,48703.150097465885,18–25
56754,49.0,male,uk,755312,video,education,10301.0,979.0,407.0,3529,10239,2023-11-12,295989,False,mobile,positive,#reels,1.141420061,1,11687.0,2023,11,November,Sunday,51119.39350912779,46–55
38302,29.0,male,usa,357075,text,travel,6039.0,272.0,1434.0,2292,58489,2023-05-12,733382,False,tablet,positive,#fitness #tech,0.132418062,2,7745.0,2023,5,May,Friday,51263.87225548902,26–35
70815,33.0,other,india,853132,text,travel,6445.0,487.0,1824.0,6392,93623,2023-11-01,437358,False,tablet,positive,#fitness #fashion,0.093524027,2,8756.0,2023,11,November,Wednesday,52462.38691588785,26–35
94748,56.0,other,uk,349596,image,travel,8829.0,1997.0,124.0,944,70226,2023-04-10,125771,False,tablet,positive,#love,0.155925156,1,10950.0,2023,4,April,Monday,51119.39350912779,56+
73344,31.0,male,uk,375212,image,lifestyle,4045.0,1048.0,1343.0,434,50478,2023-09-27,638685,False,desktop,neutral,#travel,0.12750109,1,6436.0,2023,9,September,Wednesday,51119.39350912779,26–35
45618,19.0,female,germany,279598,text,education,5624.0,537.0,152.0,3491,3073,2022-01-20,106783,False,desktop,negative,#lifestyle,2.054344289,1,6313.0,2022,1,January,Thursday,48605.40612244898,18–25
86234,50.0,other,uae,552174,image,fitness,11011.0,1688.0,1604.0,6248,83058,2023-07-22,95419,False,tablet,positive,#reels #fitness,0.172204965,2,14303.0,2023,7,July,Saturday,48928.41351888668,46–55
71114,20.0,male,brazil,215729,image,travel,6834.0,1595.0,657.0,2289,15488,2022-04-18,528891,False,mobile,positive,#lifestyle #reels #fitness,0.586647727,3,9086.0,2022,4,April,Monday,49193.1746031746,18–25
80130,25.0,female,germany,176593,text,fitness,9033.0,587.0,1580.0,3343,83807,2022-05-20,633366,False,desktop,negative,#reels,0.133640388,1,11200.0,2022,5,May,Friday,48605.40612244898,18–25
35525,49.0,female,india,155041,video,fitness,3247.0,2835.0,1901.0,2566,14595,2022-04-01,555052,False,mobile,neutral,#foodie #fashion #tech,0.54696814,3,7983.0,2022,4,April,Friday,52462.38691588785,46–55
89818,14.0,male,india,854518,image,education,17600.0,1743.0,19.0,1759,47873,2022-09-28,146563,False,desktop,positive,#reels,0.404445094,1,19362.0,2022,9,September,Wednesday,52462.38691588785,Under 18
24334,53.0,other,france,335114,reel,education,7980.0,2968.0,1826.0,6872,53967,2022-11-25,575244,True,desktop,neutral,#foodie #travel #music,0.236700206,3,12774.0,2022,11,November,Friday,51727.67338709677,46–55
72767,38.0,female,usa,425516,text,fashion,5586.0,1690.0,246.0,5163,29043,2022-07-29,547714,False,desktop,neutral,#fun #music #reels,0.258995283,3,7522.0,2022,7,July,Friday,51263.87225548902,36–45
16644,36.0,other,usa,691850,image,food,7940.0,1715.0,1413.0,7193,79971,2023-11-19,750331,False,desktop,negative,#foodie #fun,0.13840017,2,11068.0,2023,11,November,Sunday,51263.87225548902,36–45
42933,18.0,other,france,978531,image,travel,18606.0,1617.0,1370.0,3875,86604,2023-07-27,558716,False,tablet,negative,#music #foodie,0.249330285,2,21593.0,2023,7,July,Thursday,51727.67338709677,Under 18
53469,38.0,female,japan,688334,text,travel,9449.0,1033.0,1499.0,2228,22803,2023-03-31,627081,False,desktop,neutral,#lifestyle #music #travel,0.525413323,3,11981.0,2023,3,March,Friday,49616.13559322034,36–45
43687,19.0,male,australia,982890,reel,travel,7979.0,242.0,1226.0,6747,36170,2022-10-11,391453,True,desktop,neutral,#reels #travel,0.261183301,2,9447.0,2022,10,October,Tuesday,48346.38336713996,18–25
62656,51.0,female,usa,238161,reel,fitness,1514.0,1201.0,1032.0,6571,33663,2023-01-01,4808,False,tablet,positive,#fun #travel,0.111309152,2,3747.0,2023,1,January,Sunday,51263.87225548902,46–55
27375,31.0,female,australia,903055,text,music,12738.0,2845.0,1012.0,267,19293,2023-04-29,383401,False,tablet,positive,#fun #music,0.89659462,2,16595.0,2023,4,April,Saturday,48346.38336713996,26–35
75206,18.0,other,usa,936073,reel,education,2883.0,256.0,1691.0,7001,16950,2022-01-03,360743,False,tablet,positive,#reels #fun #foodie,0.284955752,3,4830.0,2022,1,January,Monday,51263.87225548902,Under 18
46607,55.0,male,uae,374187,image,tech,3826.0,2042.0,530.0,6723,12827,2022-06-13,140591,False,tablet,neutral,#tech,0.498791611,1,6398.0,2022,6,June,Monday,48928.41351888668,46–55
93178,41.0,other,japan,166572,reel,music,12567.0,309.0,102.0,7019,81051,2023-01-23,211559,False,mobile,positive,#lifestyle #foodie,0.160121405,2,12978.0,2023,1,January,Monday,49616.13559322034,36–45
33993,55.0,female,canada,581268,image,food,4339.0,2563.0,1269.0,2198,76577,2022-01-09,465644,False,tablet,neutral,#tech #fashion #fun,0.106703057,3,8171.0,2022,1,January,Sunday,48703.150097465885,46–55
54386,51.0,male,japan,186700,video,lifestyle,674.0,1238.0,596.0,3687,55560,2023-01-01,728004,False,tablet,negative,#fashion #tech #fitness,0.045140389,3,2508.0,2023,1,January,Sunday,49616.13559322034,46–55
56287,14.0,male,india,157061,reel,travel,15426.0,1088.0,1342.0,6743,15318,2022-01-12,489588,False,tablet,positive,#fitness #love,1.165687427,2,17856.0,2022,1,January,Wednesday,52462.38691588785,Under 18
96724,31.0,male,france,217957,video,tech,16486.0,635.0,350.0,6238,49220,2022-03-15,704190,False,mobile,neutral,#fashion,0.354957334,1,17471.0,2022,3,March,Tuesday,51727.67338709677,26–35
86312,16.0,male,india,892554,text,tech,10549.0,796.0,233.0,4477,28544,2022-08-26,722502,False,tablet,positive,#foodie #reels #music,0.405619395,3,11578.0,2022,8,August,Friday,52462.38691588785,Under 18
85324,18.0,male,canada,933778,reel,education,3993.0,1176.0,1670.0,5917,69287,2022-04-18,181831,False,mobile,positive,#love,0.098705385,1,6839.0,2022,4,April,Monday,48703.150097465885,Under 18
81196,61.0,female,germany,618650,image,tech,12219.0,2087.0,36.0,7998,23619,2023-06-09,755936,False,desktop,neutral,#love #reels,0.607222998,2,14342.0,2023,6,June,Friday,48605.40612244898,56+
80014,49.0,female,india,328394,reel,food,3708.0,1724.0,1368.0,514,50207,2022-08-22,423152,False,mobile,neutral,#reels #love,0.135439281,2,6800.0,2022,8,August,Monday,52462.38691588785,46–55
18210,40.0,female,india,509366,text,tech,1495.0,1799.0,1627.0,1743,24381,2023-03-15,117070,False,tablet,positive,#love #travel #tech,0.201837496,3,4921.0,2023,3,March,Wednesday,52462.38691588785,36–45
20922,42.0,other,india,187630,text,lifestyle,3392.0,2628.0,291.0,929,19893,2023-04-26,371612,False,mobile,neutral,#music,0.317247273,1,6311.0,2023,4,April,Wednesday,52462.38691588785,36–45
46289,19.0,male,uk,177228,image,travel,11698.0,2048.0,16.0,5733,34787,2022-04-02,484170,False,mobile,positive,#travel #fitness,0.395607555,2,13762.0,2022,4,April,Saturday,51119.39350912779,18–25
43340,21.0,male,australia,374198,reel,lifestyle,7537.0,78.0,89.0,3931,19416,2022-07-17,123336,False,mobile,positive,#lifestyle #fashion,0.396786156,2,7704.0,2022,7,July,Sunday,48346.38336713996,18–25
49850,37.0,female,japan,626055,video,travel,2785.0,1350.0,1012.0,7856,57027,2022-04-26,573484,False,mobile,positive,#love #lifestyle #tech,0.096550757,3,5147.0,2022,4,April,Tuesday,49616.13559322034,36–45
66984,45.0,male,germany,104708,text,fashion,5588.0,619.0,676.0,7595,74015,2023-10-05,649570,False,mobile,positive,#love #reels #music,0.092994663,3,6883.0,2023,10,October,Thursday,48605.40612244898,36–45
94178,13.0,other,japan,862017,text,fitness,4802.0,2548.0,976.0,1448,46654,2022-12-31,288807,False,mobile,neutral,#love #tech #music,0.178462726,3,8326.0,2022,12,December,Saturday,49616.13559322034,Under 18
21094,63.0,male,uae,944431,image,tech,15211.0,1498.0,1467.0,3887,307,2022-06-02,101320,False,mobile,neutral,#lifestyle,59.20521173,1,18176.0,2022,6,June,Thursday,48928.41351888668,56+
97959,18.0,male,australia,676446,reel,lifestyle,4891.0,1378.0,252.0,198,173,2023-09-25,145206,False,mobile,negative,#fun #love,37.69364162,2,6521.0,2023,9,September,Monday,48346.38336713996,Under 18
43418,30.0,other,germany,128082,video,fitness,12760.0,1147.0,1012.0,2055,24527,2022-04-18,666318,False,desktop,neutral,#fitness #travel #lifestyle,0.600277245,3,14919.0,2022,4,April,Monday,48605.40612244898,26–35
15741,22.0,male,uae,134024,reel,fitness,3525.0,977.0,1616.0,6022,40429,2023-06-12,551734,False,desktop,positive,#love #tech #travel,0.151327018,3,6118.0,2023,6,June,Monday,48928.41351888668,18–25
82374,40.0,female,brazil,385605,reel,fitness,19901.0,1447.0,183.0,1780,76447,2022-02-25,307800,False,tablet,neutral,#fashion #music,0.281646108,2,21531.0,2022,2,February,Friday,49193.1746031746,36–45
78798,23.0,male,uk,105351,video,fitness,4777.0,1537.0,289.0,4900,74877,2023-03-28,331732,False,tablet,positive,#music #fun #reels,0.088184623,3,6603.0,2023,3,March,Tuesday,51119.39350912779,18–25
80532,45.0,other,india,592269,image,fitness,4189.0,1757.0,760.0,6070,70605,2023-01-27,787842,False,tablet,positive,#tech #fashion #lifestyle,0.094979109,3,6706.0,2023,1,January,Friday,52462.38691588785,36–45
32164,13.0,female,uk,969060,text,travel,13023.0,2533.0,1238.0,4422,40572,2023-09-07,205903,False,tablet,negative,#music #fashion #lifestyle,0.41393079,3,16794.0,2023,9,September,Thursday,51119.39350912779,Under 18
45595,25.0,female,japan,204720,image,food,18297.0,477.0,157.0,1713,5989,2022-07-27,659763,False,tablet,neutral,#reels #tech,3.160961763,2,18931.0,2022,7,July,Wednesday,49616.13559322034,18–25
40257,49.0,female,germany,748789,image,tech,10649.0,1894.0,1012.0,5713,26557,2023-05-25,344896,False,tablet,positive,#reels #tech #lifestyle,0.507022631,3,13555.0,2023,5,May,Thursday,48605.40612244898,46–55
24211,32.0,male,uae,532934,reel,tech,13877.0,2380.0,1012.0,5743,40887,2023-10-25,599880,True,desktop,neutral,#travel #foodie,0.414483821,2,17269.0,2023,10,October,Wednesday,48928.41351888668,26–35
15232,13.0,other,canada,997064,video,travel,1150.0,1632.0,392.0,7014,8806,2023-07-09,459035,False,desktop,neutral,#fitness #love,0.360436066,2,3174.0,2023,7,July,Sunday,48703.150097465885,Under 18
77753,64.0,male,uae,620751,text,lifestyle,14301.0,1255.0,1043.0,3092,38787,2022-10-27,288843,False,desktop,negative,#fitness,0.427952665,1,16599.0,2022,10,October,Thursday,48928.41351888668,56+
62691,15.0,female,uk,714865,reel,travel,4137.0,2040.0,1494.0,5665,11620,2023-09-22,600497,False,mobile,positive,#love,0.660154905,1,7671.0,2023,9,September,Friday,51119.39350912779,Under 18
99765,30.0,other,india,226875,text,education,1510.0,1565.0,430.0,6398,379,2022-10-06,147017,False,mobile,negative,#foodie #fitness #fashion,9.248021108,3,3505.0,2022,10,October,Thursday,52462.38691588785,26–35
89768,53.0,male,canada,846572,reel,music,13982.0,29.0,1012.0,3504,64405,2022-05-24,582143,False,tablet,negative,#reels #travel,0.243661206,2,15023.0,2022,5,May,Tuesday,48703.150097465885,46–55
35613,26.0,female,japan,986449,video,fitness,10105.5,726.0,996.0,7672,93198,2022-07-23,33656,False,desktop,negative,#music #fitness #lifestyle,0.060484131,3,11827.5,2022,7,July,Saturday,49616.13559322034,26–35
24026,43.0,female,canada,768137,text,food,14734.0,172.0,1004.0,5146,54107,2022-08-17,192671,False,tablet,negative,#travel #fun,0.294046981,2,15910.0,2022,8,August,Wednesday,48703.150097465885,36–45
63535,39.0,male,australia,845216,text,tech,19636.0,2839.0,1091.0,2567,25231,2022-09-22,656761,False,desktop,positive,#foodie #fashion #lifestyle,0.93400975,3,23566.0,2022,9,September,Thursday,48346.38336713996,36–45
40908,29.0,female,brazil,239380,image,lifestyle,10957.0,467.0,1100.0,929,40329,2023-04-11,65791,False,desktop,neutral,#music #lifestyle,0.310545761,2,12524.0,2023,4,April,Tuesday,49193.1746031746,26–35
62113,58.0,female,india,667729,reel,fashion,3938.0,1497.0,101.0,4625,93591,2022-05-17,651523,False,tablet,positive,#music #foodie #travel,0.064258315,3,5536.0,2022,5,May,Tuesday,52462.38691588785,56+
29610,41.0,other,uk,737970,reel,travel,18895.0,2770.0,651.0,7090,390,2022-08-28,350859,False,tablet,negative,#lifestyle #music,57.22051282,2,22316.0,2022,8,August,Sunday,51119.39350912779,36–45
56646,48.0,female,germany,180865,reel,fashion,1073.0,2444.0,892.0,6643,37748,2023-11-29,72488,False,mobile,positive,#fitness,0.11680089,1,4409.0,2023,11,November,Wednesday,48605.40612244898,46–55
73185,49.0,male,france,113882,image,tech,2192.0,124.0,584.0,5352,11165,2023-03-25,502554,False,desktop,neutral,#tech #fitness,0.25974026,2,2900.0,2023,3,March,Saturday,51727.67338709677,46–55
82567,38.0,other,canada,214883,image,travel,8207.0,2743.0,206.0,1419,15502,2022-11-11,209344,False,mobile,negative,#reels,0.719649078,1,11156.0,2022,11,November,Friday,48703.150097465885,36–45
57574,29.0,male,usa,322658,text,tech,7383.0,2574.0,212.0,2005,90003,2022-05-31,514642,True,mobile,neutral,#travel,0.112985123,1,10169.0,2022,5,May,Tuesday,51263.87225548902,26–35
46182,34.0,female,france,274504,reel,travel,5171.0,1546.0,78.0,1330,24207,2022-11-21,375740,False,mobile,neutral,#love #music #lifestyle,0.280703929,3,6795.0,2022,11,November,Monday,51727.67338709677,26–35
10570,38.0,other,japan,312361,reel,lifestyle,10105.5,1419.0,1136.0,2557,83642,2023-02-07,579268,False,mobile,positive,#fitness,0.129755386,1,12660.5,2023,2,February,Tuesday,49616.13559322034,36–45
29288,14.0,other,usa,457659,text,tech,6480.0,1877.0,1788.0,7870,13129,2022-12-19,723675,False,desktop,negative,#foodie #tech #love,0.772716886,3,10145.0,2022,12,December,Monday,51263.87225548902,Under 18
88824,34.0,other,usa,734913,text,education,12658.0,1026.0,132.0,423,20035,2022-04-20,717827,False,desktop,neutral,#fitness,0.689593212,1,13816.0,2022,4,April,Wednesday,51263.87225548902,26–35
39877,17.0,other,usa,750222,text,fashion,2857.0,535.0,1220.0,149,86198,2023-04-11,499989,True,mobile,neutral,#fitness,0.053504722,1,4612.0,2023,4,April,Tuesday,51263.87225548902,Under 18
94425,16.0,male,uae,510874,video,food,4349.0,1497.0,1048.0,3463,68911,2022-02-09,242883,False,desktop,positive,#lifestyle #reels #music,0.087025293,3,6894.0,2022,2,February,Wednesday,48928.41351888668,Under 18
10917,48.0,female,france,824605,video,lifestyle,1428.0,987.0,471.0,1513,60133,2023-10-16,740423,False,mobile,positive,#music,0.047993614,1,2886.0,2023,10,October,Monday,51727.67338709677,46–55
85602,18.0,male,japan,854002,text,education,6723.0,605.0,1636.0,2715,5357,2022-12-06,671370,False,tablet,positive,#fashion,1.673324622,1,8964.0,2022,12,December,Tuesday,49616.13559322034,Under 18
74575,64.0,other,uk,467209,image,lifestyle,14010.0,2747.0,1780.0,2993,24758,2023-01-07,492496,False,mobile,neutral,#foodie #fitness #reels,0.748727684,3,18537.0,2023,1,January,Saturday,51119.39350912779,56+
82518,33.0,female,brazil,611415,image,travel,15718.0,138.0,1566.0,5166,58091,2023-06-09,3386,False,tablet,positive,#reels,0.299908764,1,17422.0,2023,6,June,Friday,49193.1746031746,26–35
49104,25.0,male,japan,857939,reel,fashion,14809.0,2057.0,1965.0,6455,56014,2023-05-22,580375,False,mobile,positive,#reels,0.336183811,1,18831.0,2023,5,May,Monday,49616.13559322034,18–25
28062,49.0,female,uk,358669,video,tech,13272.0,1554.0,289.0,138,94458,2022-02-22,40360,False,mobile,positive,#foodie,0.160018209,1,15115.0,2022,2,February,Tuesday,51119.39350912779,46–55
26999,37.0,male,uk,963459,video,fashion,11828.0,129.0,1279.0,7572,46099,2022-03-21,26734,True,desktop,positive,#lifestyle #fitness #reels,0.287121196,3,13236.0,2022,3,March,Monday,51119.39350912779,36–45
71845,38.0,male,usa,806168,text,lifestyle,11663.0,400.0,1960.0,7065,1857,2022-12-17,670788,False,tablet,neutral,#lifestyle #travel,7.551427033,2,14023.0,2022,12,December,Saturday,51263.87225548902,36–45
19941,51.0,female,india,139530,text,travel,7856.0,1244.0,1229.0,3725,21439,2023-07-05,587624,False,desktop,positive,#fun #foodie #reels,0.481785531,3,10329.0,2023,7,July,Wednesday,52462.38691588785,46–55
71169,32.0,male,france,239906,text,music,11223.0,641.0,1498.0,1870,22946,2022-12-06,189002,False,mobile,positive,#fitness #reels #travel,0.582323717,3,13362.0,2022,12,December,Tuesday,51727.67338709677,26–35
33470,45.0,male,uk,507574,text,fashion,6645.0,436.0,1006.0,2061,28015,2022-05-01,474486,False,tablet,positive,#fun #love,0.288666786,2,8087.0,2022,5,May,Sunday,51119.39350912779,36–45
69821,26.0,male,france,420838,text,education,2921.0,1423.0,1091.0,1995,44717,2022-03-06,184444,False,mobile,neutral,#tech #fashion,0.121542143,2,5435.0,2022,3,March,Sunday,51727.67338709677,26–35
96669,48.0,male,australia,187193,image,tech,8166.0,1497.0,1238.0,2818,45270,2023-03-16,235198,False,tablet,positive,#reels #music #love,0.232825271,3,10901.0,2023,3,March,Thursday,48346.38336713996,46–55
54435,29.0,other,uae,747786,image,fitness,12637.0,1475.0,633.0,5867,76980,2022-10-23,452051,False,tablet,positive,#love #lifestyle #fitness,0.191543258,3,14745.0,2022,10,October,Sunday,48928.41351888668,26–35
14529,33.0,female,brazil,281393,text,lifestyle,13766.0,1578.0,421.0,1913,88868,2022-07-24,226956,False,mobile,positive,#love #music,0.177397939,2,15765.0,2022,7,July,Sunday,49193.1746031746,26–35
93055,58.0,other,australia,845723,image,food,878.0,57.0,557.0,5638,33593,2023-10-09,765052,False,mobile,negative,#love #reels #foodie,0.044414015,3,1492.0,2023,10,October,Monday,48346.38336713996,56+
22192,28.0,male,uk,304781,text,food,10704.0,1136.0,580.0,5670,32179,2023-07-11,775793,False,desktop,neutral,#reels,0.385966003,1,12420.0,2023,7,July,Tuesday,51119.39350912779,26–35
84102,58.0,female,japan,378829,text,lifestyle,8502.0,699.0,538.0,4280,33975,2022-10-05,268931,True,desktop,neutral,#fashion,0.28665195,1,9739.0,2022,10,October,Wednesday,49616.13559322034,56+
82762,38.0,male,france,216254,video,music,15266.0,1145.0,1706.0,5234,29658,2022-05-15,204587,False,mobile,neutral,#reels #lifestyle #tech,0.610863848,3,18117.0,2022,5,May,Sunday,51727.67338709677,36–45
96795,32.0,female,australia,766716,image,fitness,15300.0,2455.0,1780.0,6253,11117,2023-01-13,197266,False,desktop,positive,#foodie,1.757218674,1,19535.0,2023,1,January,Friday,48346.38336713996,26–35
44087,41.0,other,france,402728,image,travel,1321.0,1483.0,461.0,5696,95117,2022-02-21,475797,True,desktop,neutral,#love #foodie,0.034326146,2,3265.0,2022,2,February,Monday,51727.67338709677,36–45
76677,40.0,male,uae,603669,video,fashion,10105.5,1108.0,1478.0,742,92413,2023-08-03,99374,False,mobile,positive,#fashion #music,0.153376689,2,12691.5,2023,8,August,Thursday,48928.41351888668,36–45
14627,20.0,male,japan,282434,image,fashion,15046.0,1641.0,1005.0,6424,20832,2023-12-11,176962,False,tablet,negative,#fitness,0.849270353,1,17692.0,2023,12,December,Monday,49616.13559322034,18–25
66541,36.0,female,australia,635632,video,fitness,10806.0,399.0,300.0,6686,57338,2022-03-08,262434,False,mobile,negative,#fitness,0.200652272,1,11505.0,2022,3,March,Tuesday,48346.38336713996,36–45
78226,15.0,female,france,738779,reel,education,8462.0,2403.0,1809.0,4181,59939,2022-01-03,395318,True,desktop,positive,#love,0.211448306,1,12674.0,2022,1,January,Monday,51727.67338709677,Under 18
13255,37.0,other,japan,144619,image,fitness,5220.0,2146.0,1012.0,4233,95604,2023-07-24,529672,False,mobile,positive,#love #fashion #reels,0.090759801,3,8378.0,2023,7,July,Monday,49616.13559322034,36–45
67433,31.0,male,usa,598750,text,tech,19411.0,1544.0,1784.0,3537,23557,2023-03-27,624244,False,mobile,neutral,#love,0.965275714,1,22739.0,2023,3,March,Monday,51263.87225548902,26–35
15213,45.0,female,canada,731395,video,tech,3124.0,2565.0,1025.0,76,94156,2023-05-25,719384,False,tablet,neutral,#fitness #tech #fashion,0.071307192,3,6714.0,2023,5,May,Thursday,48703.150097465885,36–45
29404,14.0,other,usa,574547,text,food,18137.0,107.0,1960.0,1991,924,2023-03-14,207254,True,tablet,positive,#fitness,21.86580087,1,20204.0,2023,3,March,Tuesday,51263.87225548902,Under 18
35380,27.0,female,brazil,326351,text,travel,8186.0,1984.0,1043.0,5256,31673,2023-06-12,151995,False,desktop,positive,#tech #lifestyle,0.354023932,2,11213.0,2023,6,June,Monday,49193.1746031746,26–35
29173,38.0,male,uk,233015,image,music,5099.0,1997.0,1500.0,3705,14567,2022-04-12,228556,False,desktop,neutral,#tech #fashion #reels,0.590100913,3,8596.0,2022,4,April,Tuesday,51119.39350912779,36–45
63027,22.0,female,india,321257,video,travel,19669.0,151.0,953.0,3022,75562,2023-03-13,262121,False,desktop,positive,#lifestyle #fun #love,0.274913316,3,20773.0,2023,3,March,Monday,52462.38691588785,18–25
33989,30.0,female,canada,815577,reel,education,8552.0,905.0,1514.0,4871,23976,2022-01-21,58808,False,desktop,neutral,#love,0.457582583,1,10971.0,2022,1,January,Friday,48703.150097465885,26–35
34519,34.0,female,uk,212319,text,fitness,11627.0,849.0,985.0,1016,16834,2023-01-22,341858,False,desktop,neutral,#love #fashion,0.799631698,2,13461.0,2023,1,January,Sunday,51119.39350912779,26–35
32439,58.0,female,australia,514237,text,food,17235.0,2796.0,805.0,96,21686,2023-06-17,91608,False,mobile,neutral,#love,0.960804205,1,20836.0,2023,6,June,Saturday,48346.38336713996,56+
86949,61.0,male,brazil,894780,reel,food,10105.5,1992.0,256.0,994,30759,2022-04-02,319546,False,mobile,neutral,#fashion #lifestyle,0.633668195,2,12353.5,2022,4,April,Saturday,49193.1746031746,56+
24995,39.0,other,uae,308358,video,tech,12988.0,26.0,452.0,1554,62357,2022-05-13,294137,False,desktop,neutral,#love #fun,0.215950094,2,13466.0,2022,5,May,Friday,48928.41351888668,36–45
33559,25.0,other,brazil,564137,image,fashion,1350.0,118.0,437.0,6941,44345,2023-05-20,724462,True,tablet,neutral,#fun #lifestyle #travel,0.04295862,3,1905.0,2023,5,May,Saturday,49193.1746031746,18–25
99049,45.0,male,france,771999,text,education,12276.0,722.0,1784.0,1032,25510,2023-03-29,185319,False,tablet,neutral,#travel #fun,0.579459036,2,14782.0,2023,3,March,Wednesday,51727.67338709677,36–45
15021,17.0,male,brazil,185030,image,travel,11739.0,2147.0,397.0,82,7994,2023-11-18,403735,False,desktop,negative,#tech #reels,1.786715036,2,14283.0,2023,11,November,Saturday,49193.1746031746,Under 18
31119,38.0,male,australia,557782,video,education,5730.0,2.0,1176.0,6190,92199,2023-12-26,123322,False,mobile,positive,#travel #fitness,0.074924891,2,6908.0,2023,12,December,Tuesday,48346.38336713996,36–45
61539,25.0,male,uae,797371,reel,food,12384.0,805.0,648.0,1535,52254,2022-05-28,83821,False,tablet,negative,#love,0.264802695,1,13837.0,2022,5,May,Saturday,48928.41351888668,18–25
49350,39.0,male,uae,869937,image,tech,326.0,1992.0,221.0,4525,2609,2022-08-20,147370,False,tablet,neutral,#fashion #travel,0.973169797,2,2539.0,2022,8,August,Saturday,48928.41351888668,36–45
56223,26.0,male,germany,334408,video,tech,2120.0,1129.0,1746.0,5209,68308,2022-06-14,556412,False,tablet,neutral,#fun #lifestyle,0.073124671,2,4995.0,2022,6,June,Tuesday,48605.40612244898,26–35
35517,36.0,male,brazil,466709,image,tech,993.0,1253.0,1724.0,512,85462,2022-11-10,41788,False,tablet,neutral,#music #lifestyle,0.046453394,2,3970.0,2022,11,November,Thursday,49193.1746031746,36–45
88653,15.0,female,usa,905072,image,education,18150.0,303.0,1459.0,1922,69794,2023-10-19,648916,False,mobile,negative,#fitness #lifestyle #reels,0.28529673,3,19912.0,2023,10,October,Thursday,51263.87225548902,Under 18
32250,59.0,other,germany,135402,text,fashion,12620.0,176.0,1767.0,1697,64550,2022-10-25,474748,False,mobile,neutral,#foodie #lifestyle,0.225608056,2,14563.0,2022,10,October,Tuesday,48605.40612244898,56+
94486,63.0,other,germany,165088,image,food,15778.0,83.0,1012.0,5784,62290,2022-08-11,638805,False,tablet,positive,#tech,0.256798844,1,16873.0,2022,8,August,Thursday,48605.40612244898,56+
92895,61.0,female,australia,495107,text,fitness,18348.0,262.0,1551.0,3485,65080,2022-12-19,290024,True,mobile,positive,#reels #lifestyle,0.309787953,2,20161.0,2022,12,December,Monday,48346.38336713996,56+
99132,42.0,other,canada,259331,video,fitness,2781.0,1219.0,625.0,2560,53373,2023-02-20,266676,False,mobile,positive,#fun,0.086654301,1,4625.0,2023,2,February,Monday,48703.150097465885,36–45
76798,47.0,male,usa,556237,video,tech,7019.0,2505.0,775.0,1914,73443,2022-03-03,399518,False,desktop,neutral,#reels #fitness #love,0.1402312,3,10299.0,2022,3,March,Thursday,51263.87225548902,46–55
64199,60.0,male,uae,260059,text,tech,2905.0,2456.0,1302.0,4753,31271,2023-08-31,350596,False,desktop,positive,#lifestyle #fun #travel,0.213072815,3,6663.0,2023,8,August,Thursday,48928.41351888668,56+
69546,26.0,other,brazil,283688,reel,fashion,8290.0,2253.0,584.0,6816,24625,2023-09-16,134393,False,desktop,positive,#travel,0.451857868,1,11127.0,2023,9,September,Saturday,49193.1746031746,26–35
98151,24.0,male,germany,241755,image,tech,15260.0,2867.0,1759.0,3976,26613,2023-01-11,683238,False,desktop,positive,#fashion #love #lifestyle,0.747228798,3,19886.0,2023,1,January,Wednesday,48605.40612244898,18–25
13327,40.0,male,uk,554299,video,lifestyle,16627.0,801.0,484.0,646,5897,2023-08-22,454221,False,tablet,positive,#love #foodie,3.037476683,2,17912.0,2023,8,August,Tuesday,51119.39350912779,36–45
39768,56.0,other,uk,896399,video,food,7938.0,894.0,1569.0,797,98701,2023-02-09,161577,False,desktop,neutral,#tech #foodie,0.105378872,2,10401.0,2023,2,February,Thursday,51119.39350912779,56+
74418,41.0,female,germany,701952,reel,music,5494.0,872.0,1268.0,76,7846,2022-09-12,173927,False,desktop,positive,#fun #tech,0.972979862,2,7634.0,2022,9,September,Monday,48605.40612244898,36–45
52788,55.0,other,france,724562,video,music,2709.0,387.0,1773.0,6224,89354,2023-03-27,265702,False,mobile,positive,#lifestyle,0.054491125,1,4869.0,2023,3,March,Monday,51727.67338709677,46–55
92384,38.0,other,brazil,324903,text,tech,12654.0,1835.0,1041.0,7948,69574,2023-01-25,301938,False,tablet,neutral,#lifestyle #fitness,0.223215569,2,15530.0,2023,1,January,Wednesday,49193.1746031746,36–45
56830,52.0,other,australia,579089,reel,music,16369.0,2941.0,876.0,5900,24416,2023-09-17,544614,False,mobile,negative,#foodie #reels #fitness,0.826752949,3,20186.0,2023,9,September,Sunday,48346.38336713996,46–55
62446,61.0,other,uae,949093,video,tech,11418.0,2814.0,1579.0,6697,57177,2022-12-14,20751,False,mobile,positive,#lifestyle #music,0.276527275,2,15811.0,2022,12,December,Wednesday,48928.41351888668,56+
25160,33.0,female,germany,712026,reel,food,13769.0,2003.0,1166.0,2683,34462,2023-05-17,244058,False,mobile,neutral,#love #music #lifestyle,0.491497882,3,16938.0,2023,5,May,Wednesday,48605.40612244898,26–35
66583,35.0,female,usa,303379,reel,travel,7795.0,1031.0,500.0,741,16434,2022-11-18,114391,False,desktop,positive,#travel #tech #foodie,0.567482049,3,9326.0,2022,11,November,Friday,51263.87225548902,26–35
43998,32.0,male,germany,929884,video,lifestyle,16082.0,1649.0,1550.0,1225,77193,2023-06-28,313212,True,tablet,neutral,#fashion #lifestyle #reels,0.249776534,3,19281.0,2023,6,June,Wednesday,48605.40612244898,26–35
37230,23.0,male,japan,637145,video,lifestyle,17431.0,1540.0,92.0,6989,28980,2022-03-05,91214,False,desktop,positive,#fitness #tech #fashion,0.657798482,3,19063.0,2022,3,March,Saturday,49616.13559322034,18–25
19076,46.0,other,uae,524517,video,music,9507.0,449.0,1406.0,5566,44357,2022-06-03,492496,False,tablet,positive,#fitness #reels,0.256148973,2,11362.0,2022,6,June,Friday,48928.41351888668,46–55
79341,22.0,male,canada,942332,reel,fitness,9578.0,341.0,1912.0,4202,9773,2023-06-01,315118,False,mobile,positive,#fashion #fitness,1.21058017,2,11831.0,2023,6,June,Thursday,48703.150097465885,18–25
41085,22.0,female,uae,655748,text,tech,6711.0,1096.0,278.0,964,62446,2023-01-30,551956,False,tablet,positive,#love #lifestyle #travel,0.129471864,3,8085.0,2023,1,January,Monday,48928.41351888668,18–25
65571,55.0,male,usa,186923,text,food,15979.0,859.0,1750.0,5411,70015,2022-11-26,375822,False,mobile,positive,#foodie,0.265485967,1,18588.0,2022,11,November,Saturday,51263.87225548902,46–55
24715,18.0,male,japan,936232,image,fitness,15049.0,2168.0,1472.0,5922,48713,2023-04-08,653846,False,desktop,positive,#fun #lifestyle #music,0.383655287,3,18689.0,2023,4,April,Saturday,49616.13559322034,Under 18
15750,48.0,male,canada,503048,video,education,8062.0,301.0,1784.0,4781,32821,2023-12-23,716979,True,mobile,neutral,#travel #music,0.309161817,2,10147.0,2023,12,December,Saturday,48703.150097465885,46–55
88768,36.0,other,india,899058,text,music,15833.0,2931.0,981.0,5036,36050,2022-04-02,395361,False,desktop,positive,#music,0.547711512,1,19745.0,2022,4,April,Saturday,52462.38691588785,36–45
45903,24.0,male,usa,288944,image,education,9603.0,1497.0,1606.0,311,20929,2022-08-10,44850,False,desktop,neutral,#travel #fun,0.632041665,2,12706.0,2022,8,August,Wednesday,51263.87225548902,18–25
82489,55.0,female,uk,577237,image,fashion,11441.0,880.0,620.0,2646,95664,2022-07-09,191953,False,desktop,negative,#music,0.135275548,1,12941.0,2022,7,July,Saturday,51119.39350912779,46–55
42093,35.0,female,france,983371,video,education,10105.5,2281.0,1311.0,7684,60595,2023-07-26,37513,False,mobile,positive,#music #reels,0.134697582,2,13697.5,2023,7,July,Wednesday,51727.67338709677,26–35
97954,39.0,female,uae,720447,image,education,18836.0,65.0,475.0,2731,73207,2022-07-24,500218,True,desktop,negative,#lifestyle #fashion,0.264674143,2,19376.0,2022,7,July,Sunday,48928.41351888668,36–45
44314,57.0,female,india,641090,text,travel,18467.0,229.0,881.0,632,28463,2022-07-31,336994,False,tablet,positive,#foodie #lifestyle #music,0.687805221,3,19577.0,2022,7,July,Sunday,52462.38691588785,56+
58225,49.0,male,japan,378477,image,tech,12845.0,921.0,671.0,4763,47168,2022-03-30,660777,False,tablet,neutral,#foodie #music #tech,0.306076153,3,14437.0,2022,3,March,Wednesday,49616.13559322034,46–55
97985,18.0,other,india,397264,image,travel,11870.0,1832.0,800.0,4694,42833,2022-12-29,292719,False,tablet,neutral,#foodie #reels #fitness,0.338570728,3,14502.0,2022,12,December,Thursday,52462.38691588785,Under 18
93014,13.0,female,australia,717909,text,tech,9542.0,50.0,170.0,5545,83371,2023-01-06,55635,False,tablet,negative,#fun,0.117091075,1,9762.0,2023,1,January,Friday,48346.38336713996,Under 18
45179,18.0,female,brazil,777519,image,tech,4833.0,2706.0,1548.0,3681,91529,2022-11-28,21064,False,desktop,neutral,#reels #lifestyle,0.09928001,2,9087.0,2022,11,November,Monday,49193.1746031746,Under 18
35338,62.0,other,uae,517876,image,tech,6801.0,386.0,371.0,414,5713,2023-12-09,89668,True,tablet,positive,#tech #fashion #foodie,1.322947663,3,7558.0,2023,12,December,Saturday,48928.41351888668,56+
79681,34.0,other,brazil,681131,reel,travel,3340.0,1061.0,731.0,3206,26706,2023-03-02,485861,False,mobile,positive,#lifestyle,0.192166554,1,5132.0,2023,3,March,Thursday,49193.1746031746,26–35
42101,53.0,female,uk,749467,image,lifestyle,10764.0,752.0,1416.0,1542,16695,2023-03-31,473965,False,tablet,positive,#reels #music,0.774603175,2,12932.0,2023,3,March,Friday,51119.39350912779,46–55
12775,36.0,female,india,265591,image,fashion,12312.0,1196.0,1981.0,771,1374,2023-11-26,398768,True,tablet,positive,#fun #travel #lifestyle,11.27292576,3,15489.0,2023,11,November,Sunday,52462.38691588785,36–45
55619,37.0,other,japan,456477,reel,lifestyle,3844.0,2540.0,184.0,7531,37130,2023-02-26,373905,False,mobile,neutral,#love #travel #fun,0.176892001,3,6568.0,2023,2,February,Sunday,49616.13559322034,36–45
55838,27.0,female,uk,839937,reel,food,639.0,1791.0,1533.0,4479,93826,2022-06-20,551212,False,mobile,positive,#travel,0.042237759,1,3963.0,2022,6,June,Monday,51119.39350912779,26–35
29539,38.0,female,brazil,144935,reel,food,11420.0,1478.0,1455.0,7199,55219,2023-12-11,407842,False,tablet,positive,#fashion,0.259928648,1,14353.0,2023,12,December,Monday,49193.1746031746,36–45
67124,20.0,male,india,122507,video,education,15211.0,2088.0,938.0,2587,85754,2022-09-06,576461,False,desktop,negative,#tech #love,0.212666465,2,18237.0,2022,9,September,Tuesday,52462.38691588785,18–25
75149,63.0,other,uk,302132,video,lifestyle,13496.0,1944.0,834.0,5891,73411,2022-06-30,290699,False,mobile,positive,#lifestyle,0.221683399,1,16274.0,2022,6,June,Thursday,51119.39350912779,56+
36616,36.0,male,usa,446415,text,fashion,8151.0,2993.0,208.0,486,97652,2023-04-20,79485,False,desktop,neutral,#fashion #music #reels,0.116249539,3,11352.0,2023,4,April,Thursday,51263.87225548902,36–45
89655,60.0,male,germany,943655,image,education,8377.0,1152.0,993.0,1779,32379,2023-04-28,673436,False,desktop,positive,#fitness #fashion #tech,0.324963711,3,10522.0,2023,4,April,Friday,48605.40612244898,56+
64567,50.0,other,france,258747,text,fashion,5400.0,1077.0,799.0,7532,54790,2023-01-19,63085,False,tablet,positive,#tech,0.132797956,1,7276.0,2023,1,January,Thursday,51727.67338709677,46–55
47099,18.0,male,canada,475631,video,tech,15945.0,2133.0,1352.0,6407,79577,2023-02-08,53244,False,desktop,positive,#love,0.244166028,1,19430.0,2023,2,February,Wednesday,48703.150097465885,Under 18
85831,47.0,female,usa,641961,image,tech,17702.0,2343.0,1384.0,7309,44523,2022-06-10,124393,False,desktop,positive,#foodie,0.481301799,1,21429.0,2022,6,June,Friday,51263.87225548902,46–55
71799,54.0,male,uk,209619,image,food,8719.0,1238.0,1467.0,29,35353,2022-09-05,378393,False,desktop,positive,#music,0.323140893,1,11424.0,2022,9,September,Monday,51119.39350912779,46–55
35479,13.0,male,japan,659758,reel,tech,3259.0,424.0,1920.0,7042,23738,2022-11-15,514229,False,tablet,positive,#travel #tech #fashion,0.236035049,3,5603.0,2022,11,November,Tuesday,49616.13559322034,Under 18
56172,58.0,female,australia,928035,video,education,3483.0,2236.0,1464.0,129,70006,2023-12-01,77251,False,mobile,neutral,#fashion,0.102605491,1,7183.0,2023,12,December,Friday,48346.38336713996,56+
65863,48.0,female,germany,578041,image,tech,19403.0,160.0,368.0,7945,19882,2023-06-15,32462,False,tablet,negative,#fitness #lifestyle,1.002464541,2,19931.0,2023,6,June,Thursday,48605.40612244898,46–55
52043,24.0,female,canada,524446,reel,fashion,9759.0,2760.0,1129.0,5189,22739,2022-04-23,637984,False,mobile,negative,#love,0.600202296,1,13648.0,2022,4,April,Saturday,48703.150097465885,18–25
92569,50.0,female,usa,769902,image,travel,10226.0,1564.0,1012.0,4214,37755,2023-07-17,528809,False,desktop,positive,#fun,0.331426301,1,12802.0,2023,7,July,Monday,51263.87225548902,46–55
25408,23.0,male,australia,865923,video,music,14172.0,2428.0,1348.0,2374,22929,2022-12-10,440280,False,mobile,positive,#fitness #lifestyle,0.782764185,2,17948.0,2022,12,December,Saturday,48346.38336713996,18–25
67980,24.0,male,australia,947839,text,lifestyle,17708.0,243.0,1255.0,3983,432,2022-05-03,257640,False,mobile,positive,#travel #tech,44.45833333,2,19206.0,2022,5,May,Tuesday,48346.38336713996,18–25
92956,54.0,female,australia,678109,text,fitness,4404.0,182.0,1004.0,3141,42086,2022-11-15,116459,False,mobile,neutral,#foodie #fun,0.132823267,2,5590.0,2022,11,November,Tuesday,48346.38336713996,46–55
26351,62.0,other,germany,397834,image,fitness,9404.0,543.0,1748.0,207,52485,2023-07-28,114256,False,mobile,negative,#reels,0.222825569,1,11695.0,2023,7,July,Friday,48605.40612244898,56+
14131,51.0,female,india,630942,reel,tech,5937.0,2826.0,836.0,4186,84144,2023-04-23,151756,False,desktop,positive,#fitness #fun #travel,0.114078247,3,9599.0,2023,4,April,Sunday,52462.38691588785,46–55
54825,19.0,male,usa,560773,reel,tech,1434.0,2995.0,1731.0,4215,18716,2023-02-17,14927,True,mobile,neutral,#reels #fun,0.329130156,2,6160.0,2023,2,February,Friday,51263.87225548902,18–25
21349,23.0,female,india,736547,reel,lifestyle,8729.0,1571.0,1272.0,981,53209,2023-08-09,78555,False,mobile,positive,#fitness,0.217482005,1,11572.0,2023,8,August,Wednesday,52462.38691588785,18–25
70931,48.0,male,uae,840904,video,fitness,4953.0,92.0,1340.0,4302,92829,2022-09-02,81020,False,desktop,positive,#lifestyle #foodie,0.068782385,2,6385.0,2022,9,September,Friday,48928.41351888668,46–55
54254,64.0,female,germany,450408,text,fashion,9766.0,2415.0,263.0,4501,5382,2023-06-28,101631,False,mobile,neutral,#tech,2.312151616,1,12444.0,2023,6,June,Wednesday,48605.40612244898,56+
48225,43.0,other,australia,913878,text,music,8384.0,158.0,1752.0,6911,21624,2023-04-02,274325,False,tablet,positive,#lifestyle #music #foodie,0.476045135,3,10294.0,2023,4,April,Sunday,48346.38336713996,36–45
22453,45.0,female,australia,457659,image,fitness,13507.0,2445.0,1526.0,6690,7844,2022-06-02,142258,True,mobile,neutral,#fitness,2.228199898,1,17478.0,2022,6,June,Thursday,48346.38336713996,36–45
28814,25.0,male,germany,672772,text,fitness,7378.0,437.0,1286.0,2171,5797,2023-10-18,273304,False,tablet,neutral,#reels,1.569949974,1,9101.0,2023,10,October,Wednesday,48605.40612244898,18–25
28263,30.0,other,uae,668366,reel,education,10005.0,2420.0,1956.0,111,99356,2022-01-15,132566,False,tablet,positive,#lifestyle #fashion #music,0.144742139,3,14381.0,2022,1,January,Saturday,48928.41351888668,26–35
87694,53.0,female,france,623259,video,fitness,12987.0,305.0,681.0,7153,69005,2023-03-19,244934,False,tablet,neutral,#fitness #lifestyle,0.202492573,2,13973.0,2023,3,March,Sunday,51727.67338709677,46–55
25735,36.0,other,japan,476968,reel,tech,2437.0,1973.0,1439.0,7374,22926,2022-10-31,499849,False,desktop,positive,#music,0.255125185,1,5849.0,2022,10,October,Monday,49616.13559322034,36–45
25830,21.0,other,france,628513,reel,education,11571.0,981.0,912.0,7126,11645,2022-09-02,378411,False,tablet,positive,#reels #love,1.15620438,2,13464.0,2022,9,September,Friday,51727.67338709677,18–25
57893,43.0,male,india,486242,text,tech,4552.0,2376.0,1691.0,4709,6653,2023-07-21,650457,False,tablet,positive,#foodie #reels #travel,1.295505787,3,8619.0,2023,7,July,Friday,52462.38691588785,36–45
54673,53.0,male,germany,174745,video,lifestyle,10105.5,1888.0,1012.0,5040,56082,2023-07-08,360510,False,desktop,positive,#fun,0.351182197,1,13005.5,2023,7,July,Saturday,48605.40612244898,46–55
99462,22.0,other,japan,341268,video,fitness,16085.0,342.0,1257.0,1409,49416,2023-03-31,682914,False,desktop,positive,#fun #foodie,0.357859802,2,17684.0,2023,3,March,Friday,49616.13559322034,18–25
55066,14.0,female,france,574475,reel,music,19784.0,2771.0,431.0,705,10283,2022-12-25,31763,False,tablet,negative,#fashion #love,2.235339881,2,22986.0,2022,12,December,Sunday,51727.67338709677,Under 18
13373,50.0,other,india,276559,image,tech,3754.0,1888.0,1077.0,5872,84725,2022-02-21,554711,False,desktop,positive,#fun,0.079303629,1,6719.0,2022,2,February,Monday,52462.38691588785,46–55
20335,27.0,female,uk,824036,text,lifestyle,6265.0,1901.0,169.0,6290,10031,2022-01-11,677070,False,mobile,positive,#love #fitness #foodie,0.830924135,3,8335.0,2022,1,January,Tuesday,51119.39350912779,26–35
33741,15.0,male,brazil,111721,image,fitness,11721.0,2205.0,35.0,6275,28935,2023-08-23,48358,False,tablet,positive,#fun #reels #travel,0.482495248,3,13961.0,2023,8,August,Wednesday,49193.1746031746,Under 18
20692,55.0,female,japan,495803,reel,music,16542.0,1133.0,1857.0,2779,98507,2022-08-15,762225,True,tablet,positive,#fashion #travel,0.198280325,2,19532.0,2022,8,August,Monday,49616.13559322034,46–55
57295,43.0,other,canada,208878,text,fashion,6741.0,2397.0,1012.0,6993,72933,2022-04-24,669337,False,mobile,neutral,#fitness,0.152029945,1,10150.0,2022,4,April,Sunday,48703.150097465885,36–45
55541,18.0,other,japan,663725,image,tech,1837.0,2773.0,1984.0,4199,20699,2023-06-21,676662,False,desktop,neutral,#lifestyle,0.318566114,1,6594.0,2023,6,June,Wednesday,49616.13559322034,Under 18
44057,15.0,other,india,250061,image,music,17409.0,364.0,258.0,2600,49615,2023-08-27,714437,False,mobile,neutral,#tech,0.363418321,1,18031.0,2023,8,August,Sunday,52462.38691588785,Under 18
76983,23.0,other,australia,788086,image,music,17042.0,1920.0,250.0,2615,9861,2022-03-28,579086,False,mobile,positive,#tech #lifestyle #reels,1.948281107,3,19212.0,2022,3,March,Monday,48346.38336713996,18–25
29583,27.0,other,india,825900,text,music,10105.5,2062.0,12.0,7990,8161,2023-08-16,235196,False,desktop,negative,#travel,2.344688151,1,12179.5,2023,8,August,Wednesday,52462.38691588785,26–35
32765,57.0,female,usa,966269,image,travel,2375.0,1497.0,670.0,4857,468,2022-09-07,209869,False,desktop,positive,#fitness #love #fashion,11.20726496,3,4542.0,2022,9,September,Wednesday,51263.87225548902,56+
69287,64.0,other,australia,722503,video,music,16659.0,531.0,540.0,7409,53201,2022-09-07,62946,False,tablet,positive,#fun #tech #lifestyle,0.333264412,3,17730.0,2022,9,September,Wednesday,48346.38336713996,56+
33906,40.0,male,india,487581,reel,lifestyle,6859.0,1075.0,56.0,2974,55115,2023-02-25,682435,False,tablet,negative,#tech,0.144969609,1,7990.0,2023,2,February,Saturday,52462.38691588785,36–45
95103,22.0,other,france,927600,text,tech,12739.0,854.0,1003.0,7806,5404,2022-07-29,53455,False,tablet,negative,#tech #lifestyle #fashion,2.70096225,3,14596.0,2022,7,July,Friday,51727.67338709677,18–25
89675,50.0,female,brazil,464258,video,fashion,1588.0,468.0,1184.0,6805,55789,2023-06-05,516529,False,desktop,positive,#tech,0.058075965,1,3240.0,2023,6,June,Monday,49193.1746031746,46–55
56525,59.0,other,india,433760,image,fashion,12854.0,1344.0,436.0,7498,48644,2023-09-03,651711,True,tablet,negative,#reels,0.300838747,1,14634.0,2023,9,September,Sunday,52462.38691588785,56+
48230,62.0,other,france,238480,reel,tech,245.0,878.0,777.0,5039,28906,2023-07-02,279547,False,mobile,neutral,#love,0.065730298,1,1900.0,2023,7,July,Sunday,51727.67338709677,56+
29520,62.0,female,canada,487031,image,music,9080.0,2643.0,229.0,847,51344,2022-02-26,449321,False,tablet,positive,#fashion #love,0.232782798,2,11952.0,2022,2,February,Saturday,48703.150097465885,56+
95238,19.0,other,usa,766415,video,food,10403.0,366.0,830.0,2943,96979,2022-03-04,182794,False,desktop,positive,#fashion #travel #music,0.119603213,3,11599.0,2022,3,March,Friday,51263.87225548902,18–25
61934,27.0,female,uk,906192,image,lifestyle,8192.0,1497.0,840.0,3220,58959,2022-12-04,756965,False,desktop,positive,#travel #reels,0.187147,2,10529.0,2022,12,December,Sunday,51119.39350912779,26–35
35566,30.0,other,usa,642040,text,fitness,2184.0,640.0,1216.0,168,64512,2023-12-26,61068,False,tablet,positive,#tech,0.062624008,1,4040.0,2023,12,December,Tuesday,51263.87225548902,26–35
83193,30.0,male,australia,845089,video,fitness,12438.0,861.0,619.0,6700,694,2023-06-16,653044,False,desktop,negative,#travel #music,20.05475504,2,13918.0,2023,6,June,Friday,48346.38336713996,26–35
40134,64.0,other,brazil,166573,text,fashion,3251.0,2941.0,356.0,984,17929,2022-01-06,486222,False,desktop,neutral,#lifestyle #music,0.365218361,2,6548.0,2022,1,January,Thursday,49193.1746031746,56+
20345,53.0,female,usa,523270,reel,music,16281.0,1434.0,351.0,1107,20106,2023-08-08,613809,False,tablet,positive,#tech,0.89853775,1,18066.0,2023,8,August,Tuesday,51263.87225548902,46–55
51185,36.0,male,japan,292888,text,tech,5863.0,588.0,864.0,2567,33633,2023-09-11,144169,False,tablet,positive,#travel,0.217494722,1,7315.0,2023,9,September,Monday,49616.13559322034,36–45
80744,14.0,female,uk,389010,text,food,19435.0,1329.0,1281.0,106,22524,2023-08-28,214294,False,mobile,neutral,#fitness #foodie,0.978733795,2,22045.0,2023,8,August,Monday,51119.39350912779,Under 18
43455,52.0,other,australia,887424,image,lifestyle,9702.0,91.0,621.0,4980,27892,2023-05-26,410444,False,desktop,negative,#foodie #lifestyle,0.373368708,2,10414.0,2023,5,May,Friday,48346.38336713996,46–55
38018,32.0,male,japan,910128,image,travel,3771.0,457.0,1665.0,7432,39304,2023-04-06,260981,False,tablet,neutral,#reels #fun,0.149933849,2,5893.0,2023,4,April,Thursday,49616.13559322034,26–35
64219,46.0,female,australia,553498,video,fitness,13536.0,1075.0,634.0,2705,61094,2022-12-22,755340,False,mobile,neutral,#reels #tech #travel,0.249533506,3,15245.0,2022,12,December,Thursday,48346.38336713996,46–55
55991,55.0,male,japan,333886,reel,education,9320.0,1884.0,964.0,2078,21115,2022-08-07,374448,False,desktop,positive,#reels #lifestyle,0.576272792,2,12168.0,2022,8,August,Sunday,49616.13559322034,46–55
83616,38.0,male,uae,985129,video,lifestyle,16077.0,1144.0,1993.0,7923,25309,2023-01-02,502603,False,desktop,positive,#tech #fashion,0.759176578,2,19214.0,2023,1,January,Monday,48928.41351888668,36–45
97438,19.0,female,brazil,173541,reel,music,2419.0,1994.0,627.0,3618,88629,2023-07-15,434316,False,mobile,positive,#music #fashion #foodie,0.056866263,3,5040.0,2023,7,July,Saturday,49193.1746031746,18–25
19486,50.0,male,france,152838,reel,lifestyle,13518.0,1914.0,1765.0,4342,21240,2022-12-30,44687,False,desktop,negative,#reels #fitness,0.809651601,2,17197.0,2022,12,December,Friday,51727.67338709677,46–55
48862,42.0,female,usa,915832,text,food,7396.0,2039.0,292.0,2973,57902,2023-01-25,728189,False,tablet,neutral,#fitness,0.167990743,1,9727.0,2023,1,January,Wednesday,51263.87225548902,36–45
68870,54.0,male,canada,444421,image,lifestyle,19012.0,1515.0,1409.0,1553,56157,2022-10-22,620185,False,mobile,positive,#tech #lifestyle #fitness,0.390619157,3,21936.0,2022,10,October,Saturday,48703.150097465885,46–55
96694,17.0,male,japan,480836,reel,fitness,7309.0,1403.0,1768.0,2002,59916,2023-05-20,47598,False,mobile,positive,#foodie #lifestyle #fun,0.174911543,3,10480.0,2023,5,May,Saturday,49616.13559322034,Under 18
53856,23.0,male,uae,379709,image,tech,11981.0,386.0,828.0,6167,75508,2022-10-15,531702,False,tablet,neutral,#lifestyle #foodie,0.174749695,2,13195.0,2022,10,October,Saturday,48928.41351888668,18–25
96055,13.0,other,brazil,139585,reel,music,685.0,1981.0,233.0,497,80848,2022-06-26,708734,False,mobile,positive,#fitness,0.035857411,1,2899.0,2022,6,June,Sunday,49193.1746031746,Under 18
41379,46.0,other,canada,483703,image,fitness,2756.0,1630.0,1319.0,4949,83913,2022-10-26,601585,False,tablet,positive,#tech #love,0.067987082,2,5705.0,2022,10,October,Wednesday,48703.150097465885,46–55
74729,13.0,female,usa,898526,video,travel,10105.5,1684.0,1726.0,4399,47864,2023-09-12,345434,False,tablet,positive,#reels #music,0.176186696,2,13515.5,2023,9,September,Tuesday,51263.87225548902,Under 18
38378,31.0,male,uae,262352,image,tech,12558.0,1312.0,536.0,1421,92327,2022-10-11,298421,False,desktop,neutral,#lifestyle #love #tech,0.156032363,3,14406.0,2022,10,October,Tuesday,48928.41351888668,26–35
64353,14.0,female,canada,670935,text,fashion,18356.0,1792.0,1402.0,3474,82528,2023-07-31,395635,False,desktop,neutral,#fun #fashion,0.261123497,2,21550.0,2023,7,July,Monday,48703.150097465885,Under 18
59996,33.0,other,uk,799738,reel,food,17094.0,370.0,1701.0,4411,71989,2022-02-23,281046,False,desktop,neutral,#tech #travel #fun,0.266221228,3,19165.0,2022,2,February,Wednesday,51119.39350912779,26–35
24031,32.0,other,germany,982230,text,music,5085.0,2231.0,804.0,5980,2851,2022-11-16,567891,False,desktop,neutral,#travel #fitness #tech,2.848123465,3,8120.0,2022,11,November,Wednesday,48605.40612244898,26–35
90072,35.0,other,australia,521350,reel,fitness,5646.0,1497.0,1233.0,4373,46479,2023-04-24,666979,False,desktop,neutral,#tech,0.16459046,1,8376.0,2023,4,April,Monday,48346.38336713996,26–35
75982,33.0,other,australia,886260,text,tech,14157.0,1685.0,538.0,541,10463,2023-06-26,544759,False,tablet,neutral,#travel #fitness #tech,1.565516582,3,16380.0,2023,6,June,Monday,48346.38336713996,26–35
46683,36.0,female,india,732338,reel,lifestyle,11159.0,204.0,851.0,7310,19327,2023-12-23,162556,False,mobile,positive,#fashion #travel,0.631965644,2,12214.0,2023,12,December,Saturday,52462.38691588785,36–45
27618,16.0,male,uk,501894,image,tech,11991.0,953.0,177.0,788,74119,2022-08-09,618331,False,mobile,neutral,#reels #lifestyle #fashion,0.177026134,3,13121.0,2022,8,August,Tuesday,51119.39350912779,Under 18
16587,24.0,female,germany,761654,reel,fitness,18978.0,2219.0,1953.0,7577,29192,2023-11-13,577363,False,desktop,negative,#lifestyle,0.793025486,1,23150.0,2023,11,November,Monday,48605.40612244898,18–25
72790,34.0,male,india,371718,text,fashion,17476.0,824.0,555.0,355,49108,2022-12-09,518918,False,tablet,positive,#reels #fitness,0.383949662,2,18855.0,2022,12,December,Friday,52462.38691588785,26–35
41480,32.0,other,canada,135183,text,fitness,2955.0,221.0,1095.0,5643,61722,2022-08-02,377531,False,tablet,neutral,#lifestyle #love,0.069197369,2,4271.0,2022,8,August,Tuesday,48703.150097465885,26–35
30527,30.0,male,india,804107,reel,fashion,15741.0,1191.0,1923.0,3974,29018,2022-11-18,38198,False,tablet,neutral,#reels #foodie #love,0.649769109,3,18855.0,2022,11,November,Friday,52462.38691588785,26–35
33569,13.0,other,japan,428750,reel,lifestyle,16324.0,1079.0,1531.0,1226,64699,2023-08-04,750987,False,mobile,positive,#music #fashion #lifestyle,0.292647491,3,18934.0,2023,8,August,Friday,49616.13559322034,Under 18
21151,42.0,female,uk,249710,video,fitness,12023.0,1598.0,1245.0,249,66285,2022-01-15,564957,False,tablet,positive,#love,0.224273968,1,14866.0,2022,1,January,Saturday,51119.39350912779,36–45
81094,45.0,male,uae,157194,video,tech,9635.0,2662.0,947.0,4198,98964,2023-04-25,551620,False,desktop,positive,#reels #music,0.133826442,2,13244.0,2023,4,April,Tuesday,48928.41351888668,36–45
69174,36.0,female,uae,540769,image,travel,14932.0,1908.0,822.0,5587,47275,2022-05-14,465094,False,tablet,positive,#foodie #fashion,0.373601269,2,17662.0,2022,5,May,Saturday,48928.41351888668,36–45
54739,26.0,other,germany,126082,image,travel,4143.0,166.0,227.0,6178,41829,2023-12-19,690090,False,desktop,positive,#love #foodie #fashion,0.108441512,3,4536.0,2023,12,December,Tuesday,48605.40612244898,26–35
42954,48.0,female,usa,771666,image,lifestyle,7644.0,1542.0,1864.0,3395,32134,2022-01-24,358867,False,mobile,neutral,#travel #music,0.343872534,2,11050.0,2022,1,January,Monday,51263.87225548902,46–55
45303,17.0,other,uae,994803,image,education,2997.0,141.0,1256.0,3969,66139,2023-01-12,339607,False,mobile,positive,#foodie,0.06643584,1,4394.0,2023,1,January,Thursday,48928.41351888668,Under 18
44700,23.0,other,uk,227899,image,education,5208.0,2172.0,1291.0,531,25303,2023-08-20,261977,False,tablet,positive,#reels,0.342686638,1,8671.0,2023,8,August,Sunday,51119.39350912779,18–25
77568,36.0,other,brazil,369951,reel,tech,9946.0,89.0,1933.0,558,15096,2022-05-22,743425,False,mobile,positive,#foodie,0.792792793,1,11968.0,2022,5,May,Sunday,49193.1746031746,36–45
76788,43.0,female,australia,282414,video,travel,19363.0,310.0,253.0,1619,32702,2023-10-14,155556,False,mobile,negative,#love #tech #fashion,0.609320531,3,19926.0,2023,10,October,Saturday,48346.38336713996,36–45
81045,25.0,female,brazil,132143,reel,lifestyle,14387.0,1394.0,674.0,1291,53114,2023-03-15,324399,False,tablet,positive,#reels #fun,0.309805324,2,16455.0,2023,3,March,Wednesday,49193.1746031746,18–25
47842,28.0,male,india,221952,video,fashion,10105.5,2999.0,5.0,3124,28035,2022-11-20,139180,False,mobile,neutral,#foodie #music #tech,0.235741038,3,13109.5,2022,11,November,Sunday,52462.38691588785,26–35
23900,36.0,male,france,420558,video,tech,16805.0,2263.0,46.0,4880,30525,2022-05-02,562786,False,desktop,negative,#music #fitness,0.626175266,2,19114.0,2022,5,May,Monday,51727.67338709677,36–45
90059,25.0,female,japan,845662,text,education,16994.0,1209.0,1430.0,4113,62634,2022-10-27,412910,False,tablet,neutral,#fitness,0.31345595,1,19633.0,2022,10,October,Thursday,49616.13559322034,18–25
11881,36.0,female,france,911147,text,music,8637.0,882.0,882.0,1127,45316,2022-12-07,67698,True,desktop,negative,#fitness,0.229521582,1,10401.0,2022,12,December,Wednesday,51727.67338709677,36–45
43037,38.0,male,uk,817414,video,fashion,9152.0,760.0,579.0,4247,79732,2022-06-28,484860,False,mobile,neutral,#fashion #music #tech,0.131578287,3,10491.0,2022,6,June,Tuesday,51119.39350912779,36–45
11630,14.0,female,france,959366,reel,tech,130.0,2143.0,253.0,3911,35042,2022-07-27,41685,False,tablet,neutral,#music #lifestyle #travel,0.072084927,3,2526.0,2022,7,July,Wednesday,51727.67338709677,Under 18
30789,28.0,other,brazil,112202,video,fashion,2647.0,2757.0,1472.0,5796,3627,2022-06-15,164365,False,desktop,neutral,#fashion #music #fitness,1.895781638,3,6876.0,2022,6,June,Wednesday,49193.1746031746,26–35
98059,50.0,other,usa,652275,image,fashion,12271.0,1359.0,58.0,7159,14093,2022-02-10,524663,False,tablet,negative,#music #tech #fashion,0.971262329,3,13688.0,2022,2,February,Thursday,51263.87225548902,46–55
93494,58.0,other,uk,266812,reel,travel,14709.0,1538.0,1416.0,4968,30324,2023-09-26,376430,False,desktop,neutral,#foodie,0.582475927,1,17663.0,2023,9,September,Tuesday,51119.39350912779,56+
56151,13.0,female,australia,871562,reel,music,14886.0,148.0,1654.0,5533,5523,2023-07-10,40857,True,desktop,positive,#tech #fitness #lifestyle,3.021546261,3,16688.0,2023,7,July,Monday,48346.38336713996,Under 18
58920,61.0,other,germany,176848,video,tech,6673.0,2975.0,1721.0,1107,27213,2022-03-16,343547,False,tablet,positive,#lifestyle #fun #fitness,0.417778268,3,11369.0,2022,3,March,Wednesday,48605.40612244898,56+
77231,23.0,other,uk,579106,image,fitness,10626.0,714.0,559.0,5427,43346,2023-04-25,544975,False,desktop,positive,#travel #fun,0.274512066,2,11899.0,2023,4,April,Tuesday,51119.39350912779,18–25
90357,63.0,male,canada,284943,video,travel,3729.0,2930.0,1014.0,5270,59667,2022-12-14,468290,False,tablet,positive,#fun #music,0.128597047,2,7673.0,2022,12,December,Wednesday,48703.150097465885,56+
13262,47.0,male,australia,357476,image,fashion,4431.0,1425.0,1214.0,4644,26933,2022-09-29,709597,False,mobile,negative,#reels #lifestyle,0.262503249,2,7070.0,2022,9,September,Thursday,48346.38336713996,46–55
76981,55.0,other,uk,768987,reel,fashion,1024.0,1717.0,264.0,6522,14407,2022-06-15,368633,True,desktop,positive,#tech #love,0.208579163,2,3005.0,2022,6,June,Wednesday,51119.39350912779,46–55
91972,41.0,other,canada,330721,video,education,7039.0,1354.0,1707.0,6601,16028,2022-03-27,64893,False,desktop,neutral,#foodie,0.630147242,1,10100.0,2022,3,March,Sunday,48703.150097465885,36–45
85485,49.0,other,australia,325366,image,fitness,16921.0,1250.0,1581.0,6496,46368,2023-10-11,459083,True,desktop,positive,#music #love,0.425983437,2,19752.0,2023,10,October,Wednesday,48346.38336713996,46–55
64722,29.0,female,india,675357,text,education,4591.0,1827.0,1166.0,1687,61024,2023-07-05,526548,False,desktop,positive,#lifestyle,0.124278972,1,7584.0,2023,7,July,Wednesday,52462.38691588785,26–35
99499,51.0,male,uae,140409,reel,fitness,19467.0,2405.0,245.0,5987,89743,2023-08-22,355551,False,mobile,neutral,#foodie #travel #fun,0.246448191,3,22117.0,2023,8,August,Tuesday,48928.41351888668,46–55
60818,54.0,male,japan,358329,reel,fashion,507.0,2635.0,1239.0,4471,81914,2022-06-04,336822,False,tablet,positive,#tech,0.053482921,1,4381.0,2022,6,June,Saturday,49616.13559322034,46–55
39932,40.0,male,uae,456166,text,fitness,3924.0,2363.0,436.0,4303,26671,2023-11-03,302430,False,tablet,positive,#tech #fitness,0.252071538,2,6723.0,2023,11,November,Friday,48928.41351888668,36–45
16901,41.0,other,brazil,573851,image,music,8872.0,2932.0,687.0,5681,74461,2023-07-30,307580,False,tablet,neutral,#tech #fun,0.167752246,2,12491.0,2023,7,July,Sunday,49193.1746031746,36–45
18597,55.0,female,germany,211689,reel,food,18996.0,1532.0,1863.0,7899,55354,2022-08-11,216411,False,mobile,negative,#lifestyle #fitness,0.404505546,2,22391.0,2022,8,August,Thursday,48605.40612244898,46–55
73909,15.0,male,uae,206948,image,education,19531.0,1501.0,475.0,4555,24472,2023-02-21,429967,False,mobile,negative,#fashion,0.878841125,1,21507.0,2023,2,February,Tuesday,48928.41351888668,Under 18
82391,64.0,male,uk,816846,text,education,2193.0,1451.0,1407.0,3475,49752,2022-12-28,322025,False,tablet,positive,#fitness,0.101523557,1,5051.0,2022,12,December,Wednesday,51119.39350912779,56+
94214,22.0,female,india,625899,video,travel,15762.0,449.0,937.0,7726,47515,2022-12-12,444953,False,tablet,positive,#tech #fun,0.360896559,2,17148.0,2022,12,December,Monday,52462.38691588785,18–25
18263,54.0,other,france,655945,reel,music,18930.0,1835.0,877.0,2577,1663,2022-05-26,239031,False,mobile,negative,#lifestyle,13.01383043,1,21642.0,2022,5,May,Thursday,51727.67338709677,46–55
73293,26.0,other,brazil,642750,reel,tech,4655.0,2892.0,656.0,2532,20559,2023-12-17,648261,False,mobile,negative,#tech #fitness #reels,0.398998006,3,8203.0,2023,12,December,Sunday,49193.1746031746,26–35
35805,24.0,male,uae,872112,image,education,17606.0,89.0,546.0,4217,50426,2022-03-08,193797,True,desktop,positive,#love,0.361737992,1,18241.0,2022,3,March,Tuesday,48928.41351888668,18–25
21874,59.0,male,usa,189299,reel,fitness,5019.0,2588.0,414.0,6937,91810,2023-06-01,634508,False,tablet,positive,#travel #foodie,0.087365211,2,8021.0,2023,6,June,Thursday,51263.87225548902,56+
96402,54.0,female,germany,924979,video,fitness,3574.0,175.0,1155.0,2029,89706,2022-02-28,457481,False,tablet,neutral,#love #music #foodie,0.054667469,3,4904.0,2022,2,February,Monday,48605.40612244898,46–55
24079,42.0,male,france,994186,text,food,6546.0,1443.0,1839.0,1143,84178,2023-08-11,620133,False,tablet,negative,#lifestyle #reels #fitness,0.116752596,3,9828.0,2023,8,August,Friday,51727.67338709677,36–45
59850,44.0,female,japan,860814,reel,tech,19407.0,1755.0,397.0,4346,51236,2022-01-16,49851,False,tablet,neutral,#reels #love #foodie,0.420778359,3,21559.0,2022,1,January,Sunday,49616.13559322034,36–45
82779,44.0,male,uk,444417,text,food,19664.0,2695.0,1530.0,5958,89319,2023-08-10,283338,True,tablet,negative,#lifestyle #reels #tech,0.267457092,3,23889.0,2023,8,August,Thursday,51119.39350912779,36–45
19018,54.0,male,india,613622,image,tech,14677.0,2948.0,1176.0,5418,17003,2023-05-01,85261,False,desktop,neutral,#fashion,1.105746045,1,18801.0,2023,5,May,Monday,52462.38691588785,46–55
59500,44.0,male,australia,441541,video,education,16210.0,2013.0,1837.0,6190,42977,2022-06-25,646147,False,mobile,positive,#travel #fun,0.466761291,2,20060.0,2022,6,June,Saturday,48346.38336713996,36–45
22100,38.0,other,uae,677076,reel,education,16924.0,2734.0,1583.0,7764,34196,2022-11-18,584603,False,desktop,negative,#foodie #reels,0.621154521,2,21241.0,2022,11,November,Friday,48928.41351888668,36–45
67021,63.0,female,usa,273595,text,travel,13487.0,1497.0,167.0,7466,23680,2023-04-06,483550,False,desktop,positive,#lifestyle #tech,0.6796875,2,15151.0,2023,4,April,Thursday,51263.87225548902,56+
29800,13.0,female,germany,785644,video,fitness,16894.0,1289.0,1713.0,4991,89013,2022-05-16,183295,False,tablet,positive,#reels #love #fitness,0.223517913,3,19896.0,2022,5,May,Monday,48605.40612244898,Under 18
73400,54.0,other,japan,712252,text,travel,14830.0,503.0,1798.0,3743,14234,2023-03-04,585760,False,desktop,neutral,#foodie #lifestyle #fashion,1.203526767,3,17131.0,2023,3,March,Saturday,49616.13559322034,46–55
